client_id,phone,observation_month,profession,estimated_income_usd,orange_money_account_age_months,historical_risk_score,paid_months_count,kit_is_suspended,payment_success_rate,failed_payment_count_12m,late_payment_count_12m,missed_payment_count_12m,days_since_last_payment,avg_payment_amount_usd,payment_amount_volatility,income_to_fee_ratio,profession_risk_score,default_next_90d
ACC-2026-0001,0842867825,2025-08,Fonctionnaire,373.74,14,0.12,5,0,1.0,0,0,0,0,29.63,3.59,12.458,0.18,0
ACC-2026-0001,0842867825,2025-09,Fonctionnaire,373.74,15,0.12,6,0,1.0,0,0,0,0,27.73,3.59,12.458,0.18,0
ACC-2026-0001,0842867825,2025-10,Fonctionnaire,373.74,16,0.12,7,0,1.0,0,0,0,0,28.66,3.59,12.458,0.18,0
ACC-2026-0001,0842867825,2025-11,Fonctionnaire,373.74,17,0.12,7,0,0.75,0,0,1,30,31.47,3.59,12.458,0.18,0
ACC-2026-0001,0842867825,2025-12,Fonctionnaire,373.74,18,0.12,8,0,0.8,0,0,1,0,32.19,3.59,12.458,0.18,0
ACC-2026-0001,0842867825,2026-01,Fonctionnaire,373.74,19,0.12,9,0,0.833,0,0,1,0,31.67,3.59,12.458,0.18,0
ACC-2026-0001,0842867825,2026-02,Fonctionnaire,373.74,20,0.12,10,0,0.857,0,0,1,0,30.17,3.59,12.458,0.18,0
ACC-2026-0001,0842867825,2026-03,Fonctionnaire,373.74,21,0.12,11,0,0.875,0,0,1,0,31.58,3.59,12.458,0.18,0
ACC-2026-0001,0842867825,2026-04,Fonctionnaire,373.74,22,0.12,12,0,0.889,0,0,1,0,30.98,3.59,12.458,0.18,0
ACC-2026-0001,0842867825,2026-05,Fonctionnaire,373.74,23,0.12,13,0,0.9,0,0,1,0,27.98,3.59,12.458,0.18,0
ACC-2026-0001,0842867825,2026-06,Fonctionnaire,373.74,24,0.12,14,0,0.909,0,0,1,0,30.65,3.59,12.458,0.18,0
ACC-2026-0001,0842867825,2026-07,Fonctionnaire,373.74,25,0.12,15,0,0.917,0,0,1,0,28.88,3.59,12.458,0.18,0
ACC-2026-0002,0843871230,2025-08,Commercant independant,396.07,32,0.156,3,0,1.0,0,0,0,0,10.22,1.56,39.607,0.36,0
ACC-2026-0002,0843871230,2025-09,Commercant independant,396.07,33,0.156,4,0,1.0,0,0,0,0,10.44,1.56,39.607,0.36,1
ACC-2026-0002,0843871230,2025-10,Commercant independant,396.07,34,0.156,5,0,1.0,0,0,0,0,9.63,1.56,39.607,0.36,0
ACC-2026-0002,0843871230,2025-11,Commercant independant,396.07,35,0.156,6,0,1.0,0,0,0,0,9.7,1.56,39.607,0.36,0
ACC-2026-0002,0843871230,2025-12,Commercant independant,396.07,36,0.156,7,0,1.0,0,0,0,0,9.93,1.56,39.607,0.36,0
ACC-2026-0002,0843871230,2026-01,Commercant independant,396.07,37,0.156,8,0,1.0,0,0,0,0,9.62,1.56,39.607,0.36,0
ACC-2026-0002,0843871230,2026-02,Commercant independant,396.07,38,0.156,9,0,1.0,0,0,0,0,9.55,1.56,39.607,0.36,0
ACC-2026-0002,0843871230,2026-03,Commercant independant,396.07,39,0.156,10,0,1.0,0,0,0,0,9.28,1.56,39.607,0.36,0
ACC-2026-0002,0843871230,2026-04,Commercant independant,396.07,40,0.156,11,0,1.0,0,0,0,0,9.88,1.56,39.607,0.36,0
ACC-2026-0002,0843871230,2026-05,Commercant independant,396.07,41,0.156,12,0,1.0,0,0,0,0,10.05,1.56,39.607,0.36,0
ACC-2026-0002,0843871230,2026-06,Commercant independant,396.07,42,0.156,12,0,0.909,0,0,1,30,10.35,1.56,39.607,0.36,0
ACC-2026-0002,0843871230,2026-07,Commercant independant,396.07,43,0.156,13,0,0.917,0,0,1,0,10.23,1.56,39.607,0.36,0
ACC-2026-0003,0848612220,2025-08,Fonctionnaire,359.55,65,0.082,1,0,1.0,0,0,0,0,9.68,0.82,35.955,0.18,0
ACC-2026-0003,0848612220,2025-09,Fonctionnaire,359.55,66,0.082,2,0,1.0,0,0,0,0,10.42,0.82,35.955,0.18,0
ACC-2026-0003,0848612220,2025-10,Fonctionnaire,359.55,67,0.082,3,0,1.0,0,0,0,0,9.2,0.82,35.955,0.18,1
ACC-2026-0003,0848612220,2025-11,Fonctionnaire,359.55,68,0.082,4,0,1.0,0,0,0,0,10.61,0.82,35.955,0.18,0
ACC-2026-0003,0848612220,2025-12,Fonctionnaire,359.55,69,0.082,5,0,1.0,0,0,0,0,10.6,0.82,35.955,0.18,0
ACC-2026-0003,0848612220,2026-01,Fonctionnaire,359.55,70,0.082,6,0,1.0,0,0,0,0,9.31,0.82,35.955,0.18,0
ACC-2026-0003,0848612220,2026-02,Fonctionnaire,359.55,71,0.082,7,0,1.0,0,0,0,0,9.96,0.82,35.955,0.18,0
ACC-2026-0003,0848612220,2026-03,Fonctionnaire,359.55,72,0.082,8,0,1.0,0,0,0,0,9.88,0.82,35.955,0.18,0
ACC-2026-0003,0848612220,2026-04,Fonctionnaire,359.55,73,0.082,9,0,1.0,0,0,0,0,9.52,0.82,35.955,0.18,0
ACC-2026-0003,0848612220,2026-05,Fonctionnaire,359.55,74,0.082,10,0,1.0,0,0,0,0,9.9,0.82,35.955,0.18,0
ACC-2026-0003,0848612220,2026-06,Fonctionnaire,359.55,75,0.082,11,0,1.0,0,0,0,0,9.74,0.82,35.955,0.18,0
ACC-2026-0003,0848612220,2026-07,Fonctionnaire,359.55,76,0.082,12,0,1.0,0,0,0,0,9.31,0.82,35.955,0.18,0
ACC-2026-0004,0841527021,2025-08,Vendeur de rue,135.31,10,0.437,4,0,1.0,0,1,0,0,23.53,15.0,5.412,0.62,0
ACC-2026-0004,0841527021,2025-09,Vendeur de rue,135.31,11,0.437,5,0,1.0,0,1,0,0,26.14,15.0,5.412,0.62,1
ACC-2026-0004,0841527021,2025-10,Vendeur de rue,135.31,12,0.437,5,0,0.667,0,1,1,30,24.72,15.0,5.412,0.62,0
ACC-2026-0004,0841527021,2025-11,Vendeur de rue,135.31,13,0.437,6,0,0.75,0,1,1,0,25.69,15.0,5.412,0.62,1
ACC-2026-0004,0841527021,2025-12,Vendeur de rue,135.31,14,0.437,7,0,0.8,0,1,1,0,24.36,15.0,5.412,0.62,1
ACC-2026-0004,0841527021,2026-01,Vendeur de rue,135.31,15,0.437,8,0,0.833,0,2,1,0,24.79,15.0,5.412,0.62,1
ACC-2026-0004,0841527021,2026-02,Vendeur de rue,135.31,16,0.437,8,0,0.714,1,2,1,30,24.77,15.0,5.412,0.62,0
ACC-2026-0004,0841527021,2026-03,Vendeur de rue,135.31,17,0.437,8,0,0.625,1,2,2,60,26.34,15.0,5.412,0.62,0
ACC-2026-0004,0841527021,2026-04,Vendeur de rue,135.31,18,0.437,9,1,0.667,1,2,2,0,24.94,15.0,5.412,0.62,1
ACC-2026-0004,0841527021,2026-05,Vendeur de rue,135.31,19,0.437,9,1,0.6,1,2,3,30,26.94,15.0,5.412,0.62,1
ACC-2026-0004,0841527021,2026-06,Vendeur de rue,135.31,20,0.437,10,1,0.636,1,2,3,0,26.83,15.0,5.412,0.62,1
ACC-2026-0004,0841527021,2026-07,Vendeur de rue,135.31,21,0.437,11,1,0.667,1,2,3,0,24.19,15.0,5.412,0.62,1
ACC-2026-0005,0842022698,2025-08,Agriculteur,415.82,65,0.152,5,0,1.0,0,0,0,0,23.74,3.8,16.633,0.46,0
ACC-2026-0005,0842022698,2025-09,Agriculteur,415.82,66,0.152,6,0,1.0,0,0,0,0,23.48,3.8,16.633,0.46,0
ACC-2026-0005,0842022698,2025-10,Agriculteur,415.82,67,0.152,7,0,1.0,0,0,0,0,25.48,3.8,16.633,0.46,0
ACC-2026-0005,0842022698,2025-11,Agriculteur,415.82,68,0.152,8,0,1.0,0,0,0,0,26.74,3.8,16.633,0.46,0
ACC-2026-0005,0842022698,2025-12,Agriculteur,415.82,69,0.152,9,0,1.0,0,0,0,0,24.58,3.8,16.633,0.46,0
ACC-2026-0005,0842022698,2026-01,Agriculteur,415.82,70,0.152,10,0,1.0,0,0,0,0,26.01,3.8,16.633,0.46,0
ACC-2026-0005,0842022698,2026-02,Agriculteur,415.82,71,0.152,11,0,1.0,0,0,0,0,26.98,3.8,16.633,0.46,0
ACC-2026-0005,0842022698,2026-03,Agriculteur,415.82,72,0.152,12,0,1.0,0,0,0,0,26.73,3.8,16.633,0.46,0
ACC-2026-0005,0842022698,2026-04,Agriculteur,415.82,73,0.152,13,0,1.0,0,0,0,0,23.63,3.8,16.633,0.46,0
ACC-2026-0005,0842022698,2026-05,Agriculteur,415.82,74,0.152,14,0,1.0,0,0,0,0,26.95,3.8,16.633,0.46,1
ACC-2026-0005,0842022698,2026-06,Agriculteur,415.82,75,0.152,15,0,1.0,0,0,0,0,24.2,3.8,16.633,0.46,0
ACC-2026-0005,0842022698,2026-07,Agriculteur,415.82,76,0.152,16,0,1.0,0,0,0,0,23.46,3.8,16.633,0.46,0
ACC-2026-0006,0845569244,2025-08,Infirmier,407.18,27,0.083,3,0,1.0,0,0,0,0,28.81,2.49,13.573,0.24,1
ACC-2026-0006,0845569244,2025-09,Infirmier,407.18,28,0.083,4,0,1.0,0,0,0,0,31.58,2.49,13.573,0.24,0
ACC-2026-0006,0845569244,2025-10,Infirmier,407.18,29,0.083,5,0,1.0,0,0,0,0,32.3,2.49,13.573,0.24,0
ACC-2026-0006,0845569244,2025-11,Infirmier,407.18,30,0.083,6,0,1.0,0,0,0,0,30.29,2.49,13.573,0.24,0
ACC-2026-0006,0845569244,2025-12,Infirmier,407.18,31,0.083,7,0,1.0,0,0,0,0,28.32,2.49,13.573,0.24,0
ACC-2026-0006,0845569244,2026-01,Infirmier,407.18,32,0.083,8,0,1.0,0,0,0,0,29.66,2.49,13.573,0.24,0
ACC-2026-0006,0845569244,2026-02,Infirmier,407.18,33,0.083,9,0,1.0,0,0,0,0,32.27,2.49,13.573,0.24,0
ACC-2026-0006,0845569244,2026-03,Infirmier,407.18,34,0.083,10,0,1.0,0,0,0,0,30.8,2.49,13.573,0.24,0
ACC-2026-0006,0845569244,2026-04,Infirmier,407.18,35,0.083,11,0,1.0,0,0,0,0,32.27,2.49,13.573,0.24,0
ACC-2026-0006,0845569244,2026-05,Infirmier,407.18,36,0.083,12,0,1.0,0,0,0,0,28.38,2.49,13.573,0.24,0
ACC-2026-0006,0845569244,2026-06,Infirmier,407.18,37,0.083,13,0,1.0,0,0,0,0,28.46,2.49,13.573,0.24,0
ACC-2026-0006,0845569244,2026-07,Infirmier,407.18,38,0.083,14,0,1.0,0,0,0,0,30.82,2.49,13.573,0.24,0
ACC-2026-0007,0843670896,2025-08,Agriculteur,444.55,61,0.159,4,0,1.0,0,0,0,0,10.51,1.59,44.455,0.46,0
ACC-2026-0007,0843670896,2025-09,Agriculteur,444.55,62,0.159,5,0,1.0,0,0,0,0,9.84,1.59,44.455,0.46,0
ACC-2026-0007,0843670896,2025-10,Agriculteur,444.55,63,0.159,6,0,1.0,0,0,0,0,9.76,1.59,44.455,0.46,0
ACC-2026-0007,0843670896,2025-11,Agriculteur,444.55,64,0.159,7,0,1.0,0,0,0,0,9.73,1.59,44.455,0.46,0
ACC-2026-0007,0843670896,2025-12,Agriculteur,444.55,65,0.159,8,0,1.0,0,0,0,0,10.13,1.59,44.455,0.46,1
ACC-2026-0007,0843670896,2026-01,Agriculteur,444.55,66,0.159,9,0,1.0,0,0,0,0,9.75,1.59,44.455,0.46,0
ACC-2026-0007,0843670896,2026-02,Agriculteur,444.55,67,0.159,10,0,1.0,0,0,0,0,9.39,1.59,44.455,0.46,0
ACC-2026-0007,0843670896,2026-03,Agriculteur,444.55,68,0.159,11,0,1.0,0,1,0,0,9.9,1.59,44.455,0.46,0
ACC-2026-0007,0843670896,2026-04,Agriculteur,444.55,69,0.159,12,0,1.0,0,1,0,0,10.7,1.59,44.455,0.46,0
ACC-2026-0007,0843670896,2026-05,Agriculteur,444.55,70,0.159,13,0,1.0,0,1,0,0,10.72,1.59,44.455,0.46,0
ACC-2026-0007,0843670896,2026-06,Agriculteur,444.55,71,0.159,14,0,1.0,0,1,0,0,9.4,1.59,44.455,0.46,0
ACC-2026-0007,0843670896,2026-07,Agriculteur,444.55,72,0.159,15,0,1.0,0,1,0,0,9.72,1.59,44.455,0.46,0
ACC-2026-0008,0844218542,2025-08,Commercant independant,444.7,49,0.202,2,0,1.0,0,0,0,0,29.04,6.05,14.823,0.36,1
ACC-2026-0008,0844218542,2025-09,Commercant independant,444.7,50,0.202,3,0,1.0,0,0,0,0,29.66,6.05,14.823,0.36,0
ACC-2026-0008,0844218542,2025-10,Commercant independant,444.7,51,0.202,4,0,1.0,0,0,0,0,29.72,6.05,14.823,0.36,0
ACC-2026-0008,0844218542,2025-11,Commercant independant,444.7,52,0.202,5,0,1.0,0,0,0,0,31.42,6.05,14.823,0.36,0
ACC-2026-0008,0844218542,2025-12,Commercant independant,444.7,53,0.202,6,0,1.0,0,0,0,0,30.64,6.05,14.823,0.36,0
ACC-2026-0008,0844218542,2026-01,Commercant independant,444.7,54,0.202,7,0,1.0,0,0,0,0,30.83,6.05,14.823,0.36,0
ACC-2026-0008,0844218542,2026-02,Commercant independant,444.7,55,0.202,7,0,0.857,0,0,1,30,28.78,6.05,14.823,0.36,0
ACC-2026-0008,0844218542,2026-03,Commercant independant,444.7,56,0.202,8,0,0.875,0,1,1,0,29.59,6.05,14.823,0.36,0
ACC-2026-0008,0844218542,2026-04,Commercant independant,444.7,57,0.202,9,0,0.889,0,1,1,0,29.97,6.05,14.823,0.36,0
ACC-2026-0008,0844218542,2026-05,Commercant independant,444.7,58,0.202,9,0,0.8,0,1,2,30,31.2,6.05,14.823,0.36,0
ACC-2026-0008,0844218542,2026-06,Commercant independant,444.7,59,0.202,10,0,0.818,0,1,2,0,28.44,9.65,14.823,0.36,0
ACC-2026-0008,0844218542,2026-07,Commercant independant,444.7,60,0.202,10,1,0.75,0,1,3,30,31.67,9.65,14.823,0.36,0
ACC-2026-0009,0849910914,2025-08,Sans emploi,55.43,57,0.601,5,0,1.0,0,0,0,0,26.63,15.0,2.217,0.78,1
ACC-2026-0009,0849910914,2025-09,Sans emploi,55.43,58,0.601,6,0,1.0,0,0,0,0,24.8,15.0,2.217,0.78,0
ACC-2026-0009,0849910914,2025-10,Sans emploi,55.43,59,0.601,7,0,1.0,0,1,0,0,26.11,15.0,2.217,0.78,1
ACC-2026-0009,0849910914,2025-11,Sans emploi,55.43,60,0.601,8,0,1.0,0,1,0,0,25.85,15.0,2.217,0.78,1
ACC-2026-0009,0849910914,2025-12,Sans emploi,55.43,61,0.601,9,0,1.0,0,1,0,0,23.32,15.0,2.217,0.78,1
ACC-2026-0009,0849910914,2026-01,Sans emploi,55.43,62,0.601,9,0,0.833,0,1,1,30,23.86,15.0,2.217,0.78,1
ACC-2026-0009,0849910914,2026-02,Sans emploi,55.43,63,0.601,10,0,0.857,0,1,1,0,23.25,15.0,2.217,0.78,1
ACC-2026-0009,0849910914,2026-03,Sans emploi,55.43,64,0.601,11,0,0.875,0,1,1,0,26.78,15.0,2.217,0.78,0
ACC-2026-0009,0849910914,2026-04,Sans emploi,55.43,65,0.601,12,0,0.889,0,1,1,0,24.91,15.0,2.217,0.78,1
ACC-2026-0009,0849910914,2026-05,Sans emploi,55.43,66,0.601,13,0,0.9,0,1,1,0,26.57,15.0,2.217,0.78,0
ACC-2026-0009,0849910914,2026-06,Sans emploi,55.43,67,0.601,14,0,0.909,0,1,1,0,26.2,15.0,2.217,0.78,0
ACC-2026-0009,0849910914,2026-07,Sans emploi,55.43,68,0.601,15,0,0.917,0,2,1,0,24.94,15.0,2.217,0.78,0
ACC-2026-0010,0847783308,2025-08,Agriculteur,192.95,60,0.284,4,0,0.0,0,0,1,365,9.83,2.84,19.295,0.46,1
ACC-2026-0010,0847783308,2025-09,Agriculteur,192.95,61,0.284,5,0,0.5,0,0,1,0,9.42,2.84,19.295,0.46,1
ACC-2026-0010,0847783308,2025-10,Agriculteur,192.95,62,0.284,6,0,0.667,0,0,1,0,9.54,2.84,19.295,0.46,0
ACC-2026-0010,0847783308,2025-11,Agriculteur,192.95,63,0.284,7,0,0.75,0,0,1,0,10.4,2.84,19.295,0.46,0
ACC-2026-0010,0847783308,2025-12,Agriculteur,192.95,64,0.284,8,0,0.8,0,1,1,0,9.23,2.84,19.295,0.46,0
ACC-2026-0010,0847783308,2026-01,Agriculteur,192.95,65,0.284,9,0,0.833,0,1,1,0,10.24,2.84,19.295,0.46,0
ACC-2026-0010,0847783308,2026-02,Agriculteur,192.95,66,0.284,10,0,0.857,0,1,1,0,10.72,2.84,19.295,0.46,1
ACC-2026-0010,0847783308,2026-03,Agriculteur,192.95,67,0.284,11,0,0.875,0,1,1,0,9.4,2.84,19.295,0.46,0
ACC-2026-0010,0847783308,2026-04,Agriculteur,192.95,68,0.284,12,0,0.889,0,1,1,0,10.32,2.84,19.295,0.46,0
ACC-2026-0010,0847783308,2026-05,Agriculteur,192.95,69,0.284,13,0,0.9,0,1,1,0,10.4,2.84,19.295,0.46,0
ACC-2026-0010,0847783308,2026-06,Agriculteur,192.95,70,0.284,14,0,0.909,0,1,1,0,9.37,2.84,19.295,0.46,0
ACC-2026-0010,0847783308,2026-07,Agriculteur,192.95,71,0.284,15,0,0.917,0,1,1,0,10.73,2.84,19.295,0.46,0
ACC-2026-0011,0842275009,2025-08,Chauffeur,351.54,39,0.205,1,0,1.0,0,0,0,0,30.32,6.15,11.718,0.42,0
ACC-2026-0011,0842275009,2025-09,Chauffeur,351.54,40,0.205,2,0,1.0,0,0,0,0,27.93,6.15,11.718,0.42,1
ACC-2026-0011,0842275009,2025-10,Chauffeur,351.54,41,0.205,3,0,1.0,0,0,0,0,29.95,6.15,11.718,0.42,0
ACC-2026-0011,0842275009,2025-11,Chauffeur,351.54,42,0.205,4,0,1.0,0,0,0,0,29.81,6.15,11.718,0.42,0
ACC-2026-0011,0842275009,2025-12,Chauffeur,351.54,43,0.205,5,0,1.0,0,0,0,0,30.72,6.15,11.718,0.42,0
ACC-2026-0011,0842275009,2026-01,Chauffeur,351.54,44,0.205,6,0,1.0,0,0,0,0,29.83,6.15,11.718,0.42,0
ACC-2026-0011,0842275009,2026-02,Chauffeur,351.54,45,0.205,7,0,1.0,0,0,0,0,28.78,6.15,11.718,0.42,0
ACC-2026-0011,0842275009,2026-03,Chauffeur,351.54,46,0.205,8,0,1.0,0,0,0,0,31.2,6.15,11.718,0.42,0
ACC-2026-0011,0842275009,2026-04,Chauffeur,351.54,47,0.205,9,0,1.0,0,0,0,0,29.97,6.15,11.718,0.42,0
ACC-2026-0011,0842275009,2026-05,Chauffeur,351.54,48,0.205,10,0,1.0,0,0,0,0,28.84,6.15,11.718,0.42,0
ACC-2026-0011,0842275009,2026-06,Chauffeur,351.54,49,0.205,11,0,1.0,0,0,0,0,30.27,6.15,11.718,0.42,0
ACC-2026-0011,0842275009,2026-07,Chauffeur,351.54,50,0.205,12,0,1.0,0,0,0,0,29.55,6.15,11.718,0.42,0
ACC-2026-0012,0848987516,2025-08,Chauffeur,265.35,63,0.236,1,0,1.0,0,0,0,0,19.69,4.72,13.268,0.42,0
ACC-2026-0012,0848987516,2025-09,Chauffeur,265.35,64,0.236,2,0,1.0,0,0,0,0,20.17,4.72,13.268,0.42,0
ACC-2026-0012,0848987516,2025-10,Chauffeur,265.35,65,0.236,3,0,1.0,0,0,0,0,19.53,4.72,13.268,0.42,0
ACC-2026-0012,0848987516,2025-11,Chauffeur,265.35,66,0.236,4,0,1.0,0,0,0,0,20.71,4.72,13.268,0.42,0
ACC-2026-0012,0848987516,2025-12,Chauffeur,265.35,67,0.236,5,0,1.0,0,0,0,0,20.61,4.72,13.268,0.42,0
ACC-2026-0012,0848987516,2026-01,Chauffeur,265.35,68,0.236,6,0,1.0,0,0,0,0,20.29,4.72,13.268,0.42,0
ACC-2026-0012,0848987516,2026-02,Chauffeur,265.35,69,0.236,7,0,1.0,0,0,0,0,21.06,4.72,13.268,0.42,0
ACC-2026-0012,0848987516,2026-03,Chauffeur,265.35,70,0.236,8,0,1.0,0,0,0,0,20.67,4.72,13.268,0.42,1
ACC-2026-0012,0848987516,2026-04,Chauffeur,265.35,71,0.236,9,0,1.0,0,1,0,0,19.33,4.72,13.268,0.42,0
ACC-2026-0012,0848987516,2026-05,Chauffeur,265.35,72,0.236,10,0,1.0,0,1,0,0,18.73,4.72,13.268,0.42,0
ACC-2026-0012,0848987516,2026-06,Chauffeur,265.35,73,0.236,11,0,1.0,0,1,0,0,19.49,4.72,13.268,0.42,0
ACC-2026-0012,0848987516,2026-07,Chauffeur,265.35,74,0.236,12,0,1.0,0,1,0,0,18.77,4.72,13.268,0.42,0
ACC-2026-0013,0841899411,2025-08,Enseignant,450.55,11,0.038,4,0,1.0,0,0,0,0,10.47,0.38,45.055,0.22,0
ACC-2026-0013,0841899411,2025-09,Enseignant,450.55,12,0.038,5,0,1.0,0,0,0,0,9.91,0.38,45.055,0.22,0
ACC-2026-0013,0841899411,2025-10,Enseignant,450.55,13,0.038,6,0,1.0,0,0,0,0,10.19,0.38,45.055,0.22,0
ACC-2026-0013,0841899411,2025-11,Enseignant,450.55,14,0.038,7,0,1.0,0,0,0,0,9.53,0.38,45.055,0.22,0
ACC-2026-0013,0841899411,2025-12,Enseignant,450.55,15,0.038,8,0,1.0,0,0,0,0,9.48,0.38,45.055,0.22,1
ACC-2026-0013,0841899411,2026-01,Enseignant,450.55,16,0.038,9,0,1.0,0,0,0,0,10.15,0.38,45.055,0.22,0
ACC-2026-0013,0841899411,2026-02,Enseignant,450.55,17,0.038,10,0,1.0,0,0,0,0,10.32,0.38,45.055,0.22,0
ACC-2026-0013,0841899411,2026-03,Enseignant,450.55,18,0.038,11,0,1.0,0,0,0,0,10.46,0.38,45.055,0.22,0
ACC-2026-0013,0841899411,2026-04,Enseignant,450.55,19,0.038,12,0,1.0,0,0,0,0,9.88,0.38,45.055,0.22,0
ACC-2026-0013,0841899411,2026-05,Enseignant,450.55,20,0.038,13,0,1.0,0,0,0,0,10.52,0.38,45.055,0.22,0
ACC-2026-0013,0841899411,2026-06,Enseignant,450.55,21,0.038,14,0,1.0,0,0,0,0,10.4,0.38,45.055,0.22,0
ACC-2026-0013,0841899411,2026-07,Enseignant,450.55,22,0.038,15,0,1.0,0,0,0,0,10.3,0.38,45.055,0.22,0
ACC-2026-0014,0849396529,2025-08,Commercant independant,144.07,57,0.378,4,0,1.0,0,0,0,0,8.13,3.02,18.009,0.36,0
ACC-2026-0014,0849396529,2025-09,Commercant independant,144.07,58,0.378,5,0,1.0,0,0,0,0,8.46,3.02,18.009,0.36,1
ACC-2026-0014,0849396529,2025-10,Commercant independant,144.07,59,0.378,6,0,1.0,0,0,0,0,8.41,3.02,18.009,0.36,0
ACC-2026-0014,0849396529,2025-11,Commercant independant,144.07,60,0.378,6,0,0.75,1,0,0,30,8.02,3.02,18.009,0.36,0
ACC-2026-0014,0849396529,2025-12,Commercant independant,144.07,61,0.378,7,0,0.8,1,0,0,0,7.92,3.02,18.009,0.36,0
ACC-2026-0014,0849396529,2026-01,Commercant independant,144.07,62,0.378,8,0,0.833,1,0,0,0,7.88,3.02,18.009,0.36,1
ACC-2026-0014,0849396529,2026-02,Commercant independant,144.07,63,0.378,8,0,0.714,2,0,0,30,7.89,3.02,18.009,0.36,0
ACC-2026-0014,0849396529,2026-03,Commercant independant,144.07,64,0.378,9,0,0.75,2,0,0,0,8.33,3.82,18.009,0.36,1
ACC-2026-0014,0849396529,2026-04,Commercant independant,144.07,65,0.378,10,0,0.778,2,0,0,0,7.51,3.82,18.009,0.36,0
ACC-2026-0014,0849396529,2026-05,Commercant independant,144.07,66,0.378,11,0,0.8,2,0,0,0,7.36,3.82,18.009,0.36,0
ACC-2026-0014,0849396529,2026-06,Commercant independant,144.07,67,0.378,11,1,0.727,2,0,1,30,8.16,3.82,18.009,0.36,1
ACC-2026-0014,0849396529,2026-07,Commercant independant,144.07,68,0.378,11,1,0.667,2,0,2,60,7.53,4.78,18.009,0.36,0
ACC-2026-0015,0849132114,2025-08,Enseignant,487.61,31,0.044,5,0,1.0,0,1,0,0,29.56,1.33,16.254,0.22,0
ACC-2026-0015,0849132114,2025-09,Enseignant,487.61,32,0.044,6,0,1.0,0,1,0,0,32.15,1.33,16.254,0.22,0
ACC-2026-0015,0849132114,2025-10,Enseignant,487.61,33,0.044,7,0,1.0,0,1,0,0,29.0,1.33,16.254,0.22,0
ACC-2026-0015,0849132114,2025-11,Enseignant,487.61,34,0.044,8,0,1.0,0,1,0,0,29.87,1.33,16.254,0.22,0
ACC-2026-0015,0849132114,2025-12,Enseignant,487.61,35,0.044,9,0,1.0,0,1,0,0,30.48,1.33,16.254,0.22,0
ACC-2026-0015,0849132114,2026-01,Enseignant,487.61,36,0.044,10,0,1.0,0,1,0,0,31.31,1.33,16.254,0.22,0
ACC-2026-0015,0849132114,2026-02,Enseignant,487.61,37,0.044,11,0,1.0,0,1,0,0,28.88,1.33,16.254,0.22,0
ACC-2026-0015,0849132114,2026-03,Enseignant,487.61,38,0.044,12,0,1.0,0,1,0,0,30.38,1.33,16.254,0.22,0
ACC-2026-0015,0849132114,2026-04,Enseignant,487.61,39,0.044,13,0,1.0,0,1,0,0,29.92,1.33,16.254,0.22,0
ACC-2026-0015,0849132114,2026-05,Enseignant,487.61,40,0.044,14,0,1.0,0,1,0,0,32.08,1.33,16.254,0.22,0
ACC-2026-0015,0849132114,2026-06,Enseignant,487.61,41,0.044,15,0,1.0,0,1,0,0,29.44,1.33,16.254,0.22,0
ACC-2026-0015,0849132114,2026-07,Enseignant,487.61,42,0.044,16,0,1.0,0,1,0,0,29.87,1.33,16.254,0.22,0
ACC-2026-0016,0843551903,2025-08,Commercant independant,316.84,5,0.312,5,0,1.0,0,0,0,0,9.36,3.12,31.684,0.36,1
ACC-2026-0016,0843551903,2025-09,Commercant independant,316.84,6,0.312,6,0,1.0,0,0,0,0,9.22,3.12,31.684,0.36,0
ACC-2026-0016,0843551903,2025-10,Commercant independant,316.84,7,0.312,7,0,1.0,0,0,0,0,9.32,3.12,31.684,0.36,0
ACC-2026-0016,0843551903,2025-11,Commercant independant,316.84,8,0.312,8,0,1.0,0,0,0,0,9.84,3.12,31.684,0.36,0
ACC-2026-0016,0843551903,2025-12,Commercant independant,316.84,9,0.312,9,0,1.0,0,0,0,0,10.05,3.12,31.684,0.36,0
ACC-2026-0016,0843551903,2026-01,Commercant independant,316.84,10,0.312,10,0,1.0,0,0,0,0,9.98,3.12,31.684,0.36,0
ACC-2026-0016,0843551903,2026-02,Commercant independant,316.84,11,0.312,11,0,1.0,0,0,0,0,10.3,3.12,31.684,0.36,0
ACC-2026-0016,0843551903,2026-03,Commercant independant,316.84,12,0.312,12,0,1.0,0,1,0,0,10.77,3.12,31.684,0.36,0
ACC-2026-0016,0843551903,2026-04,Commercant independant,316.84,13,0.312,13,0,1.0,0,2,0,0,9.47,3.12,31.684,0.36,1
ACC-2026-0016,0843551903,2026-05,Commercant independant,316.84,14,0.312,14,0,1.0,0,2,0,0,9.29,3.12,31.684,0.36,0
ACC-2026-0016,0843551903,2026-06,Commercant independant,316.84,15,0.312,15,0,1.0,0,2,0,0,9.86,3.12,31.684,0.36,0
ACC-2026-0016,0843551903,2026-07,Commercant independant,316.84,16,0.312,16,0,1.0,0,2,0,0,10.18,3.12,31.684,0.36,0
ACC-2026-0017,0849349470,2025-08,Vendeur de rue,327.61,33,0.24,1,0,1.0,0,0,0,0,19.89,4.8,16.381,0.62,0
ACC-2026-0017,0849349470,2025-09,Vendeur de rue,327.61,34,0.24,2,0,1.0,0,1,0,0,21.42,4.8,16.381,0.62,0
ACC-2026-0017,0849349470,2025-10,Vendeur de rue,327.61,35,0.24,3,0,1.0,0,1,0,0,20.61,4.8,16.381,0.62,0
ACC-2026-0017,0849349470,2025-11,Vendeur de rue,327.61,36,0.24,4,0,1.0,0,1,0,0,21.13,4.8,16.381,0.62,0
ACC-2026-0017,0849349470,2025-12,Vendeur de rue,327.61,37,0.24,5,0,1.0,0,1,0,0,19.35,4.8,16.381,0.62,1
ACC-2026-0017,0849349470,2026-01,Vendeur de rue,327.61,38,0.24,6,0,1.0,0,1,0,0,19.67,4.8,16.381,0.62,0
ACC-2026-0017,0849349470,2026-02,Vendeur de rue,327.61,39,0.24,7,0,1.0,0,1,0,0,21.52,4.8,16.381,0.62,0
ACC-2026-0017,0849349470,2026-03,Vendeur de rue,327.61,40,0.24,8,0,1.0,0,1,0,0,21.29,4.8,16.381,0.62,0
ACC-2026-0017,0849349470,2026-04,Vendeur de rue,327.61,41,0.24,9,0,1.0,0,1,0,0,19.1,4.8,16.381,0.62,0
ACC-2026-0017,0849349470,2026-05,Vendeur de rue,327.61,42,0.24,10,0,1.0,0,1,0,0,20.86,4.8,16.381,0.62,0
ACC-2026-0017,0849349470,2026-06,Vendeur de rue,327.61,43,0.24,10,0,0.909,1,1,0,30,20.41,4.8,16.381,0.62,0
ACC-2026-0017,0849349470,2026-07,Vendeur de rue,327.61,44,0.24,10,0,0.833,1,1,1,60,19.57,4.8,16.381,0.62,0
ACC-2026-0018,0846481437,2025-08,Agriculteur,384.4,23,0.148,5,0,1.0,0,0,0,0,9.79,1.48,38.44,0.46,0
ACC-2026-0018,0846481437,2025-09,Agriculteur,384.4,24,0.148,6,0,1.0,0,0,0,0,10.66,1.48,38.44,0.46,0
ACC-2026-0018,0846481437,2025-10,Agriculteur,384.4,25,0.148,7,0,1.0,0,0,0,0,10.59,1.48,38.44,0.46,0
ACC-2026-0018,0846481437,2025-11,Agriculteur,384.4,26,0.148,8,0,1.0,0,0,0,0,10.41,1.48,38.44,0.46,0
ACC-2026-0018,0846481437,2025-12,Agriculteur,384.4,27,0.148,9,0,1.0,0,0,0,0,9.84,1.48,38.44,0.46,0
ACC-2026-0018,0846481437,2026-01,Agriculteur,384.4,28,0.148,10,0,1.0,0,0,0,0,9.83,1.48,38.44,0.46,0
ACC-2026-0018,0846481437,2026-02,Agriculteur,384.4,29,0.148,11,0,1.0,0,0,0,0,10.4,1.48,38.44,0.46,0
ACC-2026-0018,0846481437,2026-03,Agriculteur,384.4,30,0.148,12,0,1.0,0,0,0,0,9.79,1.48,38.44,0.46,0
ACC-2026-0018,0846481437,2026-04,Agriculteur,384.4,31,0.148,13,0,1.0,0,0,0,0,10.71,1.48,38.44,0.46,0
ACC-2026-0018,0846481437,2026-05,Agriculteur,384.4,32,0.148,14,0,1.0,0,0,0,0,10.22,1.48,38.44,0.46,0
ACC-2026-0018,0846481437,2026-06,Agriculteur,384.4,33,0.148,15,0,1.0,0,0,0,0,9.39,1.48,38.44,0.46,0
ACC-2026-0018,0846481437,2026-07,Agriculteur,384.4,34,0.148,16,0,1.0,0,0,0,0,9.39,1.48,38.44,0.46,0
ACC-2026-0019,0847520395,2025-08,Commercant independant,269.26,70,0.176,2,0,1.0,0,0,0,0,20.5,3.52,13.463,0.36,0
ACC-2026-0019,0847520395,2025-09,Commercant independant,269.26,71,0.176,3,0,1.0,0,0,0,0,19.3,3.52,13.463,0.36,0
ACC-2026-0019,0847520395,2025-10,Commercant independant,269.26,72,0.176,4,0,1.0,0,0,0,0,19.16,3.52,13.463,0.36,0
ACC-2026-0019,0847520395,2025-11,Commercant independant,269.26,73,0.176,5,0,1.0,0,0,0,0,21.29,3.52,13.463,0.36,1
ACC-2026-0019,0847520395,2025-12,Commercant independant,269.26,74,0.176,6,0,1.0,0,0,0,0,21.5,3.52,13.463,0.36,0
ACC-2026-0019,0847520395,2026-01,Commercant independant,269.26,75,0.176,7,0,1.0,0,0,0,0,19.08,3.52,13.463,0.36,0
ACC-2026-0019,0847520395,2026-02,Commercant independant,269.26,76,0.176,8,0,1.0,0,1,0,0,19.47,3.52,13.463,0.36,0
ACC-2026-0019,0847520395,2026-03,Commercant independant,269.26,77,0.176,9,0,1.0,0,1,0,0,21.06,3.52,13.463,0.36,0
ACC-2026-0019,0847520395,2026-04,Commercant independant,269.26,78,0.176,10,0,1.0,0,1,0,0,19.15,3.52,13.463,0.36,0
ACC-2026-0019,0847520395,2026-05,Commercant independant,269.26,79,0.176,11,0,1.0,0,1,0,0,19.29,3.52,13.463,0.36,0
ACC-2026-0019,0847520395,2026-06,Commercant independant,269.26,80,0.176,12,0,1.0,0,1,0,0,20.96,3.52,13.463,0.36,0
ACC-2026-0019,0847520395,2026-07,Commercant independant,269.26,81,0.176,13,0,1.0,0,1,0,0,19.55,3.52,13.463,0.36,0
ACC-2026-0020,0841264762,2025-08,Enseignant,249.78,7,0.138,5,0,1.0,0,0,0,0,9.3,1.38,24.978,0.22,0
ACC-2026-0020,0841264762,2025-09,Enseignant,249.78,8,0.138,6,0,1.0,0,0,0,0,9.92,1.38,24.978,0.22,0
ACC-2026-0020,0841264762,2025-10,Enseignant,249.78,9,0.138,7,0,1.0,0,0,0,0,10.65,1.38,24.978,0.22,0
ACC-2026-0020,0841264762,2025-11,Enseignant,249.78,10,0.138,8,0,1.0,0,0,0,0,9.25,1.38,24.978,0.22,0
ACC-2026-0020,0841264762,2025-12,Enseignant,249.78,11,0.138,9,0,1.0,0,0,0,0,9.37,1.38,24.978,0.22,0
ACC-2026-0020,0841264762,2026-01,Enseignant,249.78,12,0.138,10,0,1.0,0,0,0,0,9.72,1.38,24.978,0.22,0
ACC-2026-0020,0841264762,2026-02,Enseignant,249.78,13,0.138,11,0,1.0,0,0,0,0,10.14,1.38,24.978,0.22,0
ACC-2026-0020,0841264762,2026-03,Enseignant,249.78,14,0.138,12,0,1.0,0,0,0,0,9.67,1.38,24.978,0.22,0
ACC-2026-0020,0841264762,2026-04,Enseignant,249.78,15,0.138,13,0,1.0,0,0,0,0,9.38,1.38,24.978,0.22,0
ACC-2026-0020,0841264762,2026-05,Enseignant,249.78,16,0.138,14,0,1.0,0,0,0,0,10.58,1.38,24.978,0.22,0
ACC-2026-0020,0841264762,2026-06,Enseignant,249.78,17,0.138,15,0,1.0,0,0,0,0,10.52,1.38,24.978,0.22,0
ACC-2026-0020,0841264762,2026-07,Enseignant,249.78,18,0.138,16,0,1.0,0,0,0,0,9.7,1.38,24.978,0.22,0
ACC-2026-0021,0848956894,2025-08,Fonctionnaire,401.68,13,0.119,2,0,1.0,0,0,0,0,30.42,3.58,13.389,0.18,0
ACC-2026-0021,0848956894,2025-09,Fonctionnaire,401.68,14,0.119,3,0,1.0,0,0,0,0,29.3,3.58,13.389,0.18,0
ACC-2026-0021,0848956894,2025-10,Fonctionnaire,401.68,15,0.119,4,0,1.0,0,0,0,0,31.06,3.58,13.389,0.18,0
ACC-2026-0021,0848956894,2025-11,Fonctionnaire,401.68,16,0.119,5,0,1.0,0,0,0,0,30.37,3.58,13.389,0.18,0
ACC-2026-0021,0848956894,2025-12,Fonctionnaire,401.68,17,0.119,6,0,1.0,0,0,0,0,28.12,3.58,13.389,0.18,0
ACC-2026-0021,0848956894,2026-01,Fonctionnaire,401.68,18,0.119,7,0,1.0,0,0,0,0,30.36,3.58,13.389,0.18,0
ACC-2026-0021,0848956894,2026-02,Fonctionnaire,401.68,19,0.119,8,0,1.0,0,0,0,0,31.53,3.58,13.389,0.18,0
ACC-2026-0021,0848956894,2026-03,Fonctionnaire,401.68,20,0.119,9,0,1.0,0,1,0,0,32.06,3.58,13.389,0.18,0
ACC-2026-0021,0848956894,2026-04,Fonctionnaire,401.68,21,0.119,10,0,1.0,0,1,0,0,30.97,3.58,13.389,0.18,0
ACC-2026-0021,0848956894,2026-05,Fonctionnaire,401.68,22,0.119,10,0,0.9,0,1,1,30,31.78,3.58,13.389,0.18,0
ACC-2026-0021,0848956894,2026-06,Fonctionnaire,401.68,23,0.119,11,0,0.909,0,1,1,0,30.64,3.58,13.389,0.18,0
ACC-2026-0021,0848956894,2026-07,Fonctionnaire,401.68,24,0.119,12,0,0.917,0,1,1,0,29.62,3.58,13.389,0.18,0
ACC-2026-0022,0846442241,2025-08,Agriculteur,277.65,11,0.152,5,0,1.0,0,1,0,0,7.46,1.22,34.706,0.46,0
ACC-2026-0022,0846442241,2025-09,Agriculteur,277.65,12,0.152,6,0,1.0,0,1,0,0,7.89,1.22,34.706,0.46,0
ACC-2026-0022,0846442241,2025-10,Agriculteur,277.65,13,0.152,7,0,1.0,0,1,0,0,7.5,1.22,34.706,0.46,0
ACC-2026-0022,0846442241,2025-11,Agriculteur,277.65,14,0.152,8,0,1.0,0,1,0,0,7.75,1.22,34.706,0.46,0
ACC-2026-0022,0846442241,2025-12,Agriculteur,277.65,15,0.152,9,0,1.0,0,2,0,0,7.62,1.22,34.706,0.46,0
ACC-2026-0022,0846442241,2026-01,Agriculteur,277.65,16,0.152,10,0,1.0,0,2,0,0,7.73,1.22,34.706,0.46,0
ACC-2026-0022,0846442241,2026-02,Agriculteur,277.65,17,0.152,11,0,1.0,0,2,0,0,7.53,1.22,34.706,0.46,0
ACC-2026-0022,0846442241,2026-03,Agriculteur,277.65,18,0.152,12,0,1.0,0,2,0,0,8.22,1.22,34.706,0.46,0
ACC-2026-0022,0846442241,2026-04,Agriculteur,277.65,19,0.152,13,0,1.0,0,2,0,0,7.92,1.22,34.706,0.46,0
ACC-2026-0022,0846442241,2026-05,Agriculteur,277.65,20,0.152,14,0,1.0,0,2,0,0,7.91,1.22,34.706,0.46,0
ACC-2026-0022,0846442241,2026-06,Agriculteur,277.65,21,0.152,15,0,1.0,0,2,0,0,7.88,1.22,34.706,0.46,0
ACC-2026-0022,0846442241,2026-07,Agriculteur,277.65,22,0.152,16,0,1.0,0,2,0,0,7.95,1.22,34.706,0.46,0
ACC-2026-0023,0848326807,2025-08,Vendeur de rue,273.56,68,0.262,3,0,1.0,0,0,0,0,7.64,2.1,34.195,0.62,1
ACC-2026-0023,0848326807,2025-09,Vendeur de rue,273.56,69,0.262,4,0,1.0,0,0,0,0,8.04,2.1,34.195,0.62,0
ACC-2026-0023,0848326807,2025-10,Vendeur de rue,273.56,70,0.262,5,0,1.0,0,0,0,0,8.59,2.1,34.195,0.62,0
ACC-2026-0023,0848326807,2025-11,Vendeur de rue,273.56,71,0.262,6,0,1.0,0,1,0,0,7.69,2.1,34.195,0.62,0
ACC-2026-0023,0848326807,2025-12,Vendeur de rue,273.56,72,0.262,7,0,1.0,0,1,0,0,7.46,2.1,34.195,0.62,0
ACC-2026-0023,0848326807,2026-01,Vendeur de rue,273.56,73,0.262,8,0,1.0,0,1,0,0,8.08,2.1,34.195,0.62,0
ACC-2026-0023,0848326807,2026-02,Vendeur de rue,273.56,74,0.262,9,0,1.0,0,1,0,0,8.18,2.1,34.195,0.62,0
ACC-2026-0023,0848326807,2026-03,Vendeur de rue,273.56,75,0.262,10,0,1.0,0,1,0,0,7.76,2.1,34.195,0.62,0
ACC-2026-0023,0848326807,2026-04,Vendeur de rue,273.56,76,0.262,11,0,1.0,0,1,0,0,8.38,2.1,34.195,0.62,0
ACC-2026-0023,0848326807,2026-05,Vendeur de rue,273.56,77,0.262,12,0,1.0,0,2,0,0,7.95,2.1,34.195,0.62,0
ACC-2026-0023,0848326807,2026-06,Vendeur de rue,273.56,78,0.262,13,0,1.0,0,2,0,0,8.19,2.1,34.195,0.62,1
ACC-2026-0023,0848326807,2026-07,Vendeur de rue,273.56,79,0.262,14,0,1.0,0,2,0,0,7.85,2.1,34.195,0.62,0
ACC-2026-0024,0841688246,2025-08,Commercant independant,449.63,25,0.179,5,0,1.0,0,0,0,0,13.95,2.68,29.975,0.36,0
ACC-2026-0024,0841688246,2025-09,Commercant independant,449.63,26,0.179,6,0,1.0,0,0,0,0,15.51,2.68,29.975,0.36,0
ACC-2026-0024,0841688246,2025-10,Commercant independant,449.63,27,0.179,7,0,1.0,0,0,0,0,14.85,2.68,29.975,0.36,0
ACC-2026-0024,0841688246,2025-11,Commercant independant,449.63,28,0.179,8,0,1.0,0,0,0,0,14.69,2.68,29.975,0.36,0
ACC-2026-0024,0841688246,2025-12,Commercant independant,449.63,29,0.179,9,0,1.0,0,0,0,0,15.23,2.68,29.975,0.36,0
ACC-2026-0024,0841688246,2026-01,Commercant independant,449.63,30,0.179,10,0,1.0,0,1,0,0,14.03,2.68,29.975,0.36,0
ACC-2026-0024,0841688246,2026-02,Commercant independant,449.63,31,0.179,11,0,1.0,0,1,0,0,15.38,2.68,29.975,0.36,0
ACC-2026-0024,0841688246,2026-03,Commercant independant,449.63,32,0.179,12,0,1.0,0,1,0,0,15.2,2.68,29.975,0.36,0
ACC-2026-0024,0841688246,2026-04,Commercant independant,449.63,33,0.179,13,0,1.0,0,1,0,0,15.48,2.68,29.975,0.36,0
ACC-2026-0024,0841688246,2026-05,Commercant independant,449.63,34,0.179,14,0,1.0,0,1,0,0,14.54,2.68,29.975,0.36,0
ACC-2026-0024,0841688246,2026-06,Commercant independant,449.63,35,0.179,15,0,1.0,0,1,0,0,15.41,2.68,29.975,0.36,0
ACC-2026-0024,0841688246,2026-07,Commercant independant,449.63,36,0.179,16,0,1.0,0,1,0,0,15.06,2.68,29.975,0.36,0
ACC-2026-0025,0847070468,2025-08,Fonctionnaire,307.69,44,0.032,2,0,1.0,0,0,0,0,19.35,0.63,15.384,0.18,0
ACC-2026-0025,0847070468,2025-09,Fonctionnaire,307.69,45,0.032,3,0,1.0,0,0,0,0,20.76,0.63,15.384,0.18,0
ACC-2026-0025,0847070468,2025-10,Fonctionnaire,307.69,46,0.032,4,0,1.0,0,0,0,0,20.38,0.63,15.384,0.18,0
ACC-2026-0025,0847070468,2025-11,Fonctionnaire,307.69,47,0.032,5,0,1.0,0,0,0,0,20.62,0.63,15.384,0.18,0
ACC-2026-0025,0847070468,2025-12,Fonctionnaire,307.69,48,0.032,6,0,1.0,0,0,0,0,18.54,0.63,15.384,0.18,0
ACC-2026-0025,0847070468,2026-01,Fonctionnaire,307.69,49,0.032,7,0,1.0,0,0,0,0,20.35,0.63,15.384,0.18,0
ACC-2026-0025,0847070468,2026-02,Fonctionnaire,307.69,50,0.032,8,0,1.0,0,0,0,0,19.17,0.63,15.384,0.18,0
ACC-2026-0025,0847070468,2026-03,Fonctionnaire,307.69,51,0.032,9,0,1.0,0,0,0,0,19.02,0.63,15.384,0.18,0
ACC-2026-0025,0847070468,2026-04,Fonctionnaire,307.69,52,0.032,10,0,1.0,0,0,0,0,20.86,0.63,15.384,0.18,0
ACC-2026-0025,0847070468,2026-05,Fonctionnaire,307.69,53,0.032,11,0,1.0,0,0,0,0,18.92,0.63,15.384,0.18,0
ACC-2026-0025,0847070468,2026-06,Fonctionnaire,307.69,54,0.032,12,0,1.0,0,0,0,0,18.57,0.63,15.384,0.18,0
ACC-2026-0025,0847070468,2026-07,Fonctionnaire,307.69,55,0.032,13,0,1.0,0,0,0,0,20.68,0.63,15.384,0.18,0
ACC-2026-0026,0842407191,2025-08,Agriculteur,505.15,35,0.272,2,0,1.0,0,0,0,0,18.69,5.44,25.258,0.46,0
ACC-2026-0026,0842407191,2025-09,Agriculteur,505.15,36,0.272,3,0,1.0,0,0,0,0,21.38,5.44,25.258,0.46,0
ACC-2026-0026,0842407191,2025-10,Agriculteur,505.15,37,0.272,4,0,1.0,0,0,0,0,19.64,5.44,25.258,0.46,0
ACC-2026-0026,0842407191,2025-11,Agriculteur,505.15,38,0.272,5,0,1.0,0,0,0,0,18.72,5.44,25.258,0.46,0
ACC-2026-0026,0842407191,2025-12,Agriculteur,505.15,39,0.272,6,0,1.0,0,0,0,0,18.52,5.44,25.258,0.46,0
ACC-2026-0026,0842407191,2026-01,Agriculteur,505.15,40,0.272,7,0,1.0,0,0,0,0,20.83,5.44,25.258,0.46,0
ACC-2026-0026,0842407191,2026-02,Agriculteur,505.15,41,0.272,8,0,1.0,0,0,0,0,18.46,5.44,25.258,0.46,0
ACC-2026-0026,0842407191,2026-03,Agriculteur,505.15,42,0.272,9,0,1.0,0,0,0,0,20.35,5.44,25.258,0.46,0
ACC-2026-0026,0842407191,2026-04,Agriculteur,505.15,43,0.272,10,0,1.0,0,0,0,0,18.79,5.44,25.258,0.46,0
ACC-2026-0026,0842407191,2026-05,Agriculteur,505.15,44,0.272,11,0,1.0,0,0,0,0,18.6,5.44,25.258,0.46,0
ACC-2026-0026,0842407191,2026-06,Agriculteur,505.15,45,0.272,12,0,1.0,0,0,0,0,20.42,5.44,25.258,0.46,0
ACC-2026-0026,0842407191,2026-07,Agriculteur,505.15,46,0.272,13,0,1.0,0,0,0,0,18.41,5.44,25.258,0.46,0
ACC-2026-0027,0844142605,2025-08,Chauffeur,518.7,9,0.196,5,0,1.0,0,0,0,0,24.56,4.9,20.748,0.42,0
ACC-2026-0027,0844142605,2025-09,Chauffeur,518.7,10,0.196,6,0,1.0,0,0,0,0,24.01,4.9,20.748,0.42,0
ACC-2026-0027,0844142605,2025-10,Chauffeur,518.7,11,0.196,7,0,1.0,0,0,0,0,25.93,4.9,20.748,0.42,0
ACC-2026-0027,0844142605,2025-11,Chauffeur,518.7,12,0.196,8,0,1.0,0,0,0,0,24.33,4.9,20.748,0.42,0
ACC-2026-0027,0844142605,2025-12,Chauffeur,518.7,13,0.196,9,0,1.0,0,0,0,0,23.7,4.9,20.748,0.42,0
ACC-2026-0027,0844142605,2026-01,Chauffeur,518.7,14,0.196,10,0,1.0,0,0,0,0,25.53,4.9,20.748,0.42,1
ACC-2026-0027,0844142605,2026-02,Chauffeur,518.7,15,0.196,11,0,1.0,0,0,0,0,24.83,4.9,20.748,0.42,1
ACC-2026-0027,0844142605,2026-03,Chauffeur,518.7,16,0.196,12,0,1.0,0,0,0,0,23.17,4.9,20.748,0.42,0
ACC-2026-0027,0844142605,2026-04,Chauffeur,518.7,17,0.196,13,0,1.0,0,0,0,0,25.17,4.9,20.748,0.42,0
ACC-2026-0027,0844142605,2026-05,Chauffeur,518.7,18,0.196,14,0,1.0,0,0,0,0,24.43,4.9,20.748,0.42,0
ACC-2026-0027,0844142605,2026-06,Chauffeur,518.7,19,0.196,15,0,1.0,0,0,0,0,23.5,4.9,20.748,0.42,0
ACC-2026-0027,0844142605,2026-07,Chauffeur,518.7,20,0.196,16,0,1.0,0,0,0,0,26.58,4.9,20.748,0.42,0
ACC-2026-0028,0849324908,2025-08,Agriculteur,428.47,48,0.17,1,0,1.0,0,0,0,0,23.32,4.24,17.139,0.46,0
ACC-2026-0028,0849324908,2025-09,Agriculteur,428.47,49,0.17,2,0,1.0,0,0,0,0,24.28,4.24,17.139,0.46,0
ACC-2026-0028,0849324908,2025-10,Agriculteur,428.47,50,0.17,3,0,1.0,0,0,0,0,25.41,4.24,17.139,0.46,0
ACC-2026-0028,0849324908,2025-11,Agriculteur,428.47,51,0.17,4,0,1.0,0,0,0,0,23.17,4.24,17.139,0.46,0
ACC-2026-0028,0849324908,2025-12,Agriculteur,428.47,52,0.17,5,0,1.0,0,0,0,0,24.1,4.24,17.139,0.46,0
ACC-2026-0028,0849324908,2026-01,Agriculteur,428.47,53,0.17,5,0,0.833,1,0,0,30,25.55,4.24,17.139,0.46,0
ACC-2026-0028,0849324908,2026-02,Agriculteur,428.47,54,0.17,6,0,0.857,1,0,0,0,26.81,4.24,17.139,0.46,0
ACC-2026-0028,0849324908,2026-03,Agriculteur,428.47,55,0.17,7,0,0.875,1,0,0,0,23.14,4.24,17.139,0.46,0
ACC-2026-0028,0849324908,2026-04,Agriculteur,428.47,56,0.17,8,0,0.889,1,0,0,0,24.53,4.24,17.139,0.46,0
ACC-2026-0028,0849324908,2026-05,Agriculteur,428.47,57,0.17,9,0,0.9,1,0,0,0,26.8,4.24,17.139,0.46,0
ACC-2026-0028,0849324908,2026-06,Agriculteur,428.47,58,0.17,10,0,0.909,1,0,0,0,25.12,4.24,17.139,0.46,0
ACC-2026-0028,0849324908,2026-07,Agriculteur,428.47,59,0.17,11,0,0.917,1,0,0,0,23.45,4.24,17.139,0.46,0
ACC-2026-0029,0847492570,2025-08,Vendeur de rue,377.22,58,0.358,3,0,1.0,0,0,0,0,10.8,3.58,37.722,0.62,0
ACC-2026-0029,0847492570,2025-09,Vendeur de rue,377.22,59,0.358,3,0,0.5,0,0,1,30,9.48,3.58,37.722,0.62,0
ACC-2026-0029,0847492570,2025-10,Vendeur de rue,377.22,60,0.358,4,0,0.667,0,0,1,0,10.75,3.58,37.722,0.62,0
ACC-2026-0029,0847492570,2025-11,Vendeur de rue,377.22,61,0.358,5,0,0.75,0,0,1,0,10.08,3.58,37.722,0.62,0
ACC-2026-0029,0847492570,2025-12,Vendeur de rue,377.22,62,0.358,5,0,0.6,1,0,1,30,10.34,3.58,37.722,0.62,1
ACC-2026-0029,0847492570,2026-01,Vendeur de rue,377.22,63,0.358,6,0,0.667,1,0,1,0,9.56,3.58,37.722,0.62,0
ACC-2026-0029,0847492570,2026-02,Vendeur de rue,377.22,64,0.358,7,0,0.714,1,0,1,0,9.99,3.58,37.722,0.62,0
ACC-2026-0029,0847492570,2026-03,Vendeur de rue,377.22,65,0.358,8,0,0.75,1,0,1,0,10.77,3.58,37.722,0.62,0
ACC-2026-0029,0847492570,2026-04,Vendeur de rue,377.22,66,0.358,8,1,0.667,1,0,2,30,10.35,3.58,37.722,0.62,1
ACC-2026-0029,0847492570,2026-05,Vendeur de rue,377.22,67,0.358,9,0,0.7,1,0,2,0,9.4,5.98,37.722,0.62,1
ACC-2026-0029,0847492570,2026-06,Vendeur de rue,377.22,68,0.358,10,1,0.727,1,0,2,0,9.41,4.78,37.722,0.62,0
ACC-2026-0029,0847492570,2026-07,Vendeur de rue,377.22,69,0.358,11,0,0.75,1,0,2,0,9.41,5.98,37.722,0.62,0
ACC-2026-0030,0843083077,2025-08,Commercant independant,435.38,39,0.108,2,0,1.0,0,0,0,0,10.71,1.08,43.538,0.36,0
ACC-2026-0030,0843083077,2025-09,Commercant independant,435.38,40,0.108,3,0,1.0,0,0,0,0,10.22,1.08,43.538,0.36,0
ACC-2026-0030,0843083077,2025-10,Commercant independant,435.38,41,0.108,4,0,1.0,0,0,0,0,10.05,1.08,43.538,0.36,0
ACC-2026-0030,0843083077,2025-11,Commercant independant,435.38,42,0.108,5,0,1.0,0,0,0,0,9.45,1.08,43.538,0.36,0
ACC-2026-0030,0843083077,2025-12,Commercant independant,435.38,43,0.108,6,0,1.0,0,0,0,0,10.55,1.08,43.538,0.36,0
ACC-2026-0030,0843083077,2026-01,Commercant independant,435.38,44,0.108,7,0,1.0,0,1,0,0,9.27,1.08,43.538,0.36,0
ACC-2026-0030,0843083077,2026-02,Commercant independant,435.38,45,0.108,8,0,1.0,0,1,0,0,10.43,1.08,43.538,0.36,0
ACC-2026-0030,0843083077,2026-03,Commercant independant,435.38,46,0.108,9,0,1.0,0,1,0,0,10.2,1.08,43.538,0.36,0
ACC-2026-0030,0843083077,2026-04,Commercant independant,435.38,47,0.108,10,0,1.0,0,1,0,0,10.49,1.08,43.538,0.36,0
ACC-2026-0030,0843083077,2026-05,Commercant independant,435.38,48,0.108,11,0,1.0,0,1,0,0,9.3,1.08,43.538,0.36,0
ACC-2026-0030,0843083077,2026-06,Commercant independant,435.38,49,0.108,12,0,1.0,0,1,0,0,10.17,1.08,43.538,0.36,0
ACC-2026-0030,0843083077,2026-07,Commercant independant,435.38,50,0.108,13,0,1.0,0,1,0,0,10.58,1.08,43.538,0.36,0
ACC-2026-0031,0847216632,2025-08,Commercant independant,386.08,16,0.154,2,0,1.0,0,0,0,0,14.5,2.31,25.739,0.36,0
ACC-2026-0031,0847216632,2025-09,Commercant independant,386.08,17,0.154,3,0,1.0,0,0,0,0,15.88,2.31,25.739,0.36,0
ACC-2026-0031,0847216632,2025-10,Commercant independant,386.08,18,0.154,4,0,1.0,0,0,0,0,14.55,2.31,25.739,0.36,0
ACC-2026-0031,0847216632,2025-11,Commercant independant,386.08,19,0.154,5,0,1.0,0,0,0,0,15.0,2.31,25.739,0.36,1
ACC-2026-0031,0847216632,2025-12,Commercant independant,386.08,20,0.154,6,0,1.0,0,0,0,0,15.01,2.31,25.739,0.36,0
ACC-2026-0031,0847216632,2026-01,Commercant independant,386.08,21,0.154,7,0,1.0,0,0,0,0,13.92,2.31,25.739,0.36,0
ACC-2026-0031,0847216632,2026-02,Commercant independant,386.08,22,0.154,8,0,1.0,0,0,0,0,14.93,2.31,25.739,0.36,0
ACC-2026-0031,0847216632,2026-03,Commercant independant,386.08,23,0.154,9,0,1.0,0,0,0,0,15.92,2.31,25.739,0.36,0
ACC-2026-0031,0847216632,2026-04,Commercant independant,386.08,24,0.154,10,0,1.0,0,0,0,0,14.76,2.31,25.739,0.36,0
ACC-2026-0031,0847216632,2026-05,Commercant independant,386.08,25,0.154,11,0,1.0,0,0,0,0,13.98,2.31,25.739,0.36,0
ACC-2026-0031,0847216632,2026-06,Commercant independant,386.08,26,0.154,12,0,1.0,0,0,0,0,16.17,2.31,25.739,0.36,0
ACC-2026-0031,0847216632,2026-07,Commercant independant,386.08,27,0.154,13,0,1.0,0,0,0,0,14.75,2.31,25.739,0.36,0
ACC-2026-0032,0847133857,2025-08,Agriculteur,349.53,26,0.208,4,0,0.0,0,0,1,365,23.16,5.21,13.981,0.46,0
ACC-2026-0032,0847133857,2025-09,Agriculteur,349.53,27,0.208,5,0,0.5,0,0,1,0,23.6,5.21,13.981,0.46,1
ACC-2026-0032,0847133857,2025-10,Agriculteur,349.53,28,0.208,6,0,0.667,0,0,1,0,24.27,5.21,13.981,0.46,0
ACC-2026-0032,0847133857,2025-11,Agriculteur,349.53,29,0.208,7,0,0.75,0,0,1,0,25.37,5.21,13.981,0.46,0
ACC-2026-0032,0847133857,2025-12,Agriculteur,349.53,30,0.208,8,0,0.8,0,0,1,0,25.25,5.21,13.981,0.46,1
ACC-2026-0032,0847133857,2026-01,Agriculteur,349.53,31,0.208,9,0,0.833,0,0,1,0,23.44,5.21,13.981,0.46,0
ACC-2026-0032,0847133857,2026-02,Agriculteur,349.53,32,0.208,10,0,0.857,0,0,1,0,26.49,5.21,13.981,0.46,0
ACC-2026-0032,0847133857,2026-03,Agriculteur,349.53,33,0.208,11,0,0.875,0,0,1,0,25.62,5.21,13.981,0.46,0
ACC-2026-0032,0847133857,2026-04,Agriculteur,349.53,34,0.208,12,0,0.889,0,0,1,0,23.21,5.21,13.981,0.46,0
ACC-2026-0032,0847133857,2026-05,Agriculteur,349.53,35,0.208,13,0,0.9,0,0,1,0,26.1,5.21,13.981,0.46,0
ACC-2026-0032,0847133857,2026-06,Agriculteur,349.53,36,0.208,14,0,0.909,0,0,1,0,25.29,5.21,13.981,0.46,0
ACC-2026-0032,0847133857,2026-07,Agriculteur,349.53,37,0.208,15,0,0.917,0,0,1,0,24.68,5.21,13.981,0.46,0
ACC-2026-0033,0849419134,2025-08,Agriculteur,461.94,8,0.149,2,0,1.0,0,0,0,0,32.39,4.47,15.398,0.46,0
ACC-2026-0033,0849419134,2025-09,Agriculteur,461.94,9,0.149,3,0,1.0,0,0,0,0,29.81,4.47,15.398,0.46,0
ACC-2026-0033,0849419134,2025-10,Agriculteur,461.94,10,0.149,4,0,1.0,0,0,0,0,31.76,4.47,15.398,0.46,0
ACC-2026-0033,0849419134,2025-11,Agriculteur,461.94,11,0.149,5,0,1.0,0,0,0,0,29.92,4.47,15.398,0.46,0
ACC-2026-0033,0849419134,2025-12,Agriculteur,461.94,12,0.149,6,0,1.0,0,0,0,0,32.12,4.47,15.398,0.46,0
ACC-2026-0033,0849419134,2026-01,Agriculteur,461.94,13,0.149,7,0,1.0,0,0,0,0,30.91,4.47,15.398,0.46,0
ACC-2026-0033,0849419134,2026-02,Agriculteur,461.94,14,0.149,8,0,1.0,0,0,0,0,32.09,4.47,15.398,0.46,0
ACC-2026-0033,0849419134,2026-03,Agriculteur,461.94,15,0.149,9,0,1.0,0,0,0,0,30.21,4.47,15.398,0.46,0
ACC-2026-0033,0849419134,2026-04,Agriculteur,461.94,16,0.149,10,0,1.0,0,0,0,0,31.31,4.47,15.398,0.46,0
ACC-2026-0033,0849419134,2026-05,Agriculteur,461.94,17,0.149,11,0,1.0,0,0,0,0,27.98,4.47,15.398,0.46,0
ACC-2026-0033,0849419134,2026-06,Agriculteur,461.94,18,0.149,12,0,1.0,0,0,0,0,28.63,4.47,15.398,0.46,0
ACC-2026-0033,0849419134,2026-07,Agriculteur,461.94,19,0.149,13,0,1.0,0,0,0,0,28.9,4.47,15.398,0.46,0
ACC-2026-0034,0845014486,2025-08,Infirmier,284.94,68,0.13,1,0,1.0,0,0,0,0,9.73,1.3,28.494,0.24,0
ACC-2026-0034,0845014486,2025-09,Infirmier,284.94,69,0.13,2,0,1.0,0,0,0,0,10.74,1.3,28.494,0.24,0
ACC-2026-0034,0845014486,2025-10,Infirmier,284.94,70,0.13,3,0,1.0,0,0,0,0,10.61,1.3,28.494,0.24,0
ACC-2026-0034,0845014486,2025-11,Infirmier,284.94,71,0.13,4,0,1.0,0,0,0,0,9.66,1.3,28.494,0.24,0
ACC-2026-0034,0845014486,2025-12,Infirmier,284.94,72,0.13,5,0,1.0,0,0,0,0,10.24,1.3,28.494,0.24,0
ACC-2026-0034,0845014486,2026-01,Infirmier,284.94,73,0.13,6,0,1.0,0,0,0,0,9.26,1.3,28.494,0.24,0
ACC-2026-0034,0845014486,2026-02,Infirmier,284.94,74,0.13,7,0,1.0,0,0,0,0,10.69,1.3,28.494,0.24,0
ACC-2026-0034,0845014486,2026-03,Infirmier,284.94,75,0.13,8,0,1.0,0,0,0,0,9.5,1.3,28.494,0.24,0
ACC-2026-0034,0845014486,2026-04,Infirmier,284.94,76,0.13,9,0,1.0,0,0,0,0,9.26,1.3,28.494,0.24,0
ACC-2026-0034,0845014486,2026-05,Infirmier,284.94,77,0.13,10,0,1.0,0,0,0,0,9.74,1.3,28.494,0.24,0
ACC-2026-0034,0845014486,2026-06,Infirmier,284.94,78,0.13,11,0,1.0,0,0,0,0,10.62,1.3,28.494,0.24,0
ACC-2026-0034,0845014486,2026-07,Infirmier,284.94,79,0.13,12,0,1.0,0,0,0,0,10.49,1.3,28.494,0.24,0
ACC-2026-0035,0845316188,2025-08,Agriculteur,387.18,38,0.235,2,0,1.0,0,0,0,0,26.42,5.87,15.487,0.46,0
ACC-2026-0035,0845316188,2025-09,Agriculteur,387.18,39,0.235,3,0,1.0,0,0,0,0,23.35,5.87,15.487,0.46,0
ACC-2026-0035,0845316188,2025-10,Agriculteur,387.18,40,0.235,4,0,1.0,0,0,0,0,24.29,5.87,15.487,0.46,0
ACC-2026-0035,0845316188,2025-11,Agriculteur,387.18,41,0.235,5,0,1.0,0,0,0,0,26.02,5.87,15.487,0.46,0
ACC-2026-0035,0845316188,2025-12,Agriculteur,387.18,42,0.235,6,0,1.0,0,0,0,0,23.05,5.87,15.487,0.46,0
ACC-2026-0035,0845316188,2026-01,Agriculteur,387.18,43,0.235,7,0,1.0,0,1,0,0,23.47,5.87,15.487,0.46,0
ACC-2026-0035,0845316188,2026-02,Agriculteur,387.18,44,0.235,8,0,1.0,0,1,0,0,26.58,5.87,15.487,0.46,0
ACC-2026-0035,0845316188,2026-03,Agriculteur,387.18,45,0.235,9,0,1.0,0,1,0,0,26.66,5.87,15.487,0.46,0
ACC-2026-0035,0845316188,2026-04,Agriculteur,387.18,46,0.235,10,0,1.0,0,1,0,0,23.53,5.87,15.487,0.46,0
ACC-2026-0035,0845316188,2026-05,Agriculteur,387.18,47,0.235,11,0,1.0,0,1,0,0,24.66,5.87,15.487,0.46,0
ACC-2026-0035,0845316188,2026-06,Agriculteur,387.18,48,0.235,12,0,1.0,0,1,0,0,25.66,5.87,15.487,0.46,0
ACC-2026-0035,0845316188,2026-07,Agriculteur,387.18,49,0.235,13,0,1.0,0,1,0,0,26.49,5.87,15.487,0.46,0
ACC-2026-0036,0847069742,2025-08,Fonctionnaire,390.01,15,0.134,5,0,1.0,0,0,0,0,8.05,1.07,48.751,0.18,0
ACC-2026-0036,0847069742,2025-09,Fonctionnaire,390.01,16,0.134,6,0,1.0,0,0,0,0,8.23,1.07,48.751,0.18,0
ACC-2026-0036,0847069742,2025-10,Fonctionnaire,390.01,17,0.134,7,0,1.0,0,0,0,0,7.93,1.07,48.751,0.18,0
ACC-2026-0036,0847069742,2025-11,Fonctionnaire,390.01,18,0.134,8,0,1.0,0,0,0,0,8.08,1.07,48.751,0.18,0
ACC-2026-0036,0847069742,2025-12,Fonctionnaire,390.01,19,0.134,9,0,1.0,0,0,0,0,7.39,1.07,48.751,0.18,1
ACC-2026-0036,0847069742,2026-01,Fonctionnaire,390.01,20,0.134,10,0,1.0,0,0,0,0,7.45,1.07,48.751,0.18,0
ACC-2026-0036,0847069742,2026-02,Fonctionnaire,390.01,21,0.134,11,0,1.0,0,0,0,0,7.44,1.07,48.751,0.18,0
ACC-2026-0036,0847069742,2026-03,Fonctionnaire,390.01,22,0.134,12,0,1.0,0,0,0,0,7.73,1.07,48.751,0.18,0
ACC-2026-0036,0847069742,2026-04,Fonctionnaire,390.01,23,0.134,13,0,1.0,0,0,0,0,8.29,1.07,48.751,0.18,0
ACC-2026-0036,0847069742,2026-05,Fonctionnaire,390.01,24,0.134,14,0,1.0,0,0,0,0,7.93,1.07,48.751,0.18,0
ACC-2026-0036,0847069742,2026-06,Fonctionnaire,390.01,25,0.134,15,0,1.0,0,0,0,0,8.59,1.07,48.751,0.18,0
ACC-2026-0036,0847069742,2026-07,Fonctionnaire,390.01,26,0.134,16,0,1.0,0,0,0,0,7.51,1.07,48.751,0.18,0
ACC-2026-0037,0843136529,2025-08,Agriculteur,311.61,3,0.351,5,0,1.0,0,0,0,0,14.71,5.27,20.774,0.46,0
ACC-2026-0037,0843136529,2025-09,Agriculteur,311.61,4,0.351,5,0,0.5,1,0,0,30,14.25,5.27,20.774,0.46,0
ACC-2026-0037,0843136529,2025-10,Agriculteur,311.61,5,0.351,5,0,0.333,1,0,1,60,15.38,5.27,20.774,0.46,0
ACC-2026-0037,0843136529,2025-11,Agriculteur,311.61,6,0.351,6,0,0.5,1,0,1,0,14.38,5.27,20.774,0.46,0
ACC-2026-0037,0843136529,2025-12,Agriculteur,311.61,7,0.351,7,0,0.6,1,0,1,0,15.41,5.27,20.774,0.46,1
ACC-2026-0037,0843136529,2026-01,Agriculteur,311.61,8,0.351,7,1,0.5,1,0,2,30,15.1,5.27,20.774,0.46,0
ACC-2026-0037,0843136529,2026-02,Agriculteur,311.61,9,0.351,8,0,0.571,1,1,2,0,14.36,8.87,20.774,0.46,0
ACC-2026-0037,0843136529,2026-03,Agriculteur,311.61,10,0.351,9,0,0.625,1,1,2,0,15.76,7.07,20.774,0.46,0
ACC-2026-0037,0843136529,2026-04,Agriculteur,311.61,11,0.351,10,1,0.667,1,1,2,0,14.79,7.07,20.774,0.46,0
ACC-2026-0037,0843136529,2026-05,Agriculteur,311.61,12,0.351,11,0,0.7,1,1,2,0,14.22,8.87,20.774,0.46,0
ACC-2026-0037,0843136529,2026-06,Agriculteur,311.61,13,0.351,11,1,0.636,1,1,3,30,15.34,7.07,20.774,0.46,1
ACC-2026-0037,0843136529,2026-07,Agriculteur,311.61,14,0.351,12,1,0.667,1,1,3,0,14.52,8.87,20.774,0.46,1
ACC-2026-0038,0845042775,2025-08,Vendeur de rue,275.79,39,0.222,4,0,1.0,0,0,0,0,30.3,6.66,9.193,0.62,0
ACC-2026-0038,0845042775,2025-09,Vendeur de rue,275.79,40,0.222,5,0,1.0,0,0,0,0,28.77,6.66,9.193,0.62,0
ACC-2026-0038,0845042775,2025-10,Vendeur de rue,275.79,41,0.222,6,0,1.0,0,0,0,0,31.67,6.66,9.193,0.62,0
ACC-2026-0038,0845042775,2025-11,Vendeur de rue,275.79,42,0.222,7,0,1.0,0,0,0,0,28.89,6.66,9.193,0.62,0
ACC-2026-0038,0845042775,2025-12,Vendeur de rue,275.79,43,0.222,8,0,1.0,0,0,0,0,28.5,6.66,9.193,0.62,0
ACC-2026-0038,0845042775,2026-01,Vendeur de rue,275.79,44,0.222,9,0,1.0,0,0,0,0,29.9,6.66,9.193,0.62,0
ACC-2026-0038,0845042775,2026-02,Vendeur de rue,275.79,45,0.222,10,0,1.0,0,0,0,0,27.67,6.66,9.193,0.62,0
ACC-2026-0038,0845042775,2026-03,Vendeur de rue,275.79,46,0.222,11,0,1.0,0,0,0,0,32.4,6.66,9.193,0.62,0
ACC-2026-0038,0845042775,2026-04,Vendeur de rue,275.79,47,0.222,12,0,1.0,0,0,0,0,28.58,6.66,9.193,0.62,0
ACC-2026-0038,0845042775,2026-05,Vendeur de rue,275.79,48,0.222,13,0,1.0,0,0,0,0,29.43,6.66,9.193,0.62,0
ACC-2026-0038,0845042775,2026-06,Vendeur de rue,275.79,49,0.222,14,0,1.0,0,0,0,0,30.06,6.66,9.193,0.62,0
ACC-2026-0038,0845042775,2026-07,Vendeur de rue,275.79,50,0.222,15,0,1.0,0,0,0,0,29.85,6.66,9.193,0.62,0
ACC-2026-0039,0847219396,2025-08,Infirmier,530.46,19,0.07,5,0,1.0,0,0,0,0,7.89,0.56,66.308,0.24,0
ACC-2026-0039,0847219396,2025-09,Infirmier,530.46,20,0.07,6,0,1.0,0,0,0,0,8.43,0.56,66.308,0.24,0
ACC-2026-0039,0847219396,2025-10,Infirmier,530.46,21,0.07,7,0,1.0,0,0,0,0,7.69,0.56,66.308,0.24,0
ACC-2026-0039,0847219396,2025-11,Infirmier,530.46,22,0.07,8,0,1.0,0,0,0,0,7.99,0.56,66.308,0.24,0
ACC-2026-0039,0847219396,2025-12,Infirmier,530.46,23,0.07,9,0,1.0,0,0,0,0,8.28,0.56,66.308,0.24,0
ACC-2026-0039,0847219396,2026-01,Infirmier,530.46,24,0.07,10,0,1.0,0,0,0,0,8.18,0.56,66.308,0.24,0
ACC-2026-0039,0847219396,2026-02,Infirmier,530.46,25,0.07,11,0,1.0,0,0,0,0,8.57,0.56,66.308,0.24,0
ACC-2026-0039,0847219396,2026-03,Infirmier,530.46,26,0.07,12,0,1.0,0,0,0,0,8.44,0.56,66.308,0.24,0
ACC-2026-0039,0847219396,2026-04,Infirmier,530.46,27,0.07,12,0,0.889,0,0,1,30,8.01,0.56,66.308,0.24,0
ACC-2026-0039,0847219396,2026-05,Infirmier,530.46,28,0.07,13,0,0.9,0,0,1,0,8.15,0.56,66.308,0.24,0
ACC-2026-0039,0847219396,2026-06,Infirmier,530.46,29,0.07,13,0,0.818,0,0,2,30,8.07,0.56,66.308,0.24,0
ACC-2026-0039,0847219396,2026-07,Infirmier,530.46,30,0.07,14,0,0.833,0,0,2,0,8.61,1.52,66.308,0.24,0
ACC-2026-0040,0848223819,2025-08,Vendeur de rue,316.91,23,0.346,4,0,0.0,1,0,0,365,7.61,2.77,39.614,0.62,0
ACC-2026-0040,0848223819,2025-09,Vendeur de rue,316.91,24,0.346,5,0,0.5,1,0,0,0,7.87,2.77,39.614,0.62,0
ACC-2026-0040,0848223819,2025-10,Vendeur de rue,316.91,25,0.346,6,0,0.667,1,0,0,0,8.63,2.77,39.614,0.62,0
ACC-2026-0040,0848223819,2025-11,Vendeur de rue,316.91,26,0.346,7,0,0.75,1,0,0,0,8.2,2.77,39.614,0.62,0
ACC-2026-0040,0848223819,2025-12,Vendeur de rue,316.91,27,0.346,8,0,0.8,1,1,0,0,7.85,2.77,39.614,0.62,1
ACC-2026-0040,0848223819,2026-01,Vendeur de rue,316.91,28,0.346,8,0,0.667,1,1,1,30,7.58,2.77,39.614,0.62,0
ACC-2026-0040,0848223819,2026-02,Vendeur de rue,316.91,29,0.346,9,0,0.714,1,1,1,0,8.08,2.77,39.614,0.62,1
ACC-2026-0040,0848223819,2026-03,Vendeur de rue,316.91,30,0.346,10,0,0.75,1,1,1,0,7.41,2.77,39.614,0.62,0
ACC-2026-0040,0848223819,2026-04,Vendeur de rue,316.91,31,0.346,11,0,0.778,1,1,1,0,7.97,2.77,39.614,0.62,1
ACC-2026-0040,0848223819,2026-05,Vendeur de rue,316.91,32,0.346,12,0,0.8,1,1,1,0,8.51,2.77,39.614,0.62,1
ACC-2026-0040,0848223819,2026-06,Vendeur de rue,316.91,33,0.346,13,0,0.818,1,1,1,0,7.76,2.77,39.614,0.62,0
ACC-2026-0040,0848223819,2026-07,Vendeur de rue,316.91,34,0.346,14,0,0.833,1,1,1,0,8.27,2.77,39.614,0.62,1
ACC-2026-0041,0843725462,2025-08,Chauffeur,169.7,70,0.17,2,0,1.0,0,0,0,0,15.45,2.56,11.313,0.42,0
ACC-2026-0041,0843725462,2025-09,Chauffeur,169.7,71,0.17,3,0,1.0,0,0,0,0,14.03,2.56,11.313,0.42,0
ACC-2026-0041,0843725462,2025-10,Chauffeur,169.7,72,0.17,4,0,1.0,0,0,0,0,15.27,2.56,11.313,0.42,0
ACC-2026-0041,0843725462,2025-11,Chauffeur,169.7,73,0.17,5,0,1.0,0,0,0,0,15.32,2.56,11.313,0.42,0
ACC-2026-0041,0843725462,2025-12,Chauffeur,169.7,74,0.17,6,0,1.0,0,0,0,0,15.13,2.56,11.313,0.42,0
ACC-2026-0041,0843725462,2026-01,Chauffeur,169.7,75,0.17,7,0,1.0,0,0,0,0,14.71,2.56,11.313,0.42,0
ACC-2026-0041,0843725462,2026-02,Chauffeur,169.7,76,0.17,8,0,1.0,0,0,0,0,13.98,2.56,11.313,0.42,0
ACC-2026-0041,0843725462,2026-03,Chauffeur,169.7,77,0.17,9,0,1.0,0,0,0,0,14.17,2.56,11.313,0.42,0
ACC-2026-0041,0843725462,2026-04,Chauffeur,169.7,78,0.17,10,0,1.0,0,0,0,0,16.06,2.56,11.313,0.42,0
ACC-2026-0041,0843725462,2026-05,Chauffeur,169.7,79,0.17,11,0,1.0,0,0,0,0,14.01,2.56,11.313,0.42,0
ACC-2026-0041,0843725462,2026-06,Chauffeur,169.7,80,0.17,12,0,1.0,0,0,0,0,14.05,2.56,11.313,0.42,0
ACC-2026-0041,0843725462,2026-07,Chauffeur,169.7,81,0.17,13,0,1.0,0,0,0,0,15.68,2.56,11.313,0.42,1
ACC-2026-0042,0847942580,2025-08,Commercant independant,269.09,11,0.226,2,0,1.0,0,0,0,0,28.41,6.79,8.97,0.36,0
ACC-2026-0042,0847942580,2025-09,Commercant independant,269.09,12,0.226,3,0,1.0,0,0,0,0,29.97,6.79,8.97,0.36,0
ACC-2026-0042,0847942580,2025-10,Commercant independant,269.09,13,0.226,4,0,1.0,0,0,0,0,29.92,6.79,8.97,0.36,0
ACC-2026-0042,0847942580,2025-11,Commercant independant,269.09,14,0.226,5,0,1.0,0,0,0,0,30.6,6.79,8.97,0.36,0
ACC-2026-0042,0847942580,2025-12,Commercant independant,269.09,15,0.226,5,0,0.8,1,0,0,30,29.06,6.79,8.97,0.36,0
ACC-2026-0042,0847942580,2026-01,Commercant independant,269.09,16,0.226,6,0,0.833,1,0,0,0,31.46,6.79,8.97,0.36,0
ACC-2026-0042,0847942580,2026-02,Commercant independant,269.09,17,0.226,7,0,0.857,1,0,0,0,31.73,6.79,8.97,0.36,0
ACC-2026-0042,0847942580,2026-03,Commercant independant,269.09,18,0.226,8,0,0.875,1,0,0,0,32.15,6.79,8.97,0.36,0
ACC-2026-0042,0847942580,2026-04,Commercant independant,269.09,19,0.226,9,0,0.889,1,0,0,0,32.25,6.79,8.97,0.36,0
ACC-2026-0042,0847942580,2026-05,Commercant independant,269.09,20,0.226,10,0,0.9,1,0,0,0,30.36,6.79,8.97,0.36,0
ACC-2026-0042,0847942580,2026-06,Commercant independant,269.09,21,0.226,11,0,0.909,1,0,0,0,29.49,6.79,8.97,0.36,0
ACC-2026-0042,0847942580,2026-07,Commercant independant,269.09,22,0.226,12,0,0.917,1,0,0,0,30.22,6.79,8.97,0.36,0
ACC-2026-0043,0848744735,2025-08,Vendeur de rue,306.91,9,0.307,2,0,1.0,0,0,0,0,19.17,6.13,15.346,0.62,0
ACC-2026-0043,0848744735,2025-09,Vendeur de rue,306.91,10,0.307,3,0,1.0,0,0,0,0,18.64,6.13,15.346,0.62,0
ACC-2026-0043,0848744735,2025-10,Vendeur de rue,306.91,11,0.307,4,0,1.0,0,0,0,0,20.02,6.13,15.346,0.62,0
ACC-2026-0043,0848744735,2025-11,Vendeur de rue,306.91,12,0.307,5,0,1.0,0,0,0,0,20.93,6.13,15.346,0.62,0
ACC-2026-0043,0848744735,2025-12,Vendeur de rue,306.91,13,0.307,6,0,1.0,0,0,0,0,20.44,6.13,15.346,0.62,0
ACC-2026-0043,0848744735,2026-01,Vendeur de rue,306.91,14,0.307,7,0,1.0,0,0,0,0,19.54,6.13,15.346,0.62,1
ACC-2026-0043,0848744735,2026-02,Vendeur de rue,306.91,15,0.307,8,0,1.0,0,0,0,0,20.57,6.13,15.346,0.62,0
ACC-2026-0043,0848744735,2026-03,Vendeur de rue,306.91,16,0.307,9,0,1.0,0,0,0,0,19.78,6.13,15.346,0.62,0
ACC-2026-0043,0848744735,2026-04,Vendeur de rue,306.91,17,0.307,10,0,1.0,0,0,0,0,20.06,6.13,15.346,0.62,0
ACC-2026-0043,0848744735,2026-05,Vendeur de rue,306.91,18,0.307,11,0,1.0,0,0,0,0,19.65,6.13,15.346,0.62,0
ACC-2026-0043,0848744735,2026-06,Vendeur de rue,306.91,19,0.307,12,0,1.0,0,0,0,0,19.5,6.13,15.346,0.62,0
ACC-2026-0043,0848744735,2026-07,Vendeur de rue,306.91,20,0.307,13,0,1.0,0,0,0,0,21.48,6.13,15.346,0.62,0
ACC-2026-0044,0843376915,2025-08,Commercant independant,483.5,44,0.207,5,0,1.0,0,0,0,0,19.92,4.15,24.175,0.36,0
ACC-2026-0044,0843376915,2025-09,Commercant independant,483.5,45,0.207,6,0,1.0,0,0,0,0,19.36,4.15,24.175,0.36,0
ACC-2026-0044,0843376915,2025-10,Commercant independant,483.5,46,0.207,7,0,1.0,0,0,0,0,20.47,4.15,24.175,0.36,0
ACC-2026-0044,0843376915,2025-11,Commercant independant,483.5,47,0.207,8,0,1.0,0,0,0,0,19.18,4.15,24.175,0.36,0
ACC-2026-0044,0843376915,2025-12,Commercant independant,483.5,48,0.207,9,0,1.0,0,0,0,0,21.47,4.15,24.175,0.36,0
ACC-2026-0044,0843376915,2026-01,Commercant independant,483.5,49,0.207,10,0,1.0,0,0,0,0,20.45,4.15,24.175,0.36,1
ACC-2026-0044,0843376915,2026-02,Commercant independant,483.5,50,0.207,11,0,1.0,0,0,0,0,19.03,4.15,24.175,0.36,0
ACC-2026-0044,0843376915,2026-03,Commercant independant,483.5,51,0.207,12,0,1.0,0,0,0,0,19.06,4.15,24.175,0.36,0
ACC-2026-0044,0843376915,2026-04,Commercant independant,483.5,52,0.207,13,0,1.0,0,1,0,0,18.73,4.15,24.175,0.36,0
ACC-2026-0044,0843376915,2026-05,Commercant independant,483.5,53,0.207,14,0,1.0,0,1,0,0,19.86,4.15,24.175,0.36,0
ACC-2026-0044,0843376915,2026-06,Commercant independant,483.5,54,0.207,15,0,1.0,0,1,0,0,20.45,4.15,24.175,0.36,0
ACC-2026-0044,0843376915,2026-07,Commercant independant,483.5,55,0.207,16,0,1.0,0,1,0,0,19.51,4.15,24.175,0.36,0
ACC-2026-0045,0845990296,2025-08,Vendeur de rue,161.7,41,0.237,1,0,1.0,0,0,0,0,8.25,1.9,20.212,0.62,0
ACC-2026-0045,0845990296,2025-09,Vendeur de rue,161.7,42,0.237,2,0,1.0,0,0,0,0,7.85,1.9,20.212,0.62,0
ACC-2026-0045,0845990296,2025-10,Vendeur de rue,161.7,43,0.237,3,0,1.0,0,0,0,0,8.19,1.9,20.212,0.62,0
ACC-2026-0045,0845990296,2025-11,Vendeur de rue,161.7,44,0.237,4,0,1.0,0,0,0,0,7.54,1.9,20.212,0.62,0
ACC-2026-0045,0845990296,2025-12,Vendeur de rue,161.7,45,0.237,5,0,1.0,0,1,0,0,7.82,1.9,20.212,0.62,0
ACC-2026-0045,0845990296,2026-01,Vendeur de rue,161.7,46,0.237,6,0,1.0,0,1,0,0,8.59,1.9,20.212,0.62,0
ACC-2026-0045,0845990296,2026-02,Vendeur de rue,161.7,47,0.237,7,0,1.0,0,1,0,0,7.89,1.9,20.212,0.62,0
ACC-2026-0045,0845990296,2026-03,Vendeur de rue,161.7,48,0.237,8,0,1.0,0,2,0,0,7.4,1.9,20.212,0.62,0
ACC-2026-0045,0845990296,2026-04,Vendeur de rue,161.7,49,0.237,9,0,1.0,0,2,0,0,8.05,1.9,20.212,0.62,0
ACC-2026-0045,0845990296,2026-05,Vendeur de rue,161.7,50,0.237,10,0,1.0,0,2,0,0,8.34,1.9,20.212,0.62,0
ACC-2026-0045,0845990296,2026-06,Vendeur de rue,161.7,51,0.237,11,0,1.0,0,2,0,0,8.35,1.9,20.212,0.62,0
ACC-2026-0045,0845990296,2026-07,Vendeur de rue,161.7,52,0.237,12,0,1.0,0,2,0,0,7.41,1.9,20.212,0.62,0
ACC-2026-0046,0848132912,2025-08,Fonctionnaire,315.07,32,0.141,1,0,1.0,0,0,0,0,14.64,2.11,21.005,0.18,0
ACC-2026-0046,0848132912,2025-09,Fonctionnaire,315.07,33,0.141,2,0,1.0,0,0,0,0,15.66,2.11,21.005,0.18,0
ACC-2026-0046,0848132912,2025-10,Fonctionnaire,315.07,34,0.141,3,0,1.0,0,0,0,0,14.64,2.11,21.005,0.18,0
ACC-2026-0046,0848132912,2025-11,Fonctionnaire,315.07,35,0.141,4,0,1.0,0,0,0,0,14.13,2.11,21.005,0.18,0
ACC-2026-0046,0848132912,2025-12,Fonctionnaire,315.07,36,0.141,4,0,0.8,1,0,0,30,14.64,2.11,21.005,0.18,0
ACC-2026-0046,0848132912,2026-01,Fonctionnaire,315.07,37,0.141,5,0,0.833,1,0,0,0,15.49,2.11,21.005,0.18,0
ACC-2026-0046,0848132912,2026-02,Fonctionnaire,315.07,38,0.141,6,0,0.857,1,0,0,0,16.17,2.11,21.005,0.18,0
ACC-2026-0046,0848132912,2026-03,Fonctionnaire,315.07,39,0.141,7,0,0.875,1,0,0,0,15.69,2.11,21.005,0.18,0
ACC-2026-0046,0848132912,2026-04,Fonctionnaire,315.07,40,0.141,8,0,0.889,1,0,0,0,14.1,2.11,21.005,0.18,0
ACC-2026-0046,0848132912,2026-05,Fonctionnaire,315.07,41,0.141,9,0,0.9,1,0,0,0,15.79,2.11,21.005,0.18,0
ACC-2026-0046,0848132912,2026-06,Fonctionnaire,315.07,42,0.141,10,0,0.909,1,0,0,0,15.19,2.11,21.005,0.18,0
ACC-2026-0046,0848132912,2026-07,Fonctionnaire,315.07,43,0.141,11,0,0.917,1,0,0,0,15.32,2.11,21.005,0.18,0
ACC-2026-0047,0849650558,2025-08,Agriculteur,251.11,59,0.179,1,0,1.0,0,0,0,0,21.11,3.59,12.556,0.46,0
ACC-2026-0047,0849650558,2025-09,Agriculteur,251.11,60,0.179,2,0,1.0,0,0,0,0,20.63,3.59,12.556,0.46,0
ACC-2026-0047,0849650558,2025-10,Agriculteur,251.11,61,0.179,3,0,1.0,0,0,0,0,21.5,3.59,12.556,0.46,0
ACC-2026-0047,0849650558,2025-11,Agriculteur,251.11,62,0.179,4,0,1.0,0,0,0,0,19.31,3.59,12.556,0.46,0
ACC-2026-0047,0849650558,2025-12,Agriculteur,251.11,63,0.179,5,0,1.0,0,0,0,0,20.92,3.59,12.556,0.46,0
ACC-2026-0047,0849650558,2026-01,Agriculteur,251.11,64,0.179,6,0,1.0,0,1,0,0,20.4,3.59,12.556,0.46,1
ACC-2026-0047,0849650558,2026-02,Agriculteur,251.11,65,0.179,7,0,1.0,0,1,0,0,18.91,3.59,12.556,0.46,0
ACC-2026-0047,0849650558,2026-03,Agriculteur,251.11,66,0.179,8,0,1.0,0,1,0,0,21.59,3.59,12.556,0.46,0
ACC-2026-0047,0849650558,2026-04,Agriculteur,251.11,67,0.179,9,0,1.0,0,1,0,0,21.2,3.59,12.556,0.46,0
ACC-2026-0047,0849650558,2026-05,Agriculteur,251.11,68,0.179,10,0,1.0,0,1,0,0,18.66,3.59,12.556,0.46,0
ACC-2026-0047,0849650558,2026-06,Agriculteur,251.11,69,0.179,11,0,1.0,0,2,0,0,20.4,3.59,12.556,0.46,0
ACC-2026-0047,0849650558,2026-07,Agriculteur,251.11,70,0.179,12,0,1.0,0,2,0,0,18.69,3.59,12.556,0.46,0
ACC-2026-0048,0842307594,2025-08,Enseignant,209.08,29,0.128,0,0,0.0,0,0,1,365,24.37,3.19,8.363,0.22,0
ACC-2026-0048,0842307594,2025-09,Enseignant,209.08,30,0.128,1,0,0.5,0,0,1,0,24.91,3.19,8.363,0.22,1
ACC-2026-0048,0842307594,2025-10,Enseignant,209.08,31,0.128,2,0,0.667,0,0,1,0,23.41,3.19,8.363,0.22,0
ACC-2026-0048,0842307594,2025-11,Enseignant,209.08,32,0.128,3,0,0.75,0,0,1,0,26.25,3.19,8.363,0.22,0
ACC-2026-0048,0842307594,2025-12,Enseignant,209.08,33,0.128,4,0,0.8,0,0,1,0,23.27,3.19,8.363,0.22,0
ACC-2026-0048,0842307594,2026-01,Enseignant,209.08,34,0.128,5,0,0.833,0,0,1,0,24.4,3.19,8.363,0.22,0
ACC-2026-0048,0842307594,2026-02,Enseignant,209.08,35,0.128,6,0,0.857,0,0,1,0,25.46,3.19,8.363,0.22,0
ACC-2026-0048,0842307594,2026-03,Enseignant,209.08,36,0.128,7,0,0.875,0,0,1,0,23.56,3.19,8.363,0.22,0
ACC-2026-0048,0842307594,2026-04,Enseignant,209.08,37,0.128,8,0,0.889,0,0,1,0,24.72,3.19,8.363,0.22,0
ACC-2026-0048,0842307594,2026-05,Enseignant,209.08,38,0.128,9,0,0.9,0,0,1,0,23.99,3.19,8.363,0.22,0
ACC-2026-0048,0842307594,2026-06,Enseignant,209.08,39,0.128,10,0,0.909,0,0,1,0,26.77,3.19,8.363,0.22,0
ACC-2026-0048,0842307594,2026-07,Enseignant,209.08,40,0.128,11,0,0.917,0,0,1,0,23.82,3.19,8.363,0.22,0
ACC-2026-0049,0847572491,2025-08,Infirmier,538.62,31,0.09,2,0,1.0,0,0,0,0,20.3,1.79,26.931,0.24,0
ACC-2026-0049,0847572491,2025-09,Infirmier,538.62,32,0.09,3,0,1.0,0,0,0,0,21.39,1.79,26.931,0.24,0
ACC-2026-0049,0847572491,2025-10,Infirmier,538.62,33,0.09,4,0,1.0,0,0,0,0,19.57,1.79,26.931,0.24,0
ACC-2026-0049,0847572491,2025-11,Infirmier,538.62,34,0.09,5,0,1.0,0,0,0,0,20.87,1.79,26.931,0.24,0
ACC-2026-0049,0847572491,2025-12,Infirmier,538.62,35,0.09,6,0,1.0,0,0,0,0,18.53,1.79,26.931,0.24,0
ACC-2026-0049,0847572491,2026-01,Infirmier,538.62,36,0.09,7,0,1.0,0,0,0,0,20.41,1.79,26.931,0.24,0
ACC-2026-0049,0847572491,2026-02,Infirmier,538.62,37,0.09,8,0,1.0,0,0,0,0,18.66,1.79,26.931,0.24,0
ACC-2026-0049,0847572491,2026-03,Infirmier,538.62,38,0.09,9,0,1.0,0,0,0,0,19.39,1.79,26.931,0.24,0
ACC-2026-0049,0847572491,2026-04,Infirmier,538.62,39,0.09,10,0,1.0,0,0,0,0,20.12,1.79,26.931,0.24,0
ACC-2026-0049,0847572491,2026-05,Infirmier,538.62,40,0.09,11,0,1.0,0,0,0,0,20.58,1.79,26.931,0.24,0
ACC-2026-0049,0847572491,2026-06,Infirmier,538.62,41,0.09,12,0,1.0,0,0,0,0,21.11,1.79,26.931,0.24,0
ACC-2026-0049,0847572491,2026-07,Infirmier,538.62,42,0.09,13,0,1.0,0,0,0,0,19.85,1.79,26.931,0.24,0
ACC-2026-0050,0843946849,2025-08,Fonctionnaire,444.25,18,0.03,4,0,1.0,0,0,0,0,30.11,0.9,14.808,0.18,0
ACC-2026-0050,0843946849,2025-09,Fonctionnaire,444.25,19,0.03,5,0,1.0,0,0,0,0,28.21,0.9,14.808,0.18,0
ACC-2026-0050,0843946849,2025-10,Fonctionnaire,444.25,20,0.03,6,0,1.0,0,0,0,0,31.3,0.9,14.808,0.18,0
ACC-2026-0050,0843946849,2025-11,Fonctionnaire,444.25,21,0.03,7,0,1.0,0,0,0,0,27.91,0.9,14.808,0.18,0
ACC-2026-0050,0843946849,2025-12,Fonctionnaire,444.25,22,0.03,8,0,1.0,0,0,0,0,29.78,0.9,14.808,0.18,0
ACC-2026-0050,0843946849,2026-01,Fonctionnaire,444.25,23,0.03,9,0,1.0,0,0,0,0,29.36,0.9,14.808,0.18,0
ACC-2026-0050,0843946849,2026-02,Fonctionnaire,444.25,24,0.03,10,0,1.0,0,0,0,0,31.07,0.9,14.808,0.18,0
ACC-2026-0050,0843946849,2026-03,Fonctionnaire,444.25,25,0.03,11,0,1.0,0,0,0,0,31.74,0.9,14.808,0.18,0
ACC-2026-0050,0843946849,2026-04,Fonctionnaire,444.25,26,0.03,12,0,1.0,0,0,0,0,28.32,0.9,14.808,0.18,0
ACC-2026-0050,0843946849,2026-05,Fonctionnaire,444.25,27,0.03,13,0,1.0,0,0,0,0,31.99,0.9,14.808,0.18,0
ACC-2026-0050,0843946849,2026-06,Fonctionnaire,444.25,28,0.03,14,0,1.0,0,0,0,0,29.6,0.9,14.808,0.18,0
ACC-2026-0050,0843946849,2026-07,Fonctionnaire,444.25,29,0.03,15,0,1.0,0,0,0,0,29.39,0.9,14.808,0.18,0
ACC-2026-0051,0844008898,2025-08,Enseignant,346.86,52,0.159,3,0,1.0,0,0,0,0,7.76,1.27,43.358,0.22,0
ACC-2026-0051,0844008898,2025-09,Enseignant,346.86,53,0.159,4,0,1.0,0,0,0,0,7.73,1.27,43.358,0.22,0
ACC-2026-0051,0844008898,2025-10,Enseignant,346.86,54,0.159,5,0,1.0,0,0,0,0,7.83,1.27,43.358,0.22,0
ACC-2026-0051,0844008898,2025-11,Enseignant,346.86,55,0.159,6,0,1.0,0,0,0,0,8.3,1.27,43.358,0.22,0
ACC-2026-0051,0844008898,2025-12,Enseignant,346.86,56,0.159,7,0,1.0,0,0,0,0,8.55,1.27,43.358,0.22,0
ACC-2026-0051,0844008898,2026-01,Enseignant,346.86,57,0.159,8,0,1.0,0,0,0,0,8.25,1.27,43.358,0.22,0
ACC-2026-0051,0844008898,2026-02,Enseignant,346.86,58,0.159,9,0,1.0,0,0,0,0,7.84,1.27,43.358,0.22,0
ACC-2026-0051,0844008898,2026-03,Enseignant,346.86,59,0.159,10,0,1.0,0,0,0,0,8.62,1.27,43.358,0.22,0
ACC-2026-0051,0844008898,2026-04,Enseignant,346.86,60,0.159,11,0,1.0,0,0,0,0,7.54,1.27,43.358,0.22,1
ACC-2026-0051,0844008898,2026-05,Enseignant,346.86,61,0.159,12,0,1.0,0,0,0,0,8.44,1.27,43.358,0.22,0
ACC-2026-0051,0844008898,2026-06,Enseignant,346.86,62,0.159,13,0,1.0,0,0,0,0,8.32,1.27,43.358,0.22,0
ACC-2026-0051,0844008898,2026-07,Enseignant,346.86,63,0.159,14,0,1.0,0,0,0,0,7.86,1.27,43.358,0.22,1
ACC-2026-0052,0843192921,2025-08,Enseignant,370.22,34,0.167,4,0,1.0,0,0,0,0,15.56,2.51,24.681,0.22,0
ACC-2026-0052,0843192921,2025-09,Enseignant,370.22,35,0.167,4,0,0.5,1,0,0,30,14.29,2.51,24.681,0.22,0
ACC-2026-0052,0843192921,2025-10,Enseignant,370.22,36,0.167,5,0,0.667,1,0,0,0,14.19,2.51,24.681,0.22,0
ACC-2026-0052,0843192921,2025-11,Enseignant,370.22,37,0.167,6,0,0.75,1,0,0,0,16.12,2.51,24.681,0.22,0
ACC-2026-0052,0843192921,2025-12,Enseignant,370.22,38,0.167,7,0,0.8,1,0,0,0,14.09,2.51,24.681,0.22,0
ACC-2026-0052,0843192921,2026-01,Enseignant,370.22,39,0.167,8,0,0.833,1,0,0,0,15.47,2.51,24.681,0.22,0
ACC-2026-0052,0843192921,2026-02,Enseignant,370.22,40,0.167,9,0,0.857,1,0,0,0,14.02,2.51,24.681,0.22,0
ACC-2026-0052,0843192921,2026-03,Enseignant,370.22,41,0.167,10,0,0.875,1,0,0,0,15.43,2.51,24.681,0.22,0
ACC-2026-0052,0843192921,2026-04,Enseignant,370.22,42,0.167,10,0,0.778,1,0,1,30,14.77,2.51,24.681,0.22,0
ACC-2026-0052,0843192921,2026-05,Enseignant,370.22,43,0.167,11,0,0.8,1,0,1,0,14.91,2.51,24.681,0.22,0
ACC-2026-0052,0843192921,2026-06,Enseignant,370.22,44,0.167,11,0,0.727,1,0,2,30,16.16,2.51,24.681,0.22,0
ACC-2026-0052,0843192921,2026-07,Enseignant,370.22,45,0.167,12,0,0.75,1,0,2,0,15.35,4.31,24.681,0.22,0
ACC-2026-0053,0842258076,2025-08,Fonctionnaire,551.76,57,0.03,3,0,1.0,0,0,0,0,10.71,0.3,55.176,0.18,0
ACC-2026-0053,0842258076,2025-09,Fonctionnaire,551.76,58,0.03,4,0,1.0,0,0,0,0,10.36,0.3,55.176,0.18,0
ACC-2026-0053,0842258076,2025-10,Fonctionnaire,551.76,59,0.03,5,0,1.0,0,0,0,0,9.77,0.3,55.176,0.18,0
ACC-2026-0053,0842258076,2025-11,Fonctionnaire,551.76,60,0.03,6,0,1.0,0,0,0,0,9.44,0.3,55.176,0.18,0
ACC-2026-0053,0842258076,2025-12,Fonctionnaire,551.76,61,0.03,7,0,1.0,0,0,0,0,10.0,0.3,55.176,0.18,0
ACC-2026-0053,0842258076,2026-01,Fonctionnaire,551.76,62,0.03,8,0,1.0,0,0,0,0,9.81,0.3,55.176,0.18,0
ACC-2026-0053,0842258076,2026-02,Fonctionnaire,551.76,63,0.03,9,0,1.0,0,0,0,0,9.6,0.3,55.176,0.18,0
ACC-2026-0053,0842258076,2026-03,Fonctionnaire,551.76,64,0.03,10,0,1.0,0,0,0,0,9.81,0.3,55.176,0.18,0
ACC-2026-0053,0842258076,2026-04,Fonctionnaire,551.76,65,0.03,11,0,1.0,0,0,0,0,9.75,0.3,55.176,0.18,0
ACC-2026-0053,0842258076,2026-05,Fonctionnaire,551.76,66,0.03,12,0,1.0,0,0,0,0,9.24,0.3,55.176,0.18,0
ACC-2026-0053,0842258076,2026-06,Fonctionnaire,551.76,67,0.03,13,0,1.0,0,0,0,0,9.65,0.3,55.176,0.18,0
ACC-2026-0053,0842258076,2026-07,Fonctionnaire,551.76,68,0.03,14,0,1.0,0,0,0,0,10.13,0.3,55.176,0.18,0
ACC-2026-0054,0845158351,2025-08,Chauffeur,393.08,35,0.24,1,0,1.0,0,0,0,0,26.79,5.99,15.723,0.42,0
ACC-2026-0054,0845158351,2025-09,Chauffeur,393.08,36,0.24,2,0,1.0,0,0,0,0,26.74,5.99,15.723,0.42,0
ACC-2026-0054,0845158351,2025-10,Chauffeur,393.08,37,0.24,3,0,1.0,0,0,0,0,24.27,5.99,15.723,0.42,0
ACC-2026-0054,0845158351,2025-11,Chauffeur,393.08,38,0.24,4,0,1.0,0,0,0,0,25.81,5.99,15.723,0.42,0
ACC-2026-0054,0845158351,2025-12,Chauffeur,393.08,39,0.24,5,0,1.0,0,0,0,0,26.79,5.99,15.723,0.42,0
ACC-2026-0054,0845158351,2026-01,Chauffeur,393.08,40,0.24,6,0,1.0,0,0,0,0,25.17,5.99,15.723,0.42,1
ACC-2026-0054,0845158351,2026-02,Chauffeur,393.08,41,0.24,7,0,1.0,0,1,0,0,25.41,5.99,15.723,0.42,0
ACC-2026-0054,0845158351,2026-03,Chauffeur,393.08,42,0.24,8,0,1.0,0,1,0,0,25.46,5.99,15.723,0.42,0
ACC-2026-0054,0845158351,2026-04,Chauffeur,393.08,43,0.24,9,0,1.0,0,1,0,0,26.21,5.99,15.723,0.42,1
ACC-2026-0054,0845158351,2026-05,Chauffeur,393.08,44,0.24,10,0,1.0,0,1,0,0,25.82,5.99,15.723,0.42,0
ACC-2026-0054,0845158351,2026-06,Chauffeur,393.08,45,0.24,11,0,1.0,0,1,0,0,24.46,5.99,15.723,0.42,0
ACC-2026-0054,0845158351,2026-07,Chauffeur,393.08,46,0.24,12,0,1.0,0,1,0,0,25.34,5.99,15.723,0.42,0
ACC-2026-0055,0843642476,2025-08,Agriculteur,198.44,63,0.178,5,0,1.0,0,0,0,0,32.06,10.73,6.615,0.46,1
ACC-2026-0055,0843642476,2025-09,Agriculteur,198.44,64,0.178,6,0,1.0,0,0,0,0,28.44,10.73,6.615,0.46,0
ACC-2026-0055,0843642476,2025-10,Agriculteur,198.44,65,0.178,7,0,1.0,0,1,0,0,31.1,10.73,6.615,0.46,0
ACC-2026-0055,0843642476,2025-11,Agriculteur,198.44,66,0.178,8,0,1.0,0,1,0,0,32.37,10.73,6.615,0.46,1
ACC-2026-0055,0843642476,2025-12,Agriculteur,198.44,67,0.178,9,0,1.0,0,1,0,0,32.02,10.73,6.615,0.46,1
ACC-2026-0055,0843642476,2026-01,Agriculteur,198.44,68,0.178,10,0,1.0,0,1,0,0,32.1,10.73,6.615,0.46,0
ACC-2026-0055,0843642476,2026-02,Agriculteur,198.44,69,0.178,11,0,1.0,0,1,0,0,32.32,10.73,6.615,0.46,0
ACC-2026-0055,0843642476,2026-03,Agriculteur,198.44,70,0.178,12,0,1.0,0,2,0,0,31.0,10.73,6.615,0.46,0
ACC-2026-0055,0843642476,2026-04,Agriculteur,198.44,71,0.178,13,0,1.0,0,2,0,0,28.87,10.73,6.615,0.46,1
ACC-2026-0055,0843642476,2026-05,Agriculteur,198.44,72,0.178,14,0,1.0,0,2,0,0,28.12,10.73,6.615,0.46,0
ACC-2026-0055,0843642476,2026-06,Agriculteur,198.44,73,0.178,15,0,1.0,0,2,0,0,32.25,10.73,6.615,0.46,0
ACC-2026-0055,0843642476,2026-07,Agriculteur,198.44,74,0.178,16,0,1.0,0,2,0,0,30.22,10.73,6.615,0.46,0
ACC-2026-0056,0844784650,2025-08,Enseignant,419.7,10,0.066,3,0,1.0,0,0,0,0,7.49,0.53,52.462,0.22,0
ACC-2026-0056,0844784650,2025-09,Enseignant,419.7,11,0.066,4,0,1.0,0,0,0,0,7.46,0.53,52.462,0.22,0
ACC-2026-0056,0844784650,2025-10,Enseignant,419.7,12,0.066,5,0,1.0,0,0,0,0,8.62,0.53,52.462,0.22,0
ACC-2026-0056,0844784650,2025-11,Enseignant,419.7,13,0.066,6,0,1.0,0,0,0,0,8.2,0.53,52.462,0.22,0
ACC-2026-0056,0844784650,2025-12,Enseignant,419.7,14,0.066,7,0,1.0,0,0,0,0,7.78,0.53,52.462,0.22,0
ACC-2026-0056,0844784650,2026-01,Enseignant,419.7,15,0.066,8,0,1.0,0,0,0,0,8.54,0.53,52.462,0.22,0
ACC-2026-0056,0844784650,2026-02,Enseignant,419.7,16,0.066,9,0,1.0,0,0,0,0,7.48,0.53,52.462,0.22,0
ACC-2026-0056,0844784650,2026-03,Enseignant,419.7,17,0.066,10,0,1.0,0,0,0,0,7.43,0.53,52.462,0.22,0
ACC-2026-0056,0844784650,2026-04,Enseignant,419.7,18,0.066,11,0,1.0,0,0,0,0,8.16,0.53,52.462,0.22,0
ACC-2026-0056,0844784650,2026-05,Enseignant,419.7,19,0.066,12,0,1.0,0,0,0,0,8.18,0.53,52.462,0.22,0
ACC-2026-0056,0844784650,2026-06,Enseignant,419.7,20,0.066,13,0,1.0,0,0,0,0,8.36,0.53,52.462,0.22,0
ACC-2026-0056,0844784650,2026-07,Enseignant,419.7,21,0.066,14,0,1.0,0,0,0,0,8.18,0.53,52.462,0.22,0
ACC-2026-0057,0847399588,2025-08,Commercant independant,273.77,60,0.118,3,0,1.0,0,0,0,0,14.16,1.77,18.251,0.36,0
ACC-2026-0057,0847399588,2025-09,Commercant independant,273.77,61,0.118,4,0,1.0,0,0,0,0,15.74,1.77,18.251,0.36,0
ACC-2026-0057,0847399588,2025-10,Commercant independant,273.77,62,0.118,5,0,1.0,0,0,0,0,13.95,1.77,18.251,0.36,0
ACC-2026-0057,0847399588,2025-11,Commercant independant,273.77,63,0.118,6,0,1.0,0,0,0,0,15.45,1.77,18.251,0.36,0
ACC-2026-0057,0847399588,2025-12,Commercant independant,273.77,64,0.118,7,0,1.0,0,0,0,0,14.52,1.77,18.251,0.36,0
ACC-2026-0057,0847399588,2026-01,Commercant independant,273.77,65,0.118,8,0,1.0,0,1,0,0,15.17,1.77,18.251,0.36,0
ACC-2026-0057,0847399588,2026-02,Commercant independant,273.77,66,0.118,9,0,1.0,0,1,0,0,14.15,1.77,18.251,0.36,0
ACC-2026-0057,0847399588,2026-03,Commercant independant,273.77,67,0.118,10,0,1.0,0,1,0,0,14.2,1.77,18.251,0.36,0
ACC-2026-0057,0847399588,2026-04,Commercant independant,273.77,68,0.118,11,0,1.0,0,2,0,0,13.99,1.77,18.251,0.36,0
ACC-2026-0057,0847399588,2026-05,Commercant independant,273.77,69,0.118,12,0,1.0,0,2,0,0,14.15,1.77,18.251,0.36,0
ACC-2026-0057,0847399588,2026-06,Commercant independant,273.77,70,0.118,13,0,1.0,0,2,0,0,15.74,1.77,18.251,0.36,0
ACC-2026-0057,0847399588,2026-07,Commercant independant,273.77,71,0.118,14,0,1.0,0,2,0,0,15.86,1.77,18.251,0.36,0
ACC-2026-0058,0841207430,2025-08,Agriculteur,332.6,67,0.145,2,0,1.0,0,0,0,0,20.28,2.9,16.63,0.46,0
ACC-2026-0058,0841207430,2025-09,Agriculteur,332.6,68,0.145,3,0,1.0,0,0,0,0,20.2,2.9,16.63,0.46,0
ACC-2026-0058,0841207430,2025-10,Agriculteur,332.6,69,0.145,4,0,1.0,0,0,0,0,19.5,2.9,16.63,0.46,0
ACC-2026-0058,0841207430,2025-11,Agriculteur,332.6,70,0.145,5,0,1.0,0,0,0,0,20.35,2.9,16.63,0.46,0
ACC-2026-0058,0841207430,2025-12,Agriculteur,332.6,71,0.145,6,0,1.0,0,0,0,0,20.35,2.9,16.63,0.46,1
ACC-2026-0058,0841207430,2026-01,Agriculteur,332.6,72,0.145,7,0,1.0,0,0,0,0,19.46,2.9,16.63,0.46,0
ACC-2026-0058,0841207430,2026-02,Agriculteur,332.6,73,0.145,8,0,1.0,0,0,0,0,21.27,2.9,16.63,0.46,0
ACC-2026-0058,0841207430,2026-03,Agriculteur,332.6,74,0.145,9,0,1.0,0,0,0,0,19.3,2.9,16.63,0.46,0
ACC-2026-0058,0841207430,2026-04,Agriculteur,332.6,75,0.145,10,0,1.0,0,0,0,0,21.18,2.9,16.63,0.46,0
ACC-2026-0058,0841207430,2026-05,Agriculteur,332.6,76,0.145,11,0,1.0,0,0,0,0,21.04,2.9,16.63,0.46,0
ACC-2026-0058,0841207430,2026-06,Agriculteur,332.6,77,0.145,12,0,1.0,0,0,0,0,19.0,2.9,16.63,0.46,0
ACC-2026-0058,0841207430,2026-07,Agriculteur,332.6,78,0.145,13,0,1.0,0,0,0,0,20.83,2.9,16.63,0.46,0
ACC-2026-0059,0849644791,2025-08,Agriculteur,432.86,52,0.252,5,0,1.0,0,0,0,0,9.25,2.52,43.286,0.46,0
ACC-2026-0059,0849644791,2025-09,Agriculteur,432.86,53,0.252,6,0,1.0,0,0,0,0,9.6,2.52,43.286,0.46,0
ACC-2026-0059,0849644791,2025-10,Agriculteur,432.86,54,0.252,7,0,1.0,0,0,0,0,9.64,2.52,43.286,0.46,0
ACC-2026-0059,0849644791,2025-11,Agriculteur,432.86,55,0.252,8,0,1.0,0,0,0,0,9.4,2.52,43.286,0.46,0
ACC-2026-0059,0849644791,2025-12,Agriculteur,432.86,56,0.252,9,0,1.0,0,0,0,0,9.48,2.52,43.286,0.46,0
ACC-2026-0059,0849644791,2026-01,Agriculteur,432.86,57,0.252,10,0,1.0,0,0,0,0,9.46,2.52,43.286,0.46,0
ACC-2026-0059,0849644791,2026-02,Agriculteur,432.86,58,0.252,11,0,1.0,0,0,0,0,9.66,2.52,43.286,0.46,0
ACC-2026-0059,0849644791,2026-03,Agriculteur,432.86,59,0.252,12,0,1.0,0,0,0,0,10.74,2.52,43.286,0.46,0
ACC-2026-0059,0849644791,2026-04,Agriculteur,432.86,60,0.252,13,0,1.0,0,0,0,0,9.63,2.52,43.286,0.46,1
ACC-2026-0059,0849644791,2026-05,Agriculteur,432.86,61,0.252,14,0,1.0,0,0,0,0,10.43,2.52,43.286,0.46,0
ACC-2026-0059,0849644791,2026-06,Agriculteur,432.86,62,0.252,15,0,1.0,0,0,0,0,10.16,2.52,43.286,0.46,0
ACC-2026-0059,0849644791,2026-07,Agriculteur,432.86,63,0.252,16,0,1.0,0,0,0,0,9.69,2.52,43.286,0.46,0
ACC-2026-0060,0848110298,2025-08,Vendeur de rue,322.36,45,0.239,4,0,1.0,0,0,0,0,20.07,4.79,16.118,0.62,0
ACC-2026-0060,0848110298,2025-09,Vendeur de rue,322.36,46,0.239,4,0,0.5,0,0,1,30,21.6,4.79,16.118,0.62,0
ACC-2026-0060,0848110298,2025-10,Vendeur de rue,322.36,47,0.239,5,0,0.667,0,0,1,0,20.3,4.79,16.118,0.62,0
ACC-2026-0060,0848110298,2025-11,Vendeur de rue,322.36,48,0.239,6,0,0.75,0,0,1,0,19.48,4.79,16.118,0.62,0
ACC-2026-0060,0848110298,2025-12,Vendeur de rue,322.36,49,0.239,7,0,0.8,0,0,1,0,20.5,4.79,16.118,0.62,0
ACC-2026-0060,0848110298,2026-01,Vendeur de rue,322.36,50,0.239,8,0,0.833,0,0,1,0,20.06,4.79,16.118,0.62,1
ACC-2026-0060,0848110298,2026-02,Vendeur de rue,322.36,51,0.239,9,0,0.857,0,0,1,0,20.99,4.79,16.118,0.62,0
ACC-2026-0060,0848110298,2026-03,Vendeur de rue,322.36,52,0.239,10,0,0.875,0,0,1,0,18.48,4.79,16.118,0.62,0
ACC-2026-0060,0848110298,2026-04,Vendeur de rue,322.36,53,0.239,11,0,0.889,0,0,1,0,19.69,4.79,16.118,0.62,0
ACC-2026-0060,0848110298,2026-05,Vendeur de rue,322.36,54,0.239,12,0,0.9,0,0,1,0,21.01,4.79,16.118,0.62,0
ACC-2026-0060,0848110298,2026-06,Vendeur de rue,322.36,55,0.239,13,0,0.909,0,0,1,0,20.44,4.79,16.118,0.62,0
ACC-2026-0060,0848110298,2026-07,Vendeur de rue,322.36,56,0.239,14,0,0.917,0,0,1,0,19.36,4.79,16.118,0.62,0
ACC-2026-0061,0844038955,2025-08,Infirmier,230.25,72,0.18,3,0,1.0,0,0,0,0,9.56,1.8,23.025,0.24,0
ACC-2026-0061,0844038955,2025-09,Infirmier,230.25,73,0.18,4,0,1.0,0,0,0,0,10.62,1.8,23.025,0.24,0
ACC-2026-0061,0844038955,2025-10,Infirmier,230.25,74,0.18,5,0,1.0,0,0,0,0,9.39,1.8,23.025,0.24,0
ACC-2026-0061,0844038955,2025-11,Infirmier,230.25,75,0.18,6,0,1.0,0,0,0,0,10.19,1.8,23.025,0.24,0
ACC-2026-0061,0844038955,2025-12,Infirmier,230.25,76,0.18,7,0,1.0,0,0,0,0,10.29,1.8,23.025,0.24,0
ACC-2026-0061,0844038955,2026-01,Infirmier,230.25,77,0.18,8,0,1.0,0,0,0,0,9.44,1.8,23.025,0.24,0
ACC-2026-0061,0844038955,2026-02,Infirmier,230.25,78,0.18,9,0,1.0,0,0,0,0,10.63,1.8,23.025,0.24,0
ACC-2026-0061,0844038955,2026-03,Infirmier,230.25,79,0.18,10,0,1.0,0,0,0,0,9.49,1.8,23.025,0.24,0
ACC-2026-0061,0844038955,2026-04,Infirmier,230.25,80,0.18,11,0,1.0,0,0,0,0,9.7,1.8,23.025,0.24,0
ACC-2026-0061,0844038955,2026-05,Infirmier,230.25,81,0.18,12,0,1.0,0,0,0,0,10.44,1.8,23.025,0.24,0
ACC-2026-0061,0844038955,2026-06,Infirmier,230.25,82,0.18,13,0,1.0,0,0,0,0,10.45,1.8,23.025,0.24,0
ACC-2026-0061,0844038955,2026-07,Infirmier,230.25,83,0.18,14,0,1.0,0,0,0,0,9.89,1.8,23.025,0.24,1
ACC-2026-0062,0849955386,2025-08,Enseignant,398.3,48,0.162,5,0,1.0,0,0,0,0,8.23,1.29,49.788,0.22,0
ACC-2026-0062,0849955386,2025-09,Enseignant,398.3,49,0.162,6,0,1.0,0,0,0,0,7.8,1.29,49.788,0.22,0
ACC-2026-0062,0849955386,2025-10,Enseignant,398.3,50,0.162,7,0,1.0,0,0,0,0,7.57,1.29,49.788,0.22,0
ACC-2026-0062,0849955386,2025-11,Enseignant,398.3,51,0.162,8,0,1.0,0,0,0,0,8.29,1.29,49.788,0.22,0
ACC-2026-0062,0849955386,2025-12,Enseignant,398.3,52,0.162,9,0,1.0,0,0,0,0,8.63,1.29,49.788,0.22,0
ACC-2026-0062,0849955386,2026-01,Enseignant,398.3,53,0.162,10,0,1.0,0,0,0,0,7.6,1.29,49.788,0.22,0
ACC-2026-0062,0849955386,2026-02,Enseignant,398.3,54,0.162,11,0,1.0,0,0,0,0,7.65,1.29,49.788,0.22,0
ACC-2026-0062,0849955386,2026-03,Enseignant,398.3,55,0.162,12,0,1.0,0,0,0,0,8.11,1.29,49.788,0.22,0
ACC-2026-0062,0849955386,2026-04,Enseignant,398.3,56,0.162,13,0,1.0,0,0,0,0,7.41,1.29,49.788,0.22,0
ACC-2026-0062,0849955386,2026-05,Enseignant,398.3,57,0.162,14,0,1.0,0,0,0,0,7.42,1.29,49.788,0.22,0
ACC-2026-0062,0849955386,2026-06,Enseignant,398.3,58,0.162,15,0,1.0,0,0,0,0,7.39,1.29,49.788,0.22,0
ACC-2026-0062,0849955386,2026-07,Enseignant,398.3,59,0.162,16,0,1.0,0,0,0,0,8.06,1.29,49.788,0.22,0
ACC-2026-0063,0841156104,2025-08,Infirmier,301.58,35,0.125,2,0,1.0,0,0,0,0,26.59,3.12,12.063,0.24,0
ACC-2026-0063,0841156104,2025-09,Infirmier,301.58,36,0.125,3,0,1.0,0,0,0,0,26.14,3.12,12.063,0.24,0
ACC-2026-0063,0841156104,2025-10,Infirmier,301.58,37,0.125,4,0,1.0,0,0,0,0,26.33,3.12,12.063,0.24,0
ACC-2026-0063,0841156104,2025-11,Infirmier,301.58,38,0.125,5,0,1.0,0,0,0,0,23.64,3.12,12.063,0.24,0
ACC-2026-0063,0841156104,2025-12,Infirmier,301.58,39,0.125,6,0,1.0,0,0,0,0,24.92,3.12,12.063,0.24,1
ACC-2026-0063,0841156104,2026-01,Infirmier,301.58,40,0.125,7,0,1.0,0,0,0,0,23.44,3.12,12.063,0.24,0
ACC-2026-0063,0841156104,2026-02,Infirmier,301.58,41,0.125,8,0,1.0,0,0,0,0,26.12,3.12,12.063,0.24,0
ACC-2026-0063,0841156104,2026-03,Infirmier,301.58,42,0.125,9,0,1.0,0,0,0,0,25.58,3.12,12.063,0.24,0
ACC-2026-0063,0841156104,2026-04,Infirmier,301.58,43,0.125,10,0,1.0,0,0,0,0,23.2,3.12,12.063,0.24,0
ACC-2026-0063,0841156104,2026-05,Infirmier,301.58,44,0.125,11,0,1.0,0,0,0,0,24.44,3.12,12.063,0.24,0
ACC-2026-0063,0841156104,2026-06,Infirmier,301.58,45,0.125,12,0,1.0,0,0,0,0,26.4,3.12,12.063,0.24,1
ACC-2026-0063,0841156104,2026-07,Infirmier,301.58,46,0.125,13,0,1.0,0,0,0,0,25.59,3.12,12.063,0.24,0
ACC-2026-0064,0845501484,2025-08,Vendeur de rue,162.33,12,0.329,2,0,1.0,0,1,0,0,14.76,4.94,10.822,0.62,0
ACC-2026-0064,0845501484,2025-09,Vendeur de rue,162.33,13,0.329,3,0,1.0,0,1,0,0,14.95,4.94,10.822,0.62,0
ACC-2026-0064,0845501484,2025-10,Vendeur de rue,162.33,14,0.329,4,0,1.0,0,1,0,0,14.12,4.94,10.822,0.62,0
ACC-2026-0064,0845501484,2025-11,Vendeur de rue,162.33,15,0.329,5,0,1.0,0,1,0,0,14.05,4.94,10.822,0.62,0
ACC-2026-0064,0845501484,2025-12,Vendeur de rue,162.33,16,0.329,6,0,1.0,0,1,0,0,14.85,4.94,10.822,0.62,0
ACC-2026-0064,0845501484,2026-01,Vendeur de rue,162.33,17,0.329,7,0,1.0,0,1,0,0,15.87,4.94,10.822,0.62,0
ACC-2026-0064,0845501484,2026-02,Vendeur de rue,162.33,18,0.329,8,0,1.0,0,1,0,0,14.96,4.94,10.822,0.62,0
ACC-2026-0064,0845501484,2026-03,Vendeur de rue,162.33,19,0.329,9,0,1.0,0,1,0,0,13.95,4.94,10.822,0.62,1
ACC-2026-0064,0845501484,2026-04,Vendeur de rue,162.33,20,0.329,10,0,1.0,0,1,0,0,15.06,4.94,10.822,0.62,0
ACC-2026-0064,0845501484,2026-05,Vendeur de rue,162.33,21,0.329,11,0,1.0,0,1,0,0,16.09,4.94,10.822,0.62,0
ACC-2026-0064,0845501484,2026-06,Vendeur de rue,162.33,22,0.329,12,0,1.0,0,1,0,0,15.28,4.94,10.822,0.62,0
ACC-2026-0064,0845501484,2026-07,Vendeur de rue,162.33,23,0.329,13,0,1.0,0,1,0,0,15.39,4.94,10.822,0.62,0
ACC-2026-0065,0841915467,2025-08,Fonctionnaire,475.63,61,0.14,1,0,1.0,0,0,0,0,19.43,2.8,23.782,0.18,0
ACC-2026-0065,0841915467,2025-09,Fonctionnaire,475.63,62,0.14,2,0,1.0,0,0,0,0,20.16,2.8,23.782,0.18,0
ACC-2026-0065,0841915467,2025-10,Fonctionnaire,475.63,63,0.14,3,0,1.0,0,0,0,0,19.82,2.8,23.782,0.18,0
ACC-2026-0065,0841915467,2025-11,Fonctionnaire,475.63,64,0.14,4,0,1.0,0,0,0,0,19.41,2.8,23.782,0.18,0
ACC-2026-0065,0841915467,2025-12,Fonctionnaire,475.63,65,0.14,4,0,0.8,0,0,1,30,19.69,2.8,23.782,0.18,0
ACC-2026-0065,0841915467,2026-01,Fonctionnaire,475.63,66,0.14,5,0,0.833,0,0,1,0,20.93,2.8,23.782,0.18,0
ACC-2026-0065,0841915467,2026-02,Fonctionnaire,475.63,67,0.14,6,0,0.857,0,0,1,0,20.2,2.8,23.782,0.18,0
ACC-2026-0065,0841915467,2026-03,Fonctionnaire,475.63,68,0.14,7,0,0.875,0,0,1,0,21.04,2.8,23.782,0.18,0
ACC-2026-0065,0841915467,2026-04,Fonctionnaire,475.63,69,0.14,8,0,0.889,0,0,1,0,20.86,2.8,23.782,0.18,0
ACC-2026-0065,0841915467,2026-05,Fonctionnaire,475.63,70,0.14,9,0,0.9,0,0,1,0,19.85,2.8,23.782,0.18,0
ACC-2026-0065,0841915467,2026-06,Fonctionnaire,475.63,71,0.14,9,0,0.818,0,0,2,30,19.54,2.8,23.782,0.18,0
ACC-2026-0065,0841915467,2026-07,Fonctionnaire,475.63,72,0.14,10,0,0.833,0,0,2,0,19.6,5.2,23.782,0.18,0
ACC-2026-0066,0849261472,2025-08,Enseignant,332.37,53,0.06,2,0,1.0,0,0,0,0,8.55,0.48,41.546,0.22,0
ACC-2026-0066,0849261472,2025-09,Enseignant,332.37,54,0.06,3,0,1.0,0,0,0,0,8.28,0.48,41.546,0.22,0
ACC-2026-0066,0849261472,2025-10,Enseignant,332.37,55,0.06,4,0,1.0,0,0,0,0,8.43,0.48,41.546,0.22,0
ACC-2026-0066,0849261472,2025-11,Enseignant,332.37,56,0.06,5,0,1.0,0,0,0,0,8.2,0.48,41.546,0.22,0
ACC-2026-0066,0849261472,2025-12,Enseignant,332.37,57,0.06,6,0,1.0,0,0,0,0,8.04,0.48,41.546,0.22,0
ACC-2026-0066,0849261472,2026-01,Enseignant,332.37,58,0.06,7,0,1.0,0,0,0,0,7.98,0.48,41.546,0.22,0
ACC-2026-0066,0849261472,2026-02,Enseignant,332.37,59,0.06,8,0,1.0,0,0,0,0,8.1,0.48,41.546,0.22,0
ACC-2026-0066,0849261472,2026-03,Enseignant,332.37,60,0.06,9,0,1.0,0,0,0,0,8.13,0.48,41.546,0.22,0
ACC-2026-0066,0849261472,2026-04,Enseignant,332.37,61,0.06,10,0,1.0,0,0,0,0,8.61,0.48,41.546,0.22,0
ACC-2026-0066,0849261472,2026-05,Enseignant,332.37,62,0.06,11,0,1.0,0,0,0,0,8.59,0.48,41.546,0.22,0
ACC-2026-0066,0849261472,2026-06,Enseignant,332.37,63,0.06,12,0,1.0,0,0,0,0,7.89,0.48,41.546,0.22,0
ACC-2026-0066,0849261472,2026-07,Enseignant,332.37,64,0.06,13,0,1.0,0,0,0,0,8.26,0.48,41.546,0.22,0
ACC-2026-0067,0844646403,2025-08,Enseignant,322.74,45,0.04,2,0,1.0,0,0,0,0,30.93,1.21,10.758,0.22,0
ACC-2026-0067,0844646403,2025-09,Enseignant,322.74,46,0.04,3,0,1.0,0,0,0,0,29.91,1.21,10.758,0.22,0
ACC-2026-0067,0844646403,2025-10,Enseignant,322.74,47,0.04,4,0,1.0,0,0,0,0,31.19,1.21,10.758,0.22,0
ACC-2026-0067,0844646403,2025-11,Enseignant,322.74,48,0.04,5,0,1.0,0,0,0,0,31.48,1.21,10.758,0.22,0
ACC-2026-0067,0844646403,2025-12,Enseignant,322.74,49,0.04,6,0,1.0,0,0,0,0,30.82,1.21,10.758,0.22,0
ACC-2026-0067,0844646403,2026-01,Enseignant,322.74,50,0.04,7,0,1.0,0,0,0,0,28.98,1.21,10.758,0.22,0
ACC-2026-0067,0844646403,2026-02,Enseignant,322.74,51,0.04,8,0,1.0,0,0,0,0,29.02,1.21,10.758,0.22,0
ACC-2026-0067,0844646403,2026-03,Enseignant,322.74,52,0.04,9,0,1.0,0,0,0,0,28.09,1.21,10.758,0.22,0
ACC-2026-0067,0844646403,2026-04,Enseignant,322.74,53,0.04,10,0,1.0,0,0,0,0,31.16,1.21,10.758,0.22,0
ACC-2026-0067,0844646403,2026-05,Enseignant,322.74,54,0.04,11,0,1.0,0,0,0,0,31.43,1.21,10.758,0.22,0
ACC-2026-0067,0844646403,2026-06,Enseignant,322.74,55,0.04,12,0,1.0,0,0,0,0,29.46,1.21,10.758,0.22,0
ACC-2026-0067,0844646403,2026-07,Enseignant,322.74,56,0.04,13,0,1.0,0,0,0,0,30.25,1.21,10.758,0.22,0
ACC-2026-0068,0848433377,2025-08,Vendeur de rue,219.26,48,0.286,5,0,1.0,0,0,0,0,25.9,7.16,8.77,0.62,0
ACC-2026-0068,0848433377,2025-09,Vendeur de rue,219.26,49,0.286,6,0,1.0,0,0,0,0,23.3,7.16,8.77,0.62,0
ACC-2026-0068,0848433377,2025-10,Vendeur de rue,219.26,50,0.286,6,0,0.667,1,0,0,30,23.16,7.16,8.77,0.62,0
ACC-2026-0068,0848433377,2025-11,Vendeur de rue,219.26,51,0.286,7,0,0.75,1,0,0,0,26.38,7.16,8.77,0.62,0
ACC-2026-0068,0848433377,2025-12,Vendeur de rue,219.26,52,0.286,8,0,0.8,1,0,0,0,23.16,7.16,8.77,0.62,0
ACC-2026-0068,0848433377,2026-01,Vendeur de rue,219.26,53,0.286,9,0,0.833,1,0,0,0,25.5,7.16,8.77,0.62,0
ACC-2026-0068,0848433377,2026-02,Vendeur de rue,219.26,54,0.286,10,0,0.857,1,0,0,0,25.2,7.16,8.77,0.62,0
ACC-2026-0068,0848433377,2026-03,Vendeur de rue,219.26,55,0.286,11,0,0.875,1,0,0,0,26.83,7.16,8.77,0.62,0
ACC-2026-0068,0848433377,2026-04,Vendeur de rue,219.26,56,0.286,12,0,0.889,1,0,0,0,25.17,7.16,8.77,0.62,0
ACC-2026-0068,0848433377,2026-05,Vendeur de rue,219.26,57,0.286,13,0,0.9,1,0,0,0,25.65,7.16,8.77,0.62,0
ACC-2026-0068,0848433377,2026-06,Vendeur de rue,219.26,58,0.286,14,0,0.909,1,0,0,0,25.47,7.16,8.77,0.62,0
ACC-2026-0068,0848433377,2026-07,Vendeur de rue,219.26,59,0.286,15,0,0.917,1,0,0,0,25.6,7.16,8.77,0.62,0
ACC-2026-0069,0845032368,2025-08,Vendeur de rue,179.33,6,0.341,4,0,1.0,0,0,0,0,32.14,15.62,5.978,0.62,0
ACC-2026-0069,0845032368,2025-09,Vendeur de rue,179.33,7,0.341,5,0,1.0,0,0,0,0,31.97,15.62,5.978,0.62,0
ACC-2026-0069,0845032368,2025-10,Vendeur de rue,179.33,8,0.341,6,0,1.0,0,0,0,0,29.74,15.62,5.978,0.62,0
ACC-2026-0069,0845032368,2025-11,Vendeur de rue,179.33,9,0.341,7,0,1.0,0,1,0,0,30.07,15.62,5.978,0.62,1
ACC-2026-0069,0845032368,2025-12,Vendeur de rue,179.33,10,0.341,8,0,1.0,0,1,0,0,30.18,15.62,5.978,0.62,1
ACC-2026-0069,0845032368,2026-01,Vendeur de rue,179.33,11,0.341,9,0,1.0,0,1,0,0,31.31,15.62,5.978,0.62,0
ACC-2026-0069,0845032368,2026-02,Vendeur de rue,179.33,12,0.341,9,0,0.857,0,1,1,30,30.18,15.62,5.978,0.62,0
ACC-2026-0069,0845032368,2026-03,Vendeur de rue,179.33,13,0.341,10,0,0.875,0,1,1,0,30.7,15.62,5.978,0.62,0
ACC-2026-0069,0845032368,2026-04,Vendeur de rue,179.33,14,0.341,11,0,0.889,0,2,1,0,29.8,15.62,5.978,0.62,1
ACC-2026-0069,0845032368,2026-05,Vendeur de rue,179.33,15,0.341,11,0,0.8,0,2,2,30,30.28,15.62,5.978,0.62,1
ACC-2026-0069,0845032368,2026-06,Vendeur de rue,179.33,16,0.341,11,1,0.727,1,2,2,60,30.63,18.0,5.978,0.62,1
ACC-2026-0069,0845032368,2026-07,Vendeur de rue,179.33,17,0.341,12,1,0.75,1,2,2,0,30.68,18.0,5.978,0.62,0
ACC-2026-0070,0841763646,2025-08,Agriculteur,232.81,10,0.275,1,0,1.0,0,0,0,0,15.45,4.13,15.521,0.46,0
ACC-2026-0070,0841763646,2025-09,Agriculteur,232.81,11,0.275,2,0,1.0,0,0,0,0,14.72,4.13,15.521,0.46,1
ACC-2026-0070,0841763646,2025-10,Agriculteur,232.81,12,0.275,3,0,1.0,0,0,0,0,14.33,4.13,15.521,0.46,0
ACC-2026-0070,0841763646,2025-11,Agriculteur,232.81,13,0.275,4,0,1.0,0,0,0,0,14.51,4.13,15.521,0.46,0
ACC-2026-0070,0841763646,2025-12,Agriculteur,232.81,14,0.275,5,0,1.0,0,0,0,0,16.12,4.13,15.521,0.46,0
ACC-2026-0070,0841763646,2026-01,Agriculteur,232.81,15,0.275,6,0,1.0,0,0,0,0,13.83,4.13,15.521,0.46,0
ACC-2026-0070,0841763646,2026-02,Agriculteur,232.81,16,0.275,6,0,0.857,0,0,1,30,15.17,4.13,15.521,0.46,0
ACC-2026-0070,0841763646,2026-03,Agriculteur,232.81,17,0.275,7,0,0.875,0,1,1,0,14.3,4.13,15.521,0.46,0
ACC-2026-0070,0841763646,2026-04,Agriculteur,232.81,18,0.275,8,0,0.889,0,1,1,0,15.97,4.13,15.521,0.46,0
ACC-2026-0070,0841763646,2026-05,Agriculteur,232.81,19,0.275,9,0,0.9,0,1,1,0,15.28,4.13,15.521,0.46,0
ACC-2026-0070,0841763646,2026-06,Agriculteur,232.81,20,0.275,10,0,0.909,0,1,1,0,15.16,4.13,15.521,0.46,0
ACC-2026-0070,0841763646,2026-07,Agriculteur,232.81,21,0.275,11,0,0.917,0,1,1,0,15.12,4.13,15.521,0.46,1
ACC-2026-0071,0842130159,2025-08,Infirmier,403.95,43,0.049,2,0,1.0,0,0,0,0,15.29,0.73,26.93,0.24,0
ACC-2026-0071,0842130159,2025-09,Infirmier,403.95,44,0.049,3,0,1.0,0,0,0,0,15.28,0.73,26.93,0.24,0
ACC-2026-0071,0842130159,2025-10,Infirmier,403.95,45,0.049,4,0,1.0,0,0,0,0,14.67,0.73,26.93,0.24,0
ACC-2026-0071,0842130159,2025-11,Infirmier,403.95,46,0.049,4,0,0.75,0,0,1,30,14.39,0.73,26.93,0.24,0
ACC-2026-0071,0842130159,2025-12,Infirmier,403.95,47,0.049,5,0,0.8,0,0,1,0,15.82,0.73,26.93,0.24,0
ACC-2026-0071,0842130159,2026-01,Infirmier,403.95,48,0.049,6,0,0.833,0,0,1,0,14.91,0.73,26.93,0.24,0
ACC-2026-0071,0842130159,2026-02,Infirmier,403.95,49,0.049,7,0,0.857,0,0,1,0,14.22,0.73,26.93,0.24,0
ACC-2026-0071,0842130159,2026-03,Infirmier,403.95,50,0.049,8,0,0.875,0,0,1,0,14.14,0.73,26.93,0.24,0
ACC-2026-0071,0842130159,2026-04,Infirmier,403.95,51,0.049,9,0,0.889,0,0,1,0,13.98,0.73,26.93,0.24,0
ACC-2026-0071,0842130159,2026-05,Infirmier,403.95,52,0.049,10,0,0.9,0,0,1,0,13.87,0.73,26.93,0.24,0
ACC-2026-0071,0842130159,2026-06,Infirmier,403.95,53,0.049,11,0,0.909,0,0,1,0,15.98,0.73,26.93,0.24,0
ACC-2026-0071,0842130159,2026-07,Infirmier,403.95,54,0.049,12,0,0.917,0,0,1,0,14.93,0.73,26.93,0.24,0
ACC-2026-0072,0844746463,2025-08,Vendeur de rue,374.79,38,0.273,5,0,1.0,0,1,0,0,9.78,2.73,37.479,0.62,0
ACC-2026-0072,0844746463,2025-09,Vendeur de rue,374.79,39,0.273,6,0,1.0,0,1,0,0,10.77,2.73,37.479,0.62,0
ACC-2026-0072,0844746463,2025-10,Vendeur de rue,374.79,40,0.273,7,0,1.0,0,1,0,0,9.45,2.73,37.479,0.62,0
ACC-2026-0072,0844746463,2025-11,Vendeur de rue,374.79,41,0.273,8,0,1.0,0,1,0,0,9.43,2.73,37.479,0.62,0
ACC-2026-0072,0844746463,2025-12,Vendeur de rue,374.79,42,0.273,8,0,0.8,0,1,1,30,10.42,2.73,37.479,0.62,0
ACC-2026-0072,0844746463,2026-01,Vendeur de rue,374.79,43,0.273,9,0,0.833,0,1,1,0,10.27,2.73,37.479,0.62,0
ACC-2026-0072,0844746463,2026-02,Vendeur de rue,374.79,44,0.273,10,0,0.857,0,1,1,0,10.67,2.73,37.479,0.62,1
ACC-2026-0072,0844746463,2026-03,Vendeur de rue,374.79,45,0.273,11,0,0.875,0,1,1,0,9.37,2.73,37.479,0.62,0
ACC-2026-0072,0844746463,2026-04,Vendeur de rue,374.79,46,0.273,12,0,0.889,0,1,1,0,10.39,2.73,37.479,0.62,0
ACC-2026-0072,0844746463,2026-05,Vendeur de rue,374.79,47,0.273,13,0,0.9,0,1,1,0,9.81,2.73,37.479,0.62,0
ACC-2026-0072,0844746463,2026-06,Vendeur de rue,374.79,48,0.273,14,0,0.909,0,2,1,0,9.6,2.73,37.479,0.62,0
ACC-2026-0072,0844746463,2026-07,Vendeur de rue,374.79,49,0.273,15,0,0.917,0,2,1,0,10.51,2.73,37.479,0.62,0
ACC-2026-0073,0841110690,2025-08,Commercant independant,369.26,10,0.185,2,0,1.0,0,0,0,0,23.63,4.62,14.77,0.36,0
ACC-2026-0073,0841110690,2025-09,Commercant independant,369.26,11,0.185,3,0,1.0,0,0,0,0,24.66,4.62,14.77,0.36,0
ACC-2026-0073,0841110690,2025-10,Commercant independant,369.26,12,0.185,4,0,1.0,0,0,0,0,24.92,4.62,14.77,0.36,0
ACC-2026-0073,0841110690,2025-11,Commercant independant,369.26,13,0.185,5,0,1.0,0,0,0,0,23.97,4.62,14.77,0.36,0
ACC-2026-0073,0841110690,2025-12,Commercant independant,369.26,14,0.185,6,0,1.0,0,0,0,0,25.05,4.62,14.77,0.36,0
ACC-2026-0073,0841110690,2026-01,Commercant independant,369.26,15,0.185,7,0,1.0,0,0,0,0,26.69,4.62,14.77,0.36,0
ACC-2026-0073,0841110690,2026-02,Commercant independant,369.26,16,0.185,8,0,1.0,0,0,0,0,25.55,4.62,14.77,0.36,0
ACC-2026-0073,0841110690,2026-03,Commercant independant,369.26,17,0.185,9,0,1.0,0,0,0,0,26.79,4.62,14.77,0.36,0
ACC-2026-0073,0841110690,2026-04,Commercant independant,369.26,18,0.185,10,0,1.0,0,0,0,0,24.93,4.62,14.77,0.36,0
ACC-2026-0073,0841110690,2026-05,Commercant independant,369.26,19,0.185,11,0,1.0,0,0,0,0,25.33,4.62,14.77,0.36,0
ACC-2026-0073,0841110690,2026-06,Commercant independant,369.26,20,0.185,12,0,1.0,0,0,0,0,23.67,4.62,14.77,0.36,0
ACC-2026-0073,0841110690,2026-07,Commercant independant,369.26,21,0.185,13,0,1.0,0,0,0,0,23.28,4.62,14.77,0.36,0
ACC-2026-0074,0841277874,2025-08,Enseignant,412.0,65,0.086,2,0,1.0,0,0,0,0,28.45,2.59,13.733,0.22,0
ACC-2026-0074,0841277874,2025-09,Enseignant,412.0,66,0.086,3,0,1.0,0,0,0,0,30.15,2.59,13.733,0.22,0
ACC-2026-0074,0841277874,2025-10,Enseignant,412.0,67,0.086,4,0,1.0,0,0,0,0,31.93,2.59,13.733,0.22,1
ACC-2026-0074,0841277874,2025-11,Enseignant,412.0,68,0.086,5,0,1.0,0,0,0,0,30.86,2.59,13.733,0.22,0
ACC-2026-0074,0841277874,2025-12,Enseignant,412.0,69,0.086,6,0,1.0,0,0,0,0,30.95,2.59,13.733,0.22,0
ACC-2026-0074,0841277874,2026-01,Enseignant,412.0,70,0.086,7,0,1.0,0,0,0,0,31.29,2.59,13.733,0.22,0
ACC-2026-0074,0841277874,2026-02,Enseignant,412.0,71,0.086,8,0,1.0,0,0,0,0,31.62,2.59,13.733,0.22,0
ACC-2026-0074,0841277874,2026-03,Enseignant,412.0,72,0.086,9,0,1.0,0,0,0,0,31.28,2.59,13.733,0.22,0
ACC-2026-0074,0841277874,2026-04,Enseignant,412.0,73,0.086,10,0,1.0,0,0,0,0,30.21,2.59,13.733,0.22,1
ACC-2026-0074,0841277874,2026-05,Enseignant,412.0,74,0.086,11,0,1.0,0,0,0,0,27.63,2.59,13.733,0.22,0
ACC-2026-0074,0841277874,2026-06,Enseignant,412.0,75,0.086,12,0,1.0,0,0,0,0,28.59,2.59,13.733,0.22,0
ACC-2026-0074,0841277874,2026-07,Enseignant,412.0,76,0.086,13,0,1.0,0,0,0,0,29.65,2.59,13.733,0.22,0
ACC-2026-0075,0849994347,2025-08,Commercant independant,291.06,51,0.148,5,0,1.0,0,0,0,0,9.79,1.48,29.106,0.36,0
ACC-2026-0075,0849994347,2025-09,Commercant independant,291.06,52,0.148,6,0,1.0,0,0,0,0,9.75,1.48,29.106,0.36,0
ACC-2026-0075,0849994347,2025-10,Commercant independant,291.06,53,0.148,7,0,1.0,0,0,0,0,10.25,1.48,29.106,0.36,0
ACC-2026-0075,0849994347,2025-11,Commercant independant,291.06,54,0.148,8,0,1.0,0,0,0,0,9.46,1.48,29.106,0.36,0
ACC-2026-0075,0849994347,2025-12,Commercant independant,291.06,55,0.148,9,0,1.0,0,0,0,0,10.08,1.48,29.106,0.36,0
ACC-2026-0075,0849994347,2026-01,Commercant independant,291.06,56,0.148,10,0,1.0,0,0,0,0,10.74,1.48,29.106,0.36,0
ACC-2026-0075,0849994347,2026-02,Commercant independant,291.06,57,0.148,11,0,1.0,0,0,0,0,10.68,1.48,29.106,0.36,0
ACC-2026-0075,0849994347,2026-03,Commercant independant,291.06,58,0.148,12,0,1.0,0,0,0,0,9.33,1.48,29.106,0.36,0
ACC-2026-0075,0849994347,2026-04,Commercant independant,291.06,59,0.148,13,0,1.0,0,0,0,0,10.18,1.48,29.106,0.36,0
ACC-2026-0075,0849994347,2026-05,Commercant independant,291.06,60,0.148,14,0,1.0,0,0,0,0,10.71,1.48,29.106,0.36,0
ACC-2026-0075,0849994347,2026-06,Commercant independant,291.06,61,0.148,15,0,1.0,0,0,0,0,9.52,1.48,29.106,0.36,0
ACC-2026-0075,0849994347,2026-07,Commercant independant,291.06,62,0.148,16,0,1.0,0,0,0,0,9.25,1.48,29.106,0.36,0
ACC-2026-0076,0844886793,2025-08,Chauffeur,371.81,5,0.297,1,0,1.0,0,0,0,0,14.01,4.46,24.787,0.42,0
ACC-2026-0076,0844886793,2025-09,Chauffeur,371.81,6,0.297,2,0,1.0,0,0,0,0,14.77,4.46,24.787,0.42,1
ACC-2026-0076,0844886793,2025-10,Chauffeur,371.81,7,0.297,3,0,1.0,0,0,0,0,16.01,4.46,24.787,0.42,0
ACC-2026-0076,0844886793,2025-11,Chauffeur,371.81,8,0.297,4,0,1.0,0,0,0,0,15.2,4.46,24.787,0.42,0
ACC-2026-0076,0844886793,2025-12,Chauffeur,371.81,9,0.297,5,0,1.0,0,0,0,0,16.11,4.46,24.787,0.42,0
ACC-2026-0076,0844886793,2026-01,Chauffeur,371.81,10,0.297,5,0,0.833,0,0,1,30,14.22,4.46,24.787,0.42,0
ACC-2026-0076,0844886793,2026-02,Chauffeur,371.81,11,0.297,6,0,0.857,0,0,1,0,14.62,4.46,24.787,0.42,0
ACC-2026-0076,0844886793,2026-03,Chauffeur,371.81,12,0.297,7,0,0.875,0,0,1,0,15.09,4.46,24.787,0.42,0
ACC-2026-0076,0844886793,2026-04,Chauffeur,371.81,13,0.297,8,0,0.889,0,0,1,0,14.7,4.46,24.787,0.42,0
ACC-2026-0076,0844886793,2026-05,Chauffeur,371.81,14,0.297,9,0,0.9,0,0,1,0,15.66,4.46,24.787,0.42,0
ACC-2026-0076,0844886793,2026-06,Chauffeur,371.81,15,0.297,10,0,0.909,0,0,1,0,14.96,4.46,24.787,0.42,0
ACC-2026-0076,0844886793,2026-07,Chauffeur,371.81,16,0.297,11,0,0.917,0,0,1,0,14.33,4.46,24.787,0.42,0
ACC-2026-0077,0847919359,2025-08,Sans emploi,215.38,34,0.317,4,0,1.0,0,0,0,0,10.51,3.17,21.538,0.78,0
ACC-2026-0077,0847919359,2025-09,Sans emploi,215.38,35,0.317,5,0,1.0,0,0,0,0,9.77,3.17,21.538,0.78,0
ACC-2026-0077,0847919359,2025-10,Sans emploi,215.38,36,0.317,6,0,1.0,0,0,0,0,10.29,3.17,21.538,0.78,0
ACC-2026-0077,0847919359,2025-11,Sans emploi,215.38,37,0.317,7,0,1.0,0,0,0,0,10.38,3.17,21.538,0.78,0
ACC-2026-0077,0847919359,2025-12,Sans emploi,215.38,38,0.317,8,0,1.0,0,0,0,0,9.6,3.17,21.538,0.78,0
ACC-2026-0077,0847919359,2026-01,Sans emploi,215.38,39,0.317,9,0,1.0,0,1,0,0,10.67,3.17,21.538,0.78,0
ACC-2026-0077,0847919359,2026-02,Sans emploi,215.38,40,0.317,10,0,1.0,0,1,0,0,10.42,3.17,21.538,0.78,1
ACC-2026-0077,0847919359,2026-03,Sans emploi,215.38,41,0.317,11,0,1.0,0,1,0,0,10.19,3.17,21.538,0.78,0
ACC-2026-0077,0847919359,2026-04,Sans emploi,215.38,42,0.317,12,0,1.0,0,1,0,0,10.59,3.17,21.538,0.78,0
ACC-2026-0077,0847919359,2026-05,Sans emploi,215.38,43,0.317,13,0,1.0,0,1,0,0,9.65,3.17,21.538,0.78,0
ACC-2026-0077,0847919359,2026-06,Sans emploi,215.38,44,0.317,13,0,0.909,0,1,1,30,10.48,3.17,21.538,0.78,0
ACC-2026-0077,0847919359,2026-07,Sans emploi,215.38,45,0.317,14,0,0.917,0,1,1,0,9.83,3.17,21.538,0.78,0
ACC-2026-0078,0843019442,2025-08,Agriculteur,309.17,59,0.237,1,0,1.0,0,0,0,0,14.71,3.56,20.611,0.46,0
ACC-2026-0078,0843019442,2025-09,Agriculteur,309.17,60,0.237,2,0,1.0,0,0,0,0,14.25,3.56,20.611,0.46,0
ACC-2026-0078,0843019442,2025-10,Agriculteur,309.17,61,0.237,3,0,1.0,0,0,0,0,14.62,3.56,20.611,0.46,0
ACC-2026-0078,0843019442,2025-11,Agriculteur,309.17,62,0.237,4,0,1.0,0,0,0,0,15.61,3.56,20.611,0.46,0
ACC-2026-0078,0843019442,2025-12,Agriculteur,309.17,63,0.237,5,0,1.0,0,0,0,0,15.17,3.56,20.611,0.46,0
ACC-2026-0078,0843019442,2026-01,Agriculteur,309.17,64,0.237,6,0,1.0,0,0,0,0,15.53,3.56,20.611,0.46,0
ACC-2026-0078,0843019442,2026-02,Agriculteur,309.17,65,0.237,7,0,1.0,0,0,0,0,14.27,3.56,20.611,0.46,0
ACC-2026-0078,0843019442,2026-03,Agriculteur,309.17,66,0.237,8,0,1.0,0,0,0,0,13.82,3.56,20.611,0.46,0
ACC-2026-0078,0843019442,2026-04,Agriculteur,309.17,67,0.237,9,0,1.0,0,0,0,0,15.31,3.56,20.611,0.46,0
ACC-2026-0078,0843019442,2026-05,Agriculteur,309.17,68,0.237,10,0,1.0,0,0,0,0,14.4,3.56,20.611,0.46,1
ACC-2026-0078,0843019442,2026-06,Agriculteur,309.17,69,0.237,10,0,0.909,1,0,0,30,14.19,3.56,20.611,0.46,0
ACC-2026-0078,0843019442,2026-07,Agriculteur,309.17,70,0.237,11,0,0.917,1,0,0,0,14.03,3.56,20.611,0.46,0
ACC-2026-0079,0847044941,2025-08,Chauffeur,380.5,3,0.278,5,0,1.0,0,0,0,0,20.24,5.57,19.025,0.42,1
ACC-2026-0079,0847044941,2025-09,Chauffeur,380.5,4,0.278,6,0,1.0,0,0,0,0,19.54,5.57,19.025,0.42,0
ACC-2026-0079,0847044941,2025-10,Chauffeur,380.5,5,0.278,7,0,1.0,0,0,0,0,21.25,5.57,19.025,0.42,0
ACC-2026-0079,0847044941,2025-11,Chauffeur,380.5,6,0.278,8,0,1.0,0,0,0,0,18.86,5.57,19.025,0.42,0
ACC-2026-0079,0847044941,2025-12,Chauffeur,380.5,7,0.278,9,0,1.0,0,0,0,0,20.42,5.57,19.025,0.42,0
ACC-2026-0079,0847044941,2026-01,Chauffeur,380.5,8,0.278,10,0,1.0,0,1,0,0,18.92,5.57,19.025,0.42,0
ACC-2026-0079,0847044941,2026-02,Chauffeur,380.5,9,0.278,11,0,1.0,0,1,0,0,19.26,5.57,19.025,0.42,0
ACC-2026-0079,0847044941,2026-03,Chauffeur,380.5,10,0.278,12,0,1.0,0,1,0,0,21.16,5.57,19.025,0.42,0
ACC-2026-0079,0847044941,2026-04,Chauffeur,380.5,11,0.278,13,0,1.0,0,1,0,0,19.72,5.57,19.025,0.42,1
ACC-2026-0079,0847044941,2026-05,Chauffeur,380.5,12,0.278,14,0,1.0,0,1,0,0,20.52,5.57,19.025,0.42,0
ACC-2026-0079,0847044941,2026-06,Chauffeur,380.5,13,0.278,15,0,1.0,0,2,0,0,18.93,5.57,19.025,0.42,1
ACC-2026-0079,0847044941,2026-07,Chauffeur,380.5,14,0.278,16,0,1.0,0,2,0,0,20.15,5.57,19.025,0.42,0
ACC-2026-0080,0842396723,2025-08,Fonctionnaire,355.95,20,0.106,4,0,1.0,0,0,0,0,7.68,0.85,44.494,0.18,0
ACC-2026-0080,0842396723,2025-09,Fonctionnaire,355.95,21,0.106,5,0,1.0,0,0,0,0,8.43,0.85,44.494,0.18,0
ACC-2026-0080,0842396723,2025-10,Fonctionnaire,355.95,22,0.106,6,0,1.0,0,0,0,0,7.78,0.85,44.494,0.18,0
ACC-2026-0080,0842396723,2025-11,Fonctionnaire,355.95,23,0.106,7,0,1.0,0,0,0,0,7.71,0.85,44.494,0.18,0
ACC-2026-0080,0842396723,2025-12,Fonctionnaire,355.95,24,0.106,8,0,1.0,0,0,0,0,7.59,0.85,44.494,0.18,0
ACC-2026-0080,0842396723,2026-01,Fonctionnaire,355.95,25,0.106,9,0,1.0,0,0,0,0,8.08,0.85,44.494,0.18,0
ACC-2026-0080,0842396723,2026-02,Fonctionnaire,355.95,26,0.106,10,0,1.0,0,0,0,0,7.8,0.85,44.494,0.18,0
ACC-2026-0080,0842396723,2026-03,Fonctionnaire,355.95,27,0.106,11,0,1.0,0,0,0,0,7.83,0.85,44.494,0.18,0
ACC-2026-0080,0842396723,2026-04,Fonctionnaire,355.95,28,0.106,11,0,0.889,0,0,1,30,8.4,0.85,44.494,0.18,0
ACC-2026-0080,0842396723,2026-05,Fonctionnaire,355.95,29,0.106,12,0,0.9,0,0,1,0,7.37,0.85,44.494,0.18,0
ACC-2026-0080,0842396723,2026-06,Fonctionnaire,355.95,30,0.106,13,0,0.909,0,0,1,0,7.37,0.85,44.494,0.18,0
ACC-2026-0080,0842396723,2026-07,Fonctionnaire,355.95,31,0.106,14,0,0.917,0,0,1,0,7.37,0.85,44.494,0.18,0
ACC-2026-0081,0848333427,2025-08,Commercant independant,408.43,50,0.117,1,0,1.0,0,0,0,0,19.17,2.35,20.422,0.36,0
ACC-2026-0081,0848333427,2025-09,Commercant independant,408.43,51,0.117,2,0,1.0,0,0,0,0,20.59,2.35,20.422,0.36,0
ACC-2026-0081,0848333427,2025-10,Commercant independant,408.43,52,0.117,3,0,1.0,0,0,0,0,19.72,2.35,20.422,0.36,0
ACC-2026-0081,0848333427,2025-11,Commercant independant,408.43,53,0.117,4,0,1.0,0,0,0,0,20.44,2.35,20.422,0.36,0
ACC-2026-0081,0848333427,2025-12,Commercant independant,408.43,54,0.117,5,0,1.0,0,0,0,0,19.0,2.35,20.422,0.36,0
ACC-2026-0081,0848333427,2026-01,Commercant independant,408.43,55,0.117,6,0,1.0,0,0,0,0,19.0,2.35,20.422,0.36,0
ACC-2026-0081,0848333427,2026-02,Commercant independant,408.43,56,0.117,7,0,1.0,0,0,0,0,20.73,2.35,20.422,0.36,0
ACC-2026-0081,0848333427,2026-03,Commercant independant,408.43,57,0.117,8,0,1.0,0,0,0,0,19.49,2.35,20.422,0.36,0
ACC-2026-0081,0848333427,2026-04,Commercant independant,408.43,58,0.117,9,0,1.0,0,0,0,0,19.88,2.35,20.422,0.36,0
ACC-2026-0081,0848333427,2026-05,Commercant independant,408.43,59,0.117,10,0,1.0,0,0,0,0,21.45,2.35,20.422,0.36,0
ACC-2026-0081,0848333427,2026-06,Commercant independant,408.43,60,0.117,11,0,1.0,0,0,0,0,19.9,2.35,20.422,0.36,0
ACC-2026-0081,0848333427,2026-07,Commercant independant,408.43,61,0.117,12,0,1.0,0,0,0,0,21.05,2.35,20.422,0.36,0
ACC-2026-0082,0845176895,2025-08,Commercant independant,455.22,57,0.2,1,0,1.0,0,0,0,0,10.38,2.0,45.522,0.36,0
ACC-2026-0082,0845176895,2025-09,Commercant independant,455.22,58,0.2,2,0,1.0,0,0,0,0,9.82,2.0,45.522,0.36,0
ACC-2026-0082,0845176895,2025-10,Commercant independant,455.22,59,0.2,3,0,1.0,0,0,0,0,10.37,2.0,45.522,0.36,0
ACC-2026-0082,0845176895,2025-11,Commercant independant,455.22,60,0.2,4,0,1.0,0,0,0,0,9.97,2.0,45.522,0.36,0
ACC-2026-0082,0845176895,2025-12,Commercant independant,455.22,61,0.2,5,0,1.0,0,1,0,0,10.27,2.0,45.522,0.36,0
ACC-2026-0082,0845176895,2026-01,Commercant independant,455.22,62,0.2,6,0,1.0,0,1,0,0,9.22,2.0,45.522,0.36,0
ACC-2026-0082,0845176895,2026-02,Commercant independant,455.22,63,0.2,7,0,1.0,0,1,0,0,9.59,2.0,45.522,0.36,0
ACC-2026-0082,0845176895,2026-03,Commercant independant,455.22,64,0.2,8,0,1.0,0,1,0,0,10.3,2.0,45.522,0.36,0
ACC-2026-0082,0845176895,2026-04,Commercant independant,455.22,65,0.2,9,0,1.0,0,1,0,0,10.0,2.0,45.522,0.36,0
ACC-2026-0082,0845176895,2026-05,Commercant independant,455.22,66,0.2,10,0,1.0,0,1,0,0,10.42,2.0,45.522,0.36,0
ACC-2026-0082,0845176895,2026-06,Commercant independant,455.22,67,0.2,11,0,1.0,0,1,0,0,10.06,2.0,45.522,0.36,0
ACC-2026-0082,0845176895,2026-07,Commercant independant,455.22,68,0.2,12,0,1.0,0,1,0,0,10.09,2.0,45.522,0.36,0
ACC-2026-0083,0848360481,2025-08,Agriculteur,392.46,18,0.271,4,0,1.0,0,0,0,0,15.14,4.06,26.164,0.46,0
ACC-2026-0083,0848360481,2025-09,Agriculteur,392.46,19,0.271,5,0,1.0,0,0,0,0,15.1,4.06,26.164,0.46,0
ACC-2026-0083,0848360481,2025-10,Agriculteur,392.46,20,0.271,6,0,1.0,0,0,0,0,15.24,4.06,26.164,0.46,0
ACC-2026-0083,0848360481,2025-11,Agriculteur,392.46,21,0.271,7,0,1.0,0,0,0,0,14.88,4.06,26.164,0.46,0
ACC-2026-0083,0848360481,2025-12,Agriculteur,392.46,22,0.271,8,0,1.0,0,0,0,0,15.66,4.06,26.164,0.46,0
ACC-2026-0083,0848360481,2026-01,Agriculteur,392.46,23,0.271,9,0,1.0,0,0,0,0,15.29,4.06,26.164,0.46,0
ACC-2026-0083,0848360481,2026-02,Agriculteur,392.46,24,0.271,10,0,1.0,0,0,0,0,13.95,4.06,26.164,0.46,0
ACC-2026-0083,0848360481,2026-03,Agriculteur,392.46,25,0.271,11,0,1.0,0,0,0,0,15.44,4.06,26.164,0.46,0
ACC-2026-0083,0848360481,2026-04,Agriculteur,392.46,26,0.271,12,0,1.0,0,0,0,0,14.78,4.06,26.164,0.46,0
ACC-2026-0083,0848360481,2026-05,Agriculteur,392.46,27,0.271,13,0,1.0,0,0,0,0,13.91,4.06,26.164,0.46,0
ACC-2026-0083,0848360481,2026-06,Agriculteur,392.46,28,0.271,13,0,0.909,0,0,1,30,14.06,4.06,26.164,0.46,1
ACC-2026-0083,0848360481,2026-07,Agriculteur,392.46,29,0.271,14,0,0.917,0,0,1,0,14.73,4.06,26.164,0.46,0
ACC-2026-0084,0845293936,2025-08,Fonctionnaire,394.28,29,0.116,1,0,1.0,0,0,0,0,23.83,2.9,15.771,0.18,0
ACC-2026-0084,0845293936,2025-09,Fonctionnaire,394.28,30,0.116,2,0,1.0,0,0,0,0,26.2,2.9,15.771,0.18,0
ACC-2026-0084,0845293936,2025-10,Fonctionnaire,394.28,31,0.116,3,0,1.0,0,0,0,0,24.66,2.9,15.771,0.18,0
ACC-2026-0084,0845293936,2025-11,Fonctionnaire,394.28,32,0.116,4,0,1.0,0,0,0,0,24.06,2.9,15.771,0.18,0
ACC-2026-0084,0845293936,2025-12,Fonctionnaire,394.28,33,0.116,5,0,1.0,0,0,0,0,26.78,2.9,15.771,0.18,0
ACC-2026-0084,0845293936,2026-01,Fonctionnaire,394.28,34,0.116,6,0,1.0,0,0,0,0,25.13,2.9,15.771,0.18,0
ACC-2026-0084,0845293936,2026-02,Fonctionnaire,394.28,35,0.116,7,0,1.0,0,0,0,0,25.5,2.9,15.771,0.18,0
ACC-2026-0084,0845293936,2026-03,Fonctionnaire,394.28,36,0.116,8,0,1.0,0,0,0,0,23.42,2.9,15.771,0.18,0
ACC-2026-0084,0845293936,2026-04,Fonctionnaire,394.28,37,0.116,9,0,1.0,0,0,0,0,25.66,2.9,15.771,0.18,0
ACC-2026-0084,0845293936,2026-05,Fonctionnaire,394.28,38,0.116,10,0,1.0,0,0,0,0,24.61,2.9,15.771,0.18,0
ACC-2026-0084,0845293936,2026-06,Fonctionnaire,394.28,39,0.116,11,0,1.0,0,0,0,0,24.77,2.9,15.771,0.18,0
ACC-2026-0084,0845293936,2026-07,Fonctionnaire,394.28,40,0.116,12,0,1.0,0,0,0,0,24.3,2.9,15.771,0.18,0
ACC-2026-0085,0848224069,2025-08,Vendeur de rue,240.71,70,0.259,5,0,1.0,0,0,0,0,9.61,2.59,24.071,0.62,0
ACC-2026-0085,0848224069,2025-09,Vendeur de rue,240.71,71,0.259,6,0,1.0,0,0,0,0,10.36,2.59,24.071,0.62,0
ACC-2026-0085,0848224069,2025-10,Vendeur de rue,240.71,72,0.259,7,0,1.0,0,0,0,0,10.79,2.59,24.071,0.62,0
ACC-2026-0085,0848224069,2025-11,Vendeur de rue,240.71,73,0.259,8,0,1.0,0,0,0,0,10.57,2.59,24.071,0.62,0
ACC-2026-0085,0848224069,2025-12,Vendeur de rue,240.71,74,0.259,9,0,1.0,0,0,0,0,9.64,2.59,24.071,0.62,0
ACC-2026-0085,0848224069,2026-01,Vendeur de rue,240.71,75,0.259,10,0,1.0,0,0,0,0,9.45,2.59,24.071,0.62,0
ACC-2026-0085,0848224069,2026-02,Vendeur de rue,240.71,76,0.259,11,0,1.0,0,0,0,0,9.79,2.59,24.071,0.62,0
ACC-2026-0085,0848224069,2026-03,Vendeur de rue,240.71,77,0.259,12,0,1.0,0,0,0,0,9.35,2.59,24.071,0.62,0
ACC-2026-0085,0848224069,2026-04,Vendeur de rue,240.71,78,0.259,13,0,1.0,0,0,0,0,10.36,2.59,24.071,0.62,0
ACC-2026-0085,0848224069,2026-05,Vendeur de rue,240.71,79,0.259,14,0,1.0,0,0,0,0,10.3,2.59,24.071,0.62,0
ACC-2026-0085,0848224069,2026-06,Vendeur de rue,240.71,80,0.259,15,0,1.0,0,0,0,0,9.68,2.59,24.071,0.62,0
ACC-2026-0085,0848224069,2026-07,Vendeur de rue,240.71,81,0.259,16,0,1.0,0,1,0,0,9.29,2.59,24.071,0.62,0
ACC-2026-0086,0848286418,2025-08,Commercant independant,392.88,16,0.202,5,0,1.0,0,0,0,0,10.21,2.02,39.288,0.36,1
ACC-2026-0086,0848286418,2025-09,Commercant independant,392.88,17,0.202,6,0,1.0,0,0,0,0,9.71,2.02,39.288,0.36,0
ACC-2026-0086,0848286418,2025-10,Commercant independant,392.88,18,0.202,7,0,1.0,0,0,0,0,9.45,2.02,39.288,0.36,0
ACC-2026-0086,0848286418,2025-11,Commercant independant,392.88,19,0.202,8,0,1.0,0,0,0,0,10.4,2.02,39.288,0.36,0
ACC-2026-0086,0848286418,2025-12,Commercant independant,392.88,20,0.202,9,0,1.0,0,0,0,0,10.46,2.02,39.288,0.36,0
ACC-2026-0086,0848286418,2026-01,Commercant independant,392.88,21,0.202,10,0,1.0,0,0,0,0,10.39,2.02,39.288,0.36,0
ACC-2026-0086,0848286418,2026-02,Commercant independant,392.88,22,0.202,11,0,1.0,0,0,0,0,9.9,2.02,39.288,0.36,0
ACC-2026-0086,0848286418,2026-03,Commercant independant,392.88,23,0.202,12,0,1.0,0,0,0,0,9.52,2.02,39.288,0.36,0
ACC-2026-0086,0848286418,2026-04,Commercant independant,392.88,24,0.202,13,0,1.0,0,0,0,0,10.8,2.02,39.288,0.36,0
ACC-2026-0086,0848286418,2026-05,Commercant independant,392.88,25,0.202,14,0,1.0,0,0,0,0,9.89,2.02,39.288,0.36,0
ACC-2026-0086,0848286418,2026-06,Commercant independant,392.88,26,0.202,15,0,1.0,0,0,0,0,9.86,2.02,39.288,0.36,0
ACC-2026-0086,0848286418,2026-07,Commercant independant,392.88,27,0.202,16,0,1.0,0,0,0,0,10.25,2.02,39.288,0.36,0
ACC-2026-0087,0846867267,2025-08,Chauffeur,412.47,19,0.116,2,0,1.0,0,0,0,0,19.6,2.32,20.623,0.42,0
ACC-2026-0087,0846867267,2025-09,Chauffeur,412.47,20,0.116,3,0,1.0,0,0,0,0,18.57,2.32,20.623,0.42,0
ACC-2026-0087,0846867267,2025-10,Chauffeur,412.47,21,0.116,4,0,1.0,0,0,0,0,21.02,2.32,20.623,0.42,0
ACC-2026-0087,0846867267,2025-11,Chauffeur,412.47,22,0.116,5,0,1.0,0,0,0,0,19.84,2.32,20.623,0.42,0
ACC-2026-0087,0846867267,2025-12,Chauffeur,412.47,23,0.116,6,0,1.0,0,0,0,0,19.05,2.32,20.623,0.42,0
ACC-2026-0087,0846867267,2026-01,Chauffeur,412.47,24,0.116,7,0,1.0,0,0,0,0,20.74,2.32,20.623,0.42,0
ACC-2026-0087,0846867267,2026-02,Chauffeur,412.47,25,0.116,7,0,0.857,0,0,1,30,20.27,2.32,20.623,0.42,1
ACC-2026-0087,0846867267,2026-03,Chauffeur,412.47,26,0.116,8,0,0.875,0,0,1,0,19.31,2.32,20.623,0.42,0
ACC-2026-0087,0846867267,2026-04,Chauffeur,412.47,27,0.116,8,0,0.778,1,0,1,30,20.5,2.32,20.623,0.42,0
ACC-2026-0087,0846867267,2026-05,Chauffeur,412.47,28,0.116,9,0,0.8,1,0,1,0,21.13,2.32,20.623,0.42,0
ACC-2026-0087,0846867267,2026-06,Chauffeur,412.47,29,0.116,9,0,0.727,1,0,2,30,20.48,2.32,20.623,0.42,0
ACC-2026-0087,0846867267,2026-07,Chauffeur,412.47,30,0.116,10,1,0.75,1,0,2,0,19.41,4.72,20.623,0.42,0
ACC-2026-0088,0844127564,2025-08,Enseignant,367.12,59,0.167,1,0,1.0,0,1,0,0,26.69,4.18,14.685,0.22,0
ACC-2026-0088,0844127564,2025-09,Enseignant,367.12,60,0.167,2,0,1.0,0,1,0,0,23.07,4.18,14.685,0.22,0
ACC-2026-0088,0844127564,2025-10,Enseignant,367.12,61,0.167,3,0,1.0,0,1,0,0,26.98,4.18,14.685,0.22,0
ACC-2026-0088,0844127564,2025-11,Enseignant,367.12,62,0.167,4,0,1.0,0,2,0,0,24.03,4.18,14.685,0.22,0
ACC-2026-0088,0844127564,2025-12,Enseignant,367.12,63,0.167,5,0,1.0,0,2,0,0,26.78,4.18,14.685,0.22,0
ACC-2026-0088,0844127564,2026-01,Enseignant,367.12,64,0.167,6,0,1.0,0,2,0,0,24.57,4.18,14.685,0.22,0
ACC-2026-0088,0844127564,2026-02,Enseignant,367.12,65,0.167,7,0,1.0,0,2,0,0,25.71,4.18,14.685,0.22,0
ACC-2026-0088,0844127564,2026-03,Enseignant,367.12,66,0.167,8,0,1.0,0,2,0,0,25.29,4.18,14.685,0.22,0
ACC-2026-0088,0844127564,2026-04,Enseignant,367.12,67,0.167,9,0,1.0,0,2,0,0,24.8,4.18,14.685,0.22,0
ACC-2026-0088,0844127564,2026-05,Enseignant,367.12,68,0.167,10,0,1.0,0,2,0,0,25.74,4.18,14.685,0.22,0
ACC-2026-0088,0844127564,2026-06,Enseignant,367.12,69,0.167,11,0,1.0,0,2,0,0,26.59,4.18,14.685,0.22,0
ACC-2026-0088,0844127564,2026-07,Enseignant,367.12,70,0.167,12,0,1.0,0,2,0,0,26.08,4.18,14.685,0.22,0
ACC-2026-0089,0843651604,2025-08,Infirmier,173.8,16,0.079,2,0,1.0,0,0,0,0,10.42,0.79,17.38,0.24,0
ACC-2026-0089,0843651604,2025-09,Infirmier,173.8,17,0.079,3,0,1.0,0,0,0,0,9.91,0.79,17.38,0.24,0
ACC-2026-0089,0843651604,2025-10,Infirmier,173.8,18,0.079,4,0,1.0,0,0,0,0,9.64,0.79,17.38,0.24,0
ACC-2026-0089,0843651604,2025-11,Infirmier,173.8,19,0.079,5,0,1.0,0,0,0,0,10.42,0.79,17.38,0.24,0
ACC-2026-0089,0843651604,2025-12,Infirmier,173.8,20,0.079,6,0,1.0,0,0,0,0,9.57,0.79,17.38,0.24,0
ACC-2026-0089,0843651604,2026-01,Infirmier,173.8,21,0.079,7,0,1.0,0,0,0,0,10.3,0.79,17.38,0.24,0
ACC-2026-0089,0843651604,2026-02,Infirmier,173.8,22,0.079,8,0,1.0,0,0,0,0,10.34,0.79,17.38,0.24,0
ACC-2026-0089,0843651604,2026-03,Infirmier,173.8,23,0.079,9,0,1.0,0,0,0,0,9.42,0.79,17.38,0.24,0
ACC-2026-0089,0843651604,2026-04,Infirmier,173.8,24,0.079,10,0,1.0,0,0,0,0,9.22,0.79,17.38,0.24,0
ACC-2026-0089,0843651604,2026-05,Infirmier,173.8,25,0.079,11,0,1.0,0,0,0,0,10.78,0.79,17.38,0.24,0
ACC-2026-0089,0843651604,2026-06,Infirmier,173.8,26,0.079,12,0,1.0,0,0,0,0,10.78,0.79,17.38,0.24,0
ACC-2026-0089,0843651604,2026-07,Infirmier,173.8,27,0.079,13,0,1.0,0,0,0,0,9.93,0.79,17.38,0.24,0
ACC-2026-0090,0841701728,2025-08,Chauffeur,247.79,49,0.159,5,0,1.0,0,0,0,0,30.35,4.77,8.26,0.42,0
ACC-2026-0090,0841701728,2025-09,Chauffeur,247.79,50,0.159,6,0,1.0,0,0,0,0,27.78,4.77,8.26,0.42,0
ACC-2026-0090,0841701728,2025-10,Chauffeur,247.79,51,0.159,7,0,1.0,0,0,0,0,31.81,4.77,8.26,0.42,0
ACC-2026-0090,0841701728,2025-11,Chauffeur,247.79,52,0.159,8,0,1.0,0,0,0,0,27.79,4.77,8.26,0.42,0
ACC-2026-0090,0841701728,2025-12,Chauffeur,247.79,53,0.159,9,0,1.0,0,0,0,0,28.51,4.77,8.26,0.42,0
ACC-2026-0090,0841701728,2026-01,Chauffeur,247.79,54,0.159,10,0,1.0,0,0,0,0,28.97,4.77,8.26,0.42,0
ACC-2026-0090,0841701728,2026-02,Chauffeur,247.79,55,0.159,11,0,1.0,0,0,0,0,30.91,4.77,8.26,0.42,0
ACC-2026-0090,0841701728,2026-03,Chauffeur,247.79,56,0.159,12,0,1.0,0,0,0,0,28.03,4.77,8.26,0.42,0
ACC-2026-0090,0841701728,2026-04,Chauffeur,247.79,57,0.159,13,0,1.0,0,0,0,0,31.89,4.77,8.26,0.42,0
ACC-2026-0090,0841701728,2026-05,Chauffeur,247.79,58,0.159,14,0,1.0,0,0,0,0,27.72,4.77,8.26,0.42,0
ACC-2026-0090,0841701728,2026-06,Chauffeur,247.79,59,0.159,15,0,1.0,0,0,0,0,31.84,4.77,8.26,0.42,0
ACC-2026-0090,0841701728,2026-07,Chauffeur,247.79,60,0.159,16,0,1.0,0,0,0,0,31.02,4.77,8.26,0.42,0
ACC-2026-0091,0842529935,2025-08,Fonctionnaire,306.53,68,0.062,5,0,1.0,0,0,0,0,28.37,1.87,10.218,0.18,0
ACC-2026-0091,0842529935,2025-09,Fonctionnaire,306.53,69,0.062,6,0,1.0,0,0,0,0,29.21,1.87,10.218,0.18,0
ACC-2026-0091,0842529935,2025-10,Fonctionnaire,306.53,70,0.062,7,0,1.0,0,0,0,0,28.29,1.87,10.218,0.18,0
ACC-2026-0091,0842529935,2025-11,Fonctionnaire,306.53,71,0.062,8,0,1.0,0,0,0,0,31.1,1.87,10.218,0.18,0
ACC-2026-0091,0842529935,2025-12,Fonctionnaire,306.53,72,0.062,9,0,1.0,0,0,0,0,31.91,1.87,10.218,0.18,1
ACC-2026-0091,0842529935,2026-01,Fonctionnaire,306.53,73,0.062,10,0,1.0,0,0,0,0,27.66,1.87,10.218,0.18,0
ACC-2026-0091,0842529935,2026-02,Fonctionnaire,306.53,74,0.062,11,0,1.0,0,0,0,0,30.52,1.87,10.218,0.18,0
ACC-2026-0091,0842529935,2026-03,Fonctionnaire,306.53,75,0.062,12,0,1.0,0,0,0,0,29.78,1.87,10.218,0.18,0
ACC-2026-0091,0842529935,2026-04,Fonctionnaire,306.53,76,0.062,12,0,0.889,0,0,1,30,31.83,1.87,10.218,0.18,0
ACC-2026-0091,0842529935,2026-05,Fonctionnaire,306.53,77,0.062,13,0,0.9,0,0,1,0,28.6,1.87,10.218,0.18,0
ACC-2026-0091,0842529935,2026-06,Fonctionnaire,306.53,78,0.062,14,0,0.909,0,0,1,0,28.3,1.87,10.218,0.18,0
ACC-2026-0091,0842529935,2026-07,Fonctionnaire,306.53,79,0.062,15,0,0.917,0,0,1,0,29.19,1.87,10.218,0.18,0
ACC-2026-0092,0843990511,2025-08,Enseignant,398.03,37,0.125,5,0,1.0,0,0,0,0,25.25,3.12,15.921,0.22,0
ACC-2026-0092,0843990511,2025-09,Enseignant,398.03,38,0.125,6,0,1.0,0,0,0,0,23.14,3.12,15.921,0.22,0
ACC-2026-0092,0843990511,2025-10,Enseignant,398.03,39,0.125,7,0,1.0,0,0,0,0,26.28,3.12,15.921,0.22,0
ACC-2026-0092,0843990511,2025-11,Enseignant,398.03,40,0.125,8,0,1.0,0,0,0,0,24.88,3.12,15.921,0.22,0
ACC-2026-0092,0843990511,2025-12,Enseignant,398.03,41,0.125,9,0,1.0,0,0,0,0,24.66,3.12,15.921,0.22,0
ACC-2026-0092,0843990511,2026-01,Enseignant,398.03,42,0.125,9,0,0.833,1,0,0,30,25.29,3.12,15.921,0.22,0
ACC-2026-0092,0843990511,2026-02,Enseignant,398.03,43,0.125,10,0,0.857,1,0,0,0,25.9,3.12,15.921,0.22,0
ACC-2026-0092,0843990511,2026-03,Enseignant,398.03,44,0.125,11,0,0.875,1,0,0,0,24.71,3.12,15.921,0.22,0
ACC-2026-0092,0843990511,2026-04,Enseignant,398.03,45,0.125,12,0,0.889,1,0,0,0,25.49,3.12,15.921,0.22,0
ACC-2026-0092,0843990511,2026-05,Enseignant,398.03,46,0.125,13,0,0.9,1,0,0,0,25.92,3.12,15.921,0.22,0
ACC-2026-0092,0843990511,2026-06,Enseignant,398.03,47,0.125,14,0,0.909,1,0,0,0,23.93,3.12,15.921,0.22,0
ACC-2026-0092,0843990511,2026-07,Enseignant,398.03,48,0.125,15,0,0.917,1,0,0,0,24.86,3.12,15.921,0.22,0
ACC-2026-0093,0844478434,2025-08,Agriculteur,398.28,43,0.217,1,0,0.0,0,0,1,365,14.28,3.25,26.552,0.46,0
ACC-2026-0093,0844478434,2025-09,Agriculteur,398.28,44,0.217,2,0,0.5,0,0,1,0,15.02,3.25,26.552,0.46,1
ACC-2026-0093,0844478434,2025-10,Agriculteur,398.28,45,0.217,3,0,0.667,0,0,1,0,14.62,3.25,26.552,0.46,0
ACC-2026-0093,0844478434,2025-11,Agriculteur,398.28,46,0.217,3,0,0.5,0,0,2,30,14.22,3.25,26.552,0.46,0
ACC-2026-0093,0844478434,2025-12,Agriculteur,398.28,47,0.217,4,0,0.6,0,0,2,0,16.0,5.05,26.552,0.46,0
ACC-2026-0093,0844478434,2026-01,Agriculteur,398.28,48,0.217,5,0,0.667,0,0,2,0,15.31,5.05,26.552,0.46,0
ACC-2026-0093,0844478434,2026-02,Agriculteur,398.28,49,0.217,6,0,0.714,0,0,2,0,15.68,5.05,26.552,0.46,0
ACC-2026-0093,0844478434,2026-03,Agriculteur,398.28,50,0.217,7,0,0.75,0,0,2,0,14.52,5.05,26.552,0.46,0
ACC-2026-0093,0844478434,2026-04,Agriculteur,398.28,51,0.217,8,0,0.778,0,0,2,0,14.3,5.05,26.552,0.46,0
ACC-2026-0093,0844478434,2026-05,Agriculteur,398.28,52,0.217,9,0,0.8,0,0,2,0,14.65,5.05,26.552,0.46,0
ACC-2026-0093,0844478434,2026-06,Agriculteur,398.28,53,0.217,9,0,0.727,0,0,3,30,15.3,5.05,26.552,0.46,0
ACC-2026-0093,0844478434,2026-07,Agriculteur,398.28,54,0.217,10,0,0.75,0,0,3,0,15.88,5.05,26.552,0.46,0
ACC-2026-0094,0846276424,2025-08,Agriculteur,309.84,35,0.141,2,0,1.0,0,0,0,0,21.05,2.82,15.492,0.46,0
ACC-2026-0094,0846276424,2025-09,Agriculteur,309.84,36,0.141,3,0,1.0,0,0,0,0,19.6,2.82,15.492,0.46,0
ACC-2026-0094,0846276424,2025-10,Agriculteur,309.84,37,0.141,4,0,1.0,0,0,0,0,20.02,2.82,15.492,0.46,0
ACC-2026-0094,0846276424,2025-11,Agriculteur,309.84,38,0.141,5,0,1.0,0,0,0,0,19.49,2.82,15.492,0.46,0
ACC-2026-0094,0846276424,2025-12,Agriculteur,309.84,39,0.141,6,0,1.0,0,0,0,0,19.45,2.82,15.492,0.46,0
ACC-2026-0094,0846276424,2026-01,Agriculteur,309.84,40,0.141,7,0,1.0,0,0,0,0,20.05,2.82,15.492,0.46,0
ACC-2026-0094,0846276424,2026-02,Agriculteur,309.84,41,0.141,8,0,1.0,0,1,0,0,19.64,2.82,15.492,0.46,0
ACC-2026-0094,0846276424,2026-03,Agriculteur,309.84,42,0.141,9,0,1.0,0,1,0,0,18.54,2.82,15.492,0.46,0
ACC-2026-0094,0846276424,2026-04,Agriculteur,309.84,43,0.141,10,0,1.0,0,1,0,0,21.25,2.82,15.492,0.46,0
ACC-2026-0094,0846276424,2026-05,Agriculteur,309.84,44,0.141,11,0,1.0,0,1,0,0,18.47,2.82,15.492,0.46,0
ACC-2026-0094,0846276424,2026-06,Agriculteur,309.84,45,0.141,12,0,1.0,0,1,0,0,19.04,2.82,15.492,0.46,0
ACC-2026-0094,0846276424,2026-07,Agriculteur,309.84,46,0.141,13,0,1.0,0,1,0,0,20.55,2.82,15.492,0.46,0
ACC-2026-0095,0842920326,2025-08,Fonctionnaire,310.07,27,0.057,3,0,1.0,0,0,0,0,26.77,1.43,12.403,0.18,0
ACC-2026-0095,0842920326,2025-09,Fonctionnaire,310.07,28,0.057,4,0,1.0,0,0,0,0,24.25,1.43,12.403,0.18,0
ACC-2026-0095,0842920326,2025-10,Fonctionnaire,310.07,29,0.057,5,0,1.0,0,0,0,0,23.12,1.43,12.403,0.18,0
ACC-2026-0095,0842920326,2025-11,Fonctionnaire,310.07,30,0.057,6,0,1.0,0,0,0,0,23.34,1.43,12.403,0.18,0
ACC-2026-0095,0842920326,2025-12,Fonctionnaire,310.07,31,0.057,7,0,1.0,0,0,0,0,25.52,1.43,12.403,0.18,0
ACC-2026-0095,0842920326,2026-01,Fonctionnaire,310.07,32,0.057,8,0,1.0,0,0,0,0,24.33,1.43,12.403,0.18,0
ACC-2026-0095,0842920326,2026-02,Fonctionnaire,310.07,33,0.057,9,0,1.0,0,0,0,0,23.31,1.43,12.403,0.18,0
ACC-2026-0095,0842920326,2026-03,Fonctionnaire,310.07,34,0.057,10,0,1.0,0,0,0,0,23.37,1.43,12.403,0.18,0
ACC-2026-0095,0842920326,2026-04,Fonctionnaire,310.07,35,0.057,11,0,1.0,0,0,0,0,24.24,1.43,12.403,0.18,0
ACC-2026-0095,0842920326,2026-05,Fonctionnaire,310.07,36,0.057,12,0,1.0,0,0,0,0,26.79,1.43,12.403,0.18,0
ACC-2026-0095,0842920326,2026-06,Fonctionnaire,310.07,37,0.057,13,0,1.0,0,0,0,0,24.45,1.43,12.403,0.18,0
ACC-2026-0095,0842920326,2026-07,Fonctionnaire,310.07,38,0.057,14,0,1.0,0,0,0,0,26.44,1.43,12.403,0.18,0
ACC-2026-0096,0842096646,2025-08,Commercant independant,265.13,45,0.156,2,0,1.0,0,0,0,0,19.52,3.12,13.256,0.36,0
ACC-2026-0096,0842096646,2025-09,Commercant independant,265.13,46,0.156,3,0,1.0,0,0,0,0,20.69,3.12,13.256,0.36,0
ACC-2026-0096,0842096646,2025-10,Commercant independant,265.13,47,0.156,3,0,0.667,1,0,0,30,19.37,3.12,13.256,0.36,0
ACC-2026-0096,0842096646,2025-11,Commercant independant,265.13,48,0.156,4,0,0.75,1,0,0,0,19.18,3.12,13.256,0.36,0
ACC-2026-0096,0842096646,2025-12,Commercant independant,265.13,49,0.156,4,0,0.6,2,0,0,30,19.07,3.12,13.256,0.36,0
ACC-2026-0096,0842096646,2026-01,Commercant independant,265.13,50,0.156,5,0,0.667,2,0,0,0,20.22,5.12,13.256,0.36,0
ACC-2026-0096,0842096646,2026-02,Commercant independant,265.13,51,0.156,6,0,0.714,2,0,0,0,20.54,5.12,13.256,0.36,0
ACC-2026-0096,0842096646,2026-03,Commercant independant,265.13,52,0.156,7,0,0.75,2,0,0,0,18.77,5.12,13.256,0.36,0
ACC-2026-0096,0842096646,2026-04,Commercant independant,265.13,53,0.156,8,0,0.778,2,1,0,0,19.82,5.12,13.256,0.36,0
ACC-2026-0096,0842096646,2026-05,Commercant independant,265.13,54,0.156,9,0,0.8,2,1,0,0,20.59,5.12,13.256,0.36,0
ACC-2026-0096,0842096646,2026-06,Commercant independant,265.13,55,0.156,10,0,0.818,2,1,0,0,20.46,5.12,13.256,0.36,0
ACC-2026-0096,0842096646,2026-07,Commercant independant,265.13,56,0.156,11,0,0.833,2,1,0,0,20.26,5.12,13.256,0.36,0
ACC-2026-0097,0843461642,2025-08,Chauffeur,253.29,58,0.142,3,0,1.0,0,0,0,0,10.47,1.42,25.329,0.42,0
ACC-2026-0097,0843461642,2025-09,Chauffeur,253.29,59,0.142,4,0,1.0,0,0,0,0,10.35,1.42,25.329,0.42,0
ACC-2026-0097,0843461642,2025-10,Chauffeur,253.29,60,0.142,5,0,1.0,0,0,0,0,10.18,1.42,25.329,0.42,0
ACC-2026-0097,0843461642,2025-11,Chauffeur,253.29,61,0.142,6,0,1.0,0,0,0,0,9.3,1.42,25.329,0.42,0
ACC-2026-0097,0843461642,2025-12,Chauffeur,253.29,62,0.142,6,0,0.8,0,0,1,30,10.1,1.42,25.329,0.42,0
ACC-2026-0097,0843461642,2026-01,Chauffeur,253.29,63,0.142,7,0,0.833,0,0,1,0,9.25,1.42,25.329,0.42,0
ACC-2026-0097,0843461642,2026-02,Chauffeur,253.29,64,0.142,8,0,0.857,0,0,1,0,10.34,1.42,25.329,0.42,0
ACC-2026-0097,0843461642,2026-03,Chauffeur,253.29,65,0.142,9,0,0.875,0,0,1,0,9.48,1.42,25.329,0.42,0
ACC-2026-0097,0843461642,2026-04,Chauffeur,253.29,66,0.142,10,0,0.889,0,0,1,0,9.78,1.42,25.329,0.42,0
ACC-2026-0097,0843461642,2026-05,Chauffeur,253.29,67,0.142,11,0,0.9,0,0,1,0,9.4,1.42,25.329,0.42,0
ACC-2026-0097,0843461642,2026-06,Chauffeur,253.29,68,0.142,12,0,0.909,0,0,1,0,10.62,1.42,25.329,0.42,0
ACC-2026-0097,0843461642,2026-07,Chauffeur,253.29,69,0.142,13,0,0.917,0,0,1,0,9.42,1.42,25.329,0.42,0
ACC-2026-0098,0848142130,2025-08,Chauffeur,341.35,59,0.177,4,0,1.0,0,0,0,0,23.9,4.42,13.654,0.42,1
ACC-2026-0098,0848142130,2025-09,Chauffeur,341.35,60,0.177,5,0,1.0,0,0,0,0,25.92,4.42,13.654,0.42,0
ACC-2026-0098,0848142130,2025-10,Chauffeur,341.35,61,0.177,6,0,1.0,0,0,0,0,25.31,4.42,13.654,0.42,1
ACC-2026-0098,0848142130,2025-11,Chauffeur,341.35,62,0.177,7,0,1.0,0,0,0,0,24.47,4.42,13.654,0.42,0
ACC-2026-0098,0848142130,2025-12,Chauffeur,341.35,63,0.177,7,0,0.8,1,0,0,30,25.92,4.42,13.654,0.42,0
ACC-2026-0098,0848142130,2026-01,Chauffeur,341.35,64,0.177,8,0,0.833,1,0,0,0,24.12,4.42,13.654,0.42,0
ACC-2026-0098,0848142130,2026-02,Chauffeur,341.35,65,0.177,9,0,0.857,1,0,0,0,23.98,4.42,13.654,0.42,0
ACC-2026-0098,0848142130,2026-03,Chauffeur,341.35,66,0.177,10,0,0.875,1,0,0,0,25.74,4.42,13.654,0.42,0
ACC-2026-0098,0848142130,2026-04,Chauffeur,341.35,67,0.177,11,0,0.889,1,0,0,0,26.61,4.42,13.654,0.42,1
ACC-2026-0098,0848142130,2026-05,Chauffeur,341.35,68,0.177,12,0,0.9,1,0,0,0,26.62,4.42,13.654,0.42,0
ACC-2026-0098,0848142130,2026-06,Chauffeur,341.35,69,0.177,13,0,0.909,1,0,0,0,26.91,4.42,13.654,0.42,0
ACC-2026-0098,0848142130,2026-07,Chauffeur,341.35,70,0.177,14,0,0.917,1,0,0,0,25.39,4.42,13.654,0.42,0
ACC-2026-0099,0845369510,2025-08,Fonctionnaire,332.2,7,0.159,4,0,0.0,0,0,1,365,29.93,4.78,11.073,0.18,1
ACC-2026-0099,0845369510,2025-09,Fonctionnaire,332.2,8,0.159,5,0,0.5,0,0,1,0,28.81,4.78,11.073,0.18,0
ACC-2026-0099,0845369510,2025-10,Fonctionnaire,332.2,9,0.159,6,0,0.667,0,0,1,0,31.16,4.78,11.073,0.18,0
ACC-2026-0099,0845369510,2025-11,Fonctionnaire,332.2,10,0.159,7,0,0.75,0,0,1,0,30.76,4.78,11.073,0.18,0
ACC-2026-0099,0845369510,2025-12,Fonctionnaire,332.2,11,0.159,8,0,0.8,0,0,1,0,28.73,4.78,11.073,0.18,0
ACC-2026-0099,0845369510,2026-01,Fonctionnaire,332.2,12,0.159,8,0,0.667,0,0,2,30,32.32,4.78,11.073,0.18,0
ACC-2026-0099,0845369510,2026-02,Fonctionnaire,332.2,13,0.159,9,0,0.714,0,0,2,0,31.62,8.38,11.073,0.18,0
ACC-2026-0099,0845369510,2026-03,Fonctionnaire,332.2,14,0.159,10,0,0.75,0,0,2,0,30.77,8.38,11.073,0.18,0
ACC-2026-0099,0845369510,2026-04,Fonctionnaire,332.2,15,0.159,11,0,0.778,0,0,2,0,31.64,8.38,11.073,0.18,0
ACC-2026-0099,0845369510,2026-05,Fonctionnaire,332.2,16,0.159,12,0,0.8,0,0,2,0,27.85,8.38,11.073,0.18,0
ACC-2026-0099,0845369510,2026-06,Fonctionnaire,332.2,17,0.159,13,0,0.818,0,0,2,0,32.15,8.38,11.073,0.18,0
ACC-2026-0099,0845369510,2026-07,Fonctionnaire,332.2,18,0.159,14,0,0.833,0,0,2,0,29.47,8.38,11.073,0.18,0
ACC-2026-0100,0848293631,2025-08,Fonctionnaire,391.88,58,0.11,5,0,1.0,0,0,0,0,18.53,2.19,19.594,0.18,0
ACC-2026-0100,0848293631,2025-09,Fonctionnaire,391.88,59,0.11,6,0,1.0,0,0,0,0,19.78,2.19,19.594,0.18,0
ACC-2026-0100,0848293631,2025-10,Fonctionnaire,391.88,60,0.11,7,0,1.0,0,0,0,0,19.25,2.19,19.594,0.18,0
ACC-2026-0100,0848293631,2025-11,Fonctionnaire,391.88,61,0.11,8,0,1.0,0,0,0,0,20.87,2.19,19.594,0.18,0
ACC-2026-0100,0848293631,2025-12,Fonctionnaire,391.88,62,0.11,9,0,1.0,0,0,0,0,19.02,2.19,19.594,0.18,0
ACC-2026-0100,0848293631,2026-01,Fonctionnaire,391.88,63,0.11,10,0,1.0,0,0,0,0,20.15,2.19,19.594,0.18,0
ACC-2026-0100,0848293631,2026-02,Fonctionnaire,391.88,64,0.11,10,0,0.857,0,0,1,30,18.71,2.19,19.594,0.18,0
ACC-2026-0100,0848293631,2026-03,Fonctionnaire,391.88,65,0.11,11,0,0.875,0,0,1,0,19.31,2.19,19.594,0.18,1
ACC-2026-0100,0848293631,2026-04,Fonctionnaire,391.88,66,0.11,12,0,0.889,0,0,1,0,21.4,2.19,19.594,0.18,0
ACC-2026-0100,0848293631,2026-05,Fonctionnaire,391.88,67,0.11,13,0,0.9,0,0,1,0,20.44,2.19,19.594,0.18,0
ACC-2026-0100,0848293631,2026-06,Fonctionnaire,391.88,68,0.11,14,0,0.909,0,0,1,0,18.82,2.19,19.594,0.18,0
ACC-2026-0100,0848293631,2026-07,Fonctionnaire,391.88,69,0.11,15,0,0.917,0,0,1,0,21.49,2.19,19.594,0.18,0
ACC-2026-0101,0845250268,2025-08,Infirmier,349.61,59,0.151,3,0,1.0,0,0,0,0,15.67,2.27,23.307,0.24,0
ACC-2026-0101,0845250268,2025-09,Infirmier,349.61,60,0.151,4,0,1.0,0,0,0,0,16.19,2.27,23.307,0.24,0
ACC-2026-0101,0845250268,2025-10,Infirmier,349.61,61,0.151,5,0,1.0,0,0,0,0,13.97,2.27,23.307,0.24,0
ACC-2026-0101,0845250268,2025-11,Infirmier,349.61,62,0.151,6,0,1.0,0,0,0,0,15.35,2.27,23.307,0.24,0
ACC-2026-0101,0845250268,2025-12,Infirmier,349.61,63,0.151,7,0,1.0,0,0,0,0,15.27,2.27,23.307,0.24,0
ACC-2026-0101,0845250268,2026-01,Infirmier,349.61,64,0.151,8,0,1.0,0,0,0,0,13.88,2.27,23.307,0.24,0
ACC-2026-0101,0845250268,2026-02,Infirmier,349.61,65,0.151,9,0,1.0,0,0,0,0,13.85,2.27,23.307,0.24,0
ACC-2026-0101,0845250268,2026-03,Infirmier,349.61,66,0.151,9,0,0.875,0,0,1,30,13.89,2.27,23.307,0.24,0
ACC-2026-0101,0845250268,2026-04,Infirmier,349.61,67,0.151,10,0,0.889,0,0,1,0,14.74,2.27,23.307,0.24,0
ACC-2026-0101,0845250268,2026-05,Infirmier,349.61,68,0.151,11,0,0.9,0,0,1,0,14.95,2.27,23.307,0.24,0
ACC-2026-0101,0845250268,2026-06,Infirmier,349.61,69,0.151,12,0,0.909,0,0,1,0,13.97,2.27,23.307,0.24,0
ACC-2026-0101,0845250268,2026-07,Infirmier,349.61,70,0.151,13,0,0.917,0,0,1,0,15.67,2.27,23.307,0.24,0
ACC-2026-0102,0847021650,2025-08,Commercant independant,307.87,39,0.091,1,0,1.0,0,0,0,0,21.13,1.82,15.393,0.36,0
ACC-2026-0102,0847021650,2025-09,Commercant independant,307.87,40,0.091,2,0,1.0,0,0,0,0,19.33,1.82,15.393,0.36,0
ACC-2026-0102,0847021650,2025-10,Commercant independant,307.87,41,0.091,3,0,1.0,0,0,0,0,20.51,1.82,15.393,0.36,0
ACC-2026-0102,0847021650,2025-11,Commercant independant,307.87,42,0.091,4,0,1.0,0,0,0,0,20.6,1.82,15.393,0.36,0
ACC-2026-0102,0847021650,2025-12,Commercant independant,307.87,43,0.091,5,0,1.0,0,0,0,0,19.01,1.82,15.393,0.36,0
ACC-2026-0102,0847021650,2026-01,Commercant independant,307.87,44,0.091,6,0,1.0,0,0,0,0,19.16,1.82,15.393,0.36,0
ACC-2026-0102,0847021650,2026-02,Commercant independant,307.87,45,0.091,7,0,1.0,0,0,0,0,20.0,1.82,15.393,0.36,0
ACC-2026-0102,0847021650,2026-03,Commercant independant,307.87,46,0.091,8,0,1.0,0,0,0,0,18.45,1.82,15.393,0.36,0
ACC-2026-0102,0847021650,2026-04,Commercant independant,307.87,47,0.091,9,0,1.0,0,0,0,0,19.7,1.82,15.393,0.36,0
ACC-2026-0102,0847021650,2026-05,Commercant independant,307.87,48,0.091,10,0,1.0,0,0,0,0,21.41,1.82,15.393,0.36,0
ACC-2026-0102,0847021650,2026-06,Commercant independant,307.87,49,0.091,11,0,1.0,0,0,0,0,19.15,1.82,15.393,0.36,0
ACC-2026-0102,0847021650,2026-07,Commercant independant,307.87,50,0.091,12,0,1.0,0,0,0,0,18.46,1.82,15.393,0.36,0
ACC-2026-0103,0845071537,2025-08,Agriculteur,346.05,7,0.258,1,0,1.0,0,0,0,0,14.21,3.87,23.07,0.46,0
ACC-2026-0103,0845071537,2025-09,Agriculteur,346.05,8,0.258,1,0,0.5,1,0,0,30,14.99,3.87,23.07,0.46,1
ACC-2026-0103,0845071537,2025-10,Agriculteur,346.05,9,0.258,2,0,0.667,1,0,0,0,14.82,3.87,23.07,0.46,0
ACC-2026-0103,0845071537,2025-11,Agriculteur,346.05,10,0.258,3,0,0.75,1,0,0,0,14.58,3.87,23.07,0.46,0
ACC-2026-0103,0845071537,2025-12,Agriculteur,346.05,11,0.258,4,0,0.8,1,0,0,0,15.81,3.87,23.07,0.46,0
ACC-2026-0103,0845071537,2026-01,Agriculteur,346.05,12,0.258,5,0,0.833,1,0,0,0,14.61,3.87,23.07,0.46,0
ACC-2026-0103,0845071537,2026-02,Agriculteur,346.05,13,0.258,6,0,0.857,1,0,0,0,15.47,3.87,23.07,0.46,0
ACC-2026-0103,0845071537,2026-03,Agriculteur,346.05,14,0.258,7,0,0.875,1,0,0,0,13.9,3.87,23.07,0.46,0
ACC-2026-0103,0845071537,2026-04,Agriculteur,346.05,15,0.258,8,0,0.889,1,0,0,0,15.67,3.87,23.07,0.46,0
ACC-2026-0103,0845071537,2026-05,Agriculteur,346.05,16,0.258,8,0,0.8,1,0,1,30,14.23,3.87,23.07,0.46,0
ACC-2026-0103,0845071537,2026-06,Agriculteur,346.05,17,0.258,9,0,0.818,1,0,1,0,14.8,3.87,23.07,0.46,0
ACC-2026-0103,0845071537,2026-07,Agriculteur,346.05,18,0.258,10,0,0.833,1,0,1,0,14.29,3.87,23.07,0.46,0
ACC-2026-0104,0847912738,2025-08,Enseignant,411.02,23,0.13,5,0,1.0,0,0,0,0,25.0,3.24,16.441,0.22,0
ACC-2026-0104,0847912738,2025-09,Enseignant,411.02,24,0.13,6,0,1.0,0,0,0,0,24.39,3.24,16.441,0.22,0
ACC-2026-0104,0847912738,2025-10,Enseignant,411.02,25,0.13,7,0,1.0,0,0,0,0,25.12,3.24,16.441,0.22,0
ACC-2026-0104,0847912738,2025-11,Enseignant,411.02,26,0.13,8,0,1.0,0,0,0,0,25.16,3.24,16.441,0.22,0
ACC-2026-0104,0847912738,2025-12,Enseignant,411.02,27,0.13,9,0,1.0,0,0,0,0,24.11,3.24,16.441,0.22,0
ACC-2026-0104,0847912738,2026-01,Enseignant,411.02,28,0.13,10,0,1.0,0,0,0,0,26.87,3.24,16.441,0.22,0
ACC-2026-0104,0847912738,2026-02,Enseignant,411.02,29,0.13,11,0,1.0,0,0,0,0,23.17,3.24,16.441,0.22,0
ACC-2026-0104,0847912738,2026-03,Enseignant,411.02,30,0.13,12,0,1.0,0,0,0,0,24.34,3.24,16.441,0.22,0
ACC-2026-0104,0847912738,2026-04,Enseignant,411.02,31,0.13,13,0,1.0,0,1,0,0,25.96,3.24,16.441,0.22,0
ACC-2026-0104,0847912738,2026-05,Enseignant,411.02,32,0.13,14,0,1.0,0,1,0,0,24.94,3.24,16.441,0.22,0
ACC-2026-0104,0847912738,2026-06,Enseignant,411.02,33,0.13,15,0,1.0,0,1,0,0,25.37,3.24,16.441,0.22,0
ACC-2026-0104,0847912738,2026-07,Enseignant,411.02,34,0.13,16,0,1.0,0,1,0,0,24.3,3.24,16.441,0.22,0
ACC-2026-0105,0842645243,2025-08,Enseignant,324.37,29,0.094,4,0,1.0,0,0,0,0,7.92,0.75,40.546,0.22,0
ACC-2026-0105,0842645243,2025-09,Enseignant,324.37,30,0.094,5,0,1.0,0,0,0,0,7.84,0.75,40.546,0.22,0
ACC-2026-0105,0842645243,2025-10,Enseignant,324.37,31,0.094,6,0,1.0,0,0,0,0,7.71,0.75,40.546,0.22,0
ACC-2026-0105,0842645243,2025-11,Enseignant,324.37,32,0.094,7,0,1.0,0,0,0,0,7.72,0.75,40.546,0.22,0
ACC-2026-0105,0842645243,2025-12,Enseignant,324.37,33,0.094,8,0,1.0,0,0,0,0,8.33,0.75,40.546,0.22,0
ACC-2026-0105,0842645243,2026-01,Enseignant,324.37,34,0.094,9,0,1.0,0,0,0,0,8.38,0.75,40.546,0.22,0
ACC-2026-0105,0842645243,2026-02,Enseignant,324.37,35,0.094,10,0,1.0,0,0,0,0,8.07,0.75,40.546,0.22,0
ACC-2026-0105,0842645243,2026-03,Enseignant,324.37,36,0.094,11,0,1.0,0,0,0,0,8.46,0.75,40.546,0.22,0
ACC-2026-0105,0842645243,2026-04,Enseignant,324.37,37,0.094,12,0,1.0,0,0,0,0,7.38,0.75,40.546,0.22,0
ACC-2026-0105,0842645243,2026-05,Enseignant,324.37,38,0.094,13,0,1.0,0,0,0,0,7.92,0.75,40.546,0.22,0
ACC-2026-0105,0842645243,2026-06,Enseignant,324.37,39,0.094,14,0,1.0,0,0,0,0,8.53,0.75,40.546,0.22,0
ACC-2026-0105,0842645243,2026-07,Enseignant,324.37,40,0.094,14,0,0.917,1,0,0,30,8.63,0.75,40.546,0.22,0
ACC-2026-0106,0848142021,2025-08,Commercant independant,366.04,62,0.213,4,0,1.0,0,0,0,0,28.0,6.4,12.201,0.36,0
ACC-2026-0106,0848142021,2025-09,Commercant independant,366.04,63,0.213,5,0,1.0,0,0,0,0,28.65,6.4,12.201,0.36,0
ACC-2026-0106,0848142021,2025-10,Commercant independant,366.04,64,0.213,6,0,1.0,0,0,0,0,27.68,6.4,12.201,0.36,0
ACC-2026-0106,0848142021,2025-11,Commercant independant,366.04,65,0.213,7,0,1.0,0,0,0,0,30.34,6.4,12.201,0.36,0
ACC-2026-0106,0848142021,2025-12,Commercant independant,366.04,66,0.213,8,0,1.0,0,0,0,0,28.27,6.4,12.201,0.36,0
ACC-2026-0106,0848142021,2026-01,Commercant independant,366.04,67,0.213,9,0,1.0,0,0,0,0,30.61,6.4,12.201,0.36,1
ACC-2026-0106,0848142021,2026-02,Commercant independant,366.04,68,0.213,10,0,1.0,0,0,0,0,29.45,6.4,12.201,0.36,0
ACC-2026-0106,0848142021,2026-03,Commercant independant,366.04,69,0.213,11,0,1.0,0,0,0,0,31.21,6.4,12.201,0.36,0
ACC-2026-0106,0848142021,2026-04,Commercant independant,366.04,70,0.213,12,0,1.0,0,0,0,0,28.59,6.4,12.201,0.36,0
ACC-2026-0106,0848142021,2026-05,Commercant independant,366.04,71,0.213,13,0,1.0,0,0,0,0,32.07,6.4,12.201,0.36,0
ACC-2026-0106,0848142021,2026-06,Commercant independant,366.04,72,0.213,14,0,1.0,0,0,0,0,27.85,6.4,12.201,0.36,0
ACC-2026-0106,0848142021,2026-07,Commercant independant,366.04,73,0.213,14,0,0.917,0,0,1,30,29.36,6.4,12.201,0.36,0
ACC-2026-0107,0844434507,2025-08,Enseignant,318.95,62,0.169,5,0,1.0,0,0,0,0,30.97,5.08,10.632,0.22,0
ACC-2026-0107,0844434507,2025-09,Enseignant,318.95,63,0.169,6,0,1.0,0,0,0,0,31.91,5.08,10.632,0.22,0
ACC-2026-0107,0844434507,2025-10,Enseignant,318.95,64,0.169,7,0,1.0,0,1,0,0,29.39,5.08,10.632,0.22,0
ACC-2026-0107,0844434507,2025-11,Enseignant,318.95,65,0.169,8,0,1.0,0,1,0,0,29.86,5.08,10.632,0.22,0
ACC-2026-0107,0844434507,2025-12,Enseignant,318.95,66,0.169,9,0,1.0,0,1,0,0,29.77,5.08,10.632,0.22,0
ACC-2026-0107,0844434507,2026-01,Enseignant,318.95,67,0.169,10,0,1.0,0,1,0,0,32.29,5.08,10.632,0.22,0
ACC-2026-0107,0844434507,2026-02,Enseignant,318.95,68,0.169,11,0,1.0,0,1,0,0,28.02,5.08,10.632,0.22,0
ACC-2026-0107,0844434507,2026-03,Enseignant,318.95,69,0.169,12,0,1.0,0,1,0,0,27.97,5.08,10.632,0.22,0
ACC-2026-0107,0844434507,2026-04,Enseignant,318.95,70,0.169,13,0,1.0,0,1,0,0,28.32,5.08,10.632,0.22,0
ACC-2026-0107,0844434507,2026-05,Enseignant,318.95,71,0.169,13,0,0.9,0,1,1,30,29.6,5.08,10.632,0.22,0
ACC-2026-0107,0844434507,2026-06,Enseignant,318.95,72,0.169,14,0,0.909,0,1,1,0,29.62,5.08,10.632,0.22,1
ACC-2026-0107,0844434507,2026-07,Enseignant,318.95,73,0.169,15,0,0.917,0,1,1,0,27.71,5.08,10.632,0.22,0
ACC-2026-0108,0849717785,2025-08,Chauffeur,411.95,53,0.164,3,0,1.0,0,0,0,0,25.66,4.1,16.478,0.42,0
ACC-2026-0108,0849717785,2025-09,Chauffeur,411.95,54,0.164,4,0,1.0,0,0,0,0,25.27,4.1,16.478,0.42,0
ACC-2026-0108,0849717785,2025-10,Chauffeur,411.95,55,0.164,5,0,1.0,0,0,0,0,23.91,4.1,16.478,0.42,0
ACC-2026-0108,0849717785,2025-11,Chauffeur,411.95,56,0.164,6,0,1.0,0,0,0,0,23.59,4.1,16.478,0.42,0
ACC-2026-0108,0849717785,2025-12,Chauffeur,411.95,57,0.164,7,0,1.0,0,0,0,0,23.64,4.1,16.478,0.42,0
ACC-2026-0108,0849717785,2026-01,Chauffeur,411.95,58,0.164,8,0,1.0,0,0,0,0,25.83,4.1,16.478,0.42,0
ACC-2026-0108,0849717785,2026-02,Chauffeur,411.95,59,0.164,9,0,1.0,0,0,0,0,23.47,4.1,16.478,0.42,0
ACC-2026-0108,0849717785,2026-03,Chauffeur,411.95,60,0.164,10,0,1.0,0,0,0,0,24.48,4.1,16.478,0.42,0
ACC-2026-0108,0849717785,2026-04,Chauffeur,411.95,61,0.164,11,0,1.0,0,0,0,0,26.91,4.1,16.478,0.42,0
ACC-2026-0108,0849717785,2026-05,Chauffeur,411.95,62,0.164,12,0,1.0,0,0,0,0,25.13,4.1,16.478,0.42,1
ACC-2026-0108,0849717785,2026-06,Chauffeur,411.95,63,0.164,13,0,1.0,0,0,0,0,26.07,4.1,16.478,0.42,0
ACC-2026-0108,0849717785,2026-07,Chauffeur,411.95,64,0.164,14,0,1.0,0,0,0,0,26.88,4.1,16.478,0.42,0
ACC-2026-0109,0845958621,2025-08,Commercant independant,285.86,19,0.199,4,0,1.0,0,0,0,0,23.45,4.96,11.434,0.36,1
ACC-2026-0109,0845958621,2025-09,Commercant independant,285.86,20,0.199,5,0,1.0,0,0,0,0,23.47,4.96,11.434,0.36,0
ACC-2026-0109,0845958621,2025-10,Commercant independant,285.86,21,0.199,6,0,1.0,0,0,0,0,24.43,4.96,11.434,0.36,0
ACC-2026-0109,0845958621,2025-11,Commercant independant,285.86,22,0.199,7,0,1.0,0,0,0,0,25.11,4.96,11.434,0.36,0
ACC-2026-0109,0845958621,2025-12,Commercant independant,285.86,23,0.199,8,0,1.0,0,0,0,0,23.33,4.96,11.434,0.36,0
ACC-2026-0109,0845958621,2026-01,Commercant independant,285.86,24,0.199,9,0,1.0,0,0,0,0,26.9,4.96,11.434,0.36,0
ACC-2026-0109,0845958621,2026-02,Commercant independant,285.86,25,0.199,10,0,1.0,0,0,0,0,25.05,4.96,11.434,0.36,0
ACC-2026-0109,0845958621,2026-03,Commercant independant,285.86,26,0.199,11,0,1.0,0,0,0,0,25.86,4.96,11.434,0.36,0
ACC-2026-0109,0845958621,2026-04,Commercant independant,285.86,27,0.199,11,0,0.889,0,0,1,30,24.38,4.96,11.434,0.36,0
ACC-2026-0109,0845958621,2026-05,Commercant independant,285.86,28,0.199,12,0,0.9,0,0,1,0,23.86,4.96,11.434,0.36,0
ACC-2026-0109,0845958621,2026-06,Commercant independant,285.86,29,0.199,13,0,0.909,0,0,1,0,24.77,4.96,11.434,0.36,0
ACC-2026-0109,0845958621,2026-07,Commercant independant,285.86,30,0.199,14,0,0.917,0,0,1,0,25.91,4.96,11.434,0.36,0
ACC-2026-0110,0842444148,2025-08,Enseignant,570.53,39,0.177,5,0,1.0,0,0,0,0,18.61,3.54,28.526,0.22,0
ACC-2026-0110,0842444148,2025-09,Enseignant,570.53,40,0.177,6,0,1.0,0,0,0,0,19.71,3.54,28.526,0.22,0
ACC-2026-0110,0842444148,2025-10,Enseignant,570.53,41,0.177,7,0,1.0,0,0,0,0,20.67,3.54,28.526,0.22,0
ACC-2026-0110,0842444148,2025-11,Enseignant,570.53,42,0.177,8,0,1.0,0,0,0,0,19.62,3.54,28.526,0.22,1
ACC-2026-0110,0842444148,2025-12,Enseignant,570.53,43,0.177,9,0,1.0,0,0,0,0,21.07,3.54,28.526,0.22,0
ACC-2026-0110,0842444148,2026-01,Enseignant,570.53,44,0.177,10,0,1.0,0,0,0,0,18.49,3.54,28.526,0.22,0
ACC-2026-0110,0842444148,2026-02,Enseignant,570.53,45,0.177,11,0,1.0,0,0,0,0,21.07,3.54,28.526,0.22,0
ACC-2026-0110,0842444148,2026-03,Enseignant,570.53,46,0.177,12,0,1.0,0,0,0,0,19.73,3.54,28.526,0.22,0
ACC-2026-0110,0842444148,2026-04,Enseignant,570.53,47,0.177,13,0,1.0,0,0,0,0,18.78,3.54,28.526,0.22,0
ACC-2026-0110,0842444148,2026-05,Enseignant,570.53,48,0.177,14,0,1.0,0,1,0,0,20.79,3.54,28.526,0.22,0
ACC-2026-0110,0842444148,2026-06,Enseignant,570.53,49,0.177,15,0,1.0,0,1,0,0,20.41,3.54,28.526,0.22,0
ACC-2026-0110,0842444148,2026-07,Enseignant,570.53,50,0.177,16,0,1.0,0,1,0,0,20.04,3.54,28.526,0.22,0
ACC-2026-0111,0843732123,2025-08,Chauffeur,378.19,18,0.135,3,0,1.0,0,0,0,0,15.33,2.03,25.213,0.42,1
ACC-2026-0111,0843732123,2025-09,Chauffeur,378.19,19,0.135,4,0,1.0,0,0,0,0,15.33,2.03,25.213,0.42,0
ACC-2026-0111,0843732123,2025-10,Chauffeur,378.19,20,0.135,5,0,1.0,0,0,0,0,15.64,2.03,25.213,0.42,0
ACC-2026-0111,0843732123,2025-11,Chauffeur,378.19,21,0.135,6,0,1.0,0,0,0,0,14.56,2.03,25.213,0.42,0
ACC-2026-0111,0843732123,2025-12,Chauffeur,378.19,22,0.135,7,0,1.0,0,0,0,0,15.48,2.03,25.213,0.42,0
ACC-2026-0111,0843732123,2026-01,Chauffeur,378.19,23,0.135,8,0,1.0,0,0,0,0,14.14,2.03,25.213,0.42,0
ACC-2026-0111,0843732123,2026-02,Chauffeur,378.19,24,0.135,9,0,1.0,0,0,0,0,14.79,2.03,25.213,0.42,0
ACC-2026-0111,0843732123,2026-03,Chauffeur,378.19,25,0.135,10,0,1.0,0,0,0,0,15.01,2.03,25.213,0.42,0
ACC-2026-0111,0843732123,2026-04,Chauffeur,378.19,26,0.135,11,0,1.0,0,0,0,0,15.46,2.03,25.213,0.42,0
ACC-2026-0111,0843732123,2026-05,Chauffeur,378.19,27,0.135,12,0,1.0,0,0,0,0,15.49,2.03,25.213,0.42,0
ACC-2026-0111,0843732123,2026-06,Chauffeur,378.19,28,0.135,13,0,1.0,0,0,0,0,14.08,2.03,25.213,0.42,1
ACC-2026-0111,0843732123,2026-07,Chauffeur,378.19,29,0.135,14,0,1.0,0,0,0,0,15.46,2.03,25.213,0.42,0
ACC-2026-0112,0849776515,2025-08,Agriculteur,385.49,44,0.241,1,0,1.0,0,0,0,0,9.39,2.41,38.549,0.46,0
ACC-2026-0112,0849776515,2025-09,Agriculteur,385.49,45,0.241,2,0,1.0,0,0,0,0,9.69,2.41,38.549,0.46,0
ACC-2026-0112,0849776515,2025-10,Agriculteur,385.49,46,0.241,3,0,1.0,0,0,0,0,10.42,2.41,38.549,0.46,1
ACC-2026-0112,0849776515,2025-11,Agriculteur,385.49,47,0.241,4,0,1.0,0,0,0,0,9.89,2.41,38.549,0.46,1
ACC-2026-0112,0849776515,2025-12,Agriculteur,385.49,48,0.241,5,0,1.0,0,0,0,0,10.15,2.41,38.549,0.46,0
ACC-2026-0112,0849776515,2026-01,Agriculteur,385.49,49,0.241,5,0,0.833,0,0,1,30,9.68,2.41,38.549,0.46,0
ACC-2026-0112,0849776515,2026-02,Agriculteur,385.49,50,0.241,6,0,0.857,0,0,1,0,10.16,2.41,38.549,0.46,0
ACC-2026-0112,0849776515,2026-03,Agriculteur,385.49,51,0.241,7,0,0.875,0,0,1,0,9.25,2.41,38.549,0.46,0
ACC-2026-0112,0849776515,2026-04,Agriculteur,385.49,52,0.241,8,0,0.889,0,0,1,0,10.13,2.41,38.549,0.46,0
ACC-2026-0112,0849776515,2026-05,Agriculteur,385.49,53,0.241,9,0,0.9,0,0,1,0,10.18,2.41,38.549,0.46,1
ACC-2026-0112,0849776515,2026-06,Agriculteur,385.49,54,0.241,10,0,0.909,0,0,1,0,10.42,2.41,38.549,0.46,0
ACC-2026-0112,0849776515,2026-07,Agriculteur,385.49,55,0.241,11,0,0.917,0,0,1,0,9.47,2.41,38.549,0.46,1
ACC-2026-0113,0842655671,2025-08,Vendeur de rue,414.46,61,0.311,2,0,1.0,0,0,0,0,16.1,4.66,27.631,0.62,0
ACC-2026-0113,0842655671,2025-09,Vendeur de rue,414.46,62,0.311,3,0,1.0,0,0,0,0,14.31,4.66,27.631,0.62,0
ACC-2026-0113,0842655671,2025-10,Vendeur de rue,414.46,63,0.311,4,0,1.0,0,0,0,0,14.1,4.66,27.631,0.62,0
ACC-2026-0113,0842655671,2025-11,Vendeur de rue,414.46,64,0.311,5,0,1.0,0,0,0,0,15.49,4.66,27.631,0.62,1
ACC-2026-0113,0842655671,2025-12,Vendeur de rue,414.46,65,0.311,6,0,1.0,0,0,0,0,14.08,4.66,27.631,0.62,0
ACC-2026-0113,0842655671,2026-01,Vendeur de rue,414.46,66,0.311,7,0,1.0,0,0,0,0,16.14,4.66,27.631,0.62,0
ACC-2026-0113,0842655671,2026-02,Vendeur de rue,414.46,67,0.311,8,0,1.0,0,0,0,0,15.85,4.66,27.631,0.62,1
ACC-2026-0113,0842655671,2026-03,Vendeur de rue,414.46,68,0.311,9,0,1.0,0,0,0,0,14.94,4.66,27.631,0.62,0
ACC-2026-0113,0842655671,2026-04,Vendeur de rue,414.46,69,0.311,10,0,1.0,0,0,0,0,14.98,4.66,27.631,0.62,0
ACC-2026-0113,0842655671,2026-05,Vendeur de rue,414.46,70,0.311,11,0,1.0,0,0,0,0,14.0,4.66,27.631,0.62,0
ACC-2026-0113,0842655671,2026-06,Vendeur de rue,414.46,71,0.311,12,0,1.0,0,0,0,0,14.04,4.66,27.631,0.62,0
ACC-2026-0113,0842655671,2026-07,Vendeur de rue,414.46,72,0.311,12,0,0.917,0,0,1,30,16.14,4.66,27.631,0.62,0
ACC-2026-0114,0847782844,2025-08,Enseignant,293.29,55,0.099,5,0,1.0,0,0,0,0,31.23,2.97,9.776,0.22,0
ACC-2026-0114,0847782844,2025-09,Enseignant,293.29,56,0.099,6,0,1.0,0,0,0,0,30.8,2.97,9.776,0.22,0
ACC-2026-0114,0847782844,2025-10,Enseignant,293.29,57,0.099,7,0,1.0,0,0,0,0,28.31,2.97,9.776,0.22,0
ACC-2026-0114,0847782844,2025-11,Enseignant,293.29,58,0.099,8,0,1.0,0,0,0,0,28.71,2.97,9.776,0.22,1
ACC-2026-0114,0847782844,2025-12,Enseignant,293.29,59,0.099,9,0,1.0,0,0,0,0,31.59,2.97,9.776,0.22,1
ACC-2026-0114,0847782844,2026-01,Enseignant,293.29,60,0.099,10,0,1.0,0,0,0,0,30.5,2.97,9.776,0.22,0
ACC-2026-0114,0847782844,2026-02,Enseignant,293.29,61,0.099,11,0,1.0,0,0,0,0,31.25,2.97,9.776,0.22,0
ACC-2026-0114,0847782844,2026-03,Enseignant,293.29,62,0.099,12,0,1.0,0,0,0,0,29.84,2.97,9.776,0.22,0
ACC-2026-0114,0847782844,2026-04,Enseignant,293.29,63,0.099,13,0,1.0,0,0,0,0,30.2,2.97,9.776,0.22,0
ACC-2026-0114,0847782844,2026-05,Enseignant,293.29,64,0.099,13,0,0.9,0,0,1,30,31.27,2.97,9.776,0.22,0
ACC-2026-0114,0847782844,2026-06,Enseignant,293.29,65,0.099,14,0,0.909,0,0,1,0,29.76,2.97,9.776,0.22,0
ACC-2026-0114,0847782844,2026-07,Enseignant,293.29,66,0.099,15,0,0.917,0,1,1,0,28.45,2.97,9.776,0.22,0
ACC-2026-0115,0843753883,2025-08,Commercant independant,425.88,63,0.173,4,0,1.0,0,0,0,0,8.24,1.38,53.235,0.36,0
ACC-2026-0115,0843753883,2025-09,Commercant independant,425.88,64,0.173,5,0,1.0,0,0,0,0,8.01,1.38,53.235,0.36,0
ACC-2026-0115,0843753883,2025-10,Commercant independant,425.88,65,0.173,6,0,1.0,0,0,0,0,8.15,1.38,53.235,0.36,0
ACC-2026-0115,0843753883,2025-11,Commercant independant,425.88,66,0.173,7,0,1.0,0,0,0,0,7.4,1.38,53.235,0.36,0
ACC-2026-0115,0843753883,2025-12,Commercant independant,425.88,67,0.173,8,0,1.0,0,0,0,0,8.31,1.38,53.235,0.36,0
ACC-2026-0115,0843753883,2026-01,Commercant independant,425.88,68,0.173,9,0,1.0,0,0,0,0,7.48,1.38,53.235,0.36,0
ACC-2026-0115,0843753883,2026-02,Commercant independant,425.88,69,0.173,10,0,1.0,0,0,0,0,8.21,1.38,53.235,0.36,0
ACC-2026-0115,0843753883,2026-03,Commercant independant,425.88,70,0.173,11,0,1.0,0,0,0,0,8.53,1.38,53.235,0.36,0
ACC-2026-0115,0843753883,2026-04,Commercant independant,425.88,71,0.173,12,0,1.0,0,0,0,0,7.39,1.38,53.235,0.36,0
ACC-2026-0115,0843753883,2026-05,Commercant independant,425.88,72,0.173,13,0,1.0,0,0,0,0,8.09,1.38,53.235,0.36,0
ACC-2026-0115,0843753883,2026-06,Commercant independant,425.88,73,0.173,14,0,1.0,0,0,0,0,8.11,1.38,53.235,0.36,0
ACC-2026-0115,0843753883,2026-07,Commercant independant,425.88,74,0.173,15,0,1.0,0,0,0,0,8.09,1.38,53.235,0.36,0
ACC-2026-0116,0844454568,2025-08,Commercant independant,437.24,65,0.136,5,0,1.0,0,0,0,0,32.25,4.09,14.575,0.36,0
ACC-2026-0116,0844454568,2025-09,Commercant independant,437.24,66,0.136,6,0,1.0,0,0,0,0,27.96,4.09,14.575,0.36,0
ACC-2026-0116,0844454568,2025-10,Commercant independant,437.24,67,0.136,7,0,1.0,0,0,0,0,29.03,4.09,14.575,0.36,0
ACC-2026-0116,0844454568,2025-11,Commercant independant,437.24,68,0.136,8,0,1.0,0,0,0,0,32.2,4.09,14.575,0.36,0
ACC-2026-0116,0844454568,2025-12,Commercant independant,437.24,69,0.136,9,0,1.0,0,0,0,0,28.91,4.09,14.575,0.36,0
ACC-2026-0116,0844454568,2026-01,Commercant independant,437.24,70,0.136,10,0,1.0,0,0,0,0,29.27,4.09,14.575,0.36,0
ACC-2026-0116,0844454568,2026-02,Commercant independant,437.24,71,0.136,11,0,1.0,0,0,0,0,29.04,4.09,14.575,0.36,0
ACC-2026-0116,0844454568,2026-03,Commercant independant,437.24,72,0.136,12,0,1.0,0,0,0,0,28.81,4.09,14.575,0.36,0
ACC-2026-0116,0844454568,2026-04,Commercant independant,437.24,73,0.136,13,0,1.0,0,0,0,0,31.83,4.09,14.575,0.36,0
ACC-2026-0116,0844454568,2026-05,Commercant independant,437.24,74,0.136,14,0,1.0,0,0,0,0,30.0,4.09,14.575,0.36,0
ACC-2026-0116,0844454568,2026-06,Commercant independant,437.24,75,0.136,15,0,1.0,0,0,0,0,28.89,4.09,14.575,0.36,0
ACC-2026-0116,0844454568,2026-07,Commercant independant,437.24,76,0.136,16,0,1.0,0,0,0,0,31.95,4.09,14.575,0.36,0
ACC-2026-0117,0842004647,2025-08,Commercant independant,304.78,20,0.192,3,0,1.0,0,0,0,0,29.57,5.75,10.159,0.36,0
ACC-2026-0117,0842004647,2025-09,Commercant independant,304.78,21,0.192,4,0,1.0,0,0,0,0,31.66,5.75,10.159,0.36,0
ACC-2026-0117,0842004647,2025-10,Commercant independant,304.78,22,0.192,5,0,1.0,0,0,0,0,30.9,5.75,10.159,0.36,0
ACC-2026-0117,0842004647,2025-11,Commercant independant,304.78,23,0.192,6,0,1.0,0,0,0,0,27.73,5.75,10.159,0.36,0
ACC-2026-0117,0842004647,2025-12,Commercant independant,304.78,24,0.192,7,0,1.0,0,0,0,0,32.36,5.75,10.159,0.36,0
ACC-2026-0117,0842004647,2026-01,Commercant independant,304.78,25,0.192,8,0,1.0,0,0,0,0,28.91,5.75,10.159,0.36,0
ACC-2026-0117,0842004647,2026-02,Commercant independant,304.78,26,0.192,9,0,1.0,0,0,0,0,30.24,5.75,10.159,0.36,1
ACC-2026-0117,0842004647,2026-03,Commercant independant,304.78,27,0.192,10,0,1.0,0,0,0,0,31.35,5.75,10.159,0.36,0
ACC-2026-0117,0842004647,2026-04,Commercant independant,304.78,28,0.192,11,0,1.0,0,0,0,0,29.03,5.75,10.159,0.36,0
ACC-2026-0117,0842004647,2026-05,Commercant independant,304.78,29,0.192,12,0,1.0,0,0,0,0,30.82,5.75,10.159,0.36,0
ACC-2026-0117,0842004647,2026-06,Commercant independant,304.78,30,0.192,13,0,1.0,0,0,0,0,31.65,5.75,10.159,0.36,0
ACC-2026-0117,0842004647,2026-07,Commercant independant,304.78,31,0.192,14,0,1.0,0,0,0,0,28.18,5.75,10.159,0.36,0
ACC-2026-0118,0849812402,2025-08,Infirmier,403.8,12,0.124,3,0,1.0,0,0,0,0,10.13,1.24,40.38,0.24,0
ACC-2026-0118,0849812402,2025-09,Infirmier,403.8,13,0.124,4,0,1.0,0,0,0,0,9.88,1.24,40.38,0.24,0
ACC-2026-0118,0849812402,2025-10,Infirmier,403.8,14,0.124,5,0,1.0,0,0,0,0,9.9,1.24,40.38,0.24,0
ACC-2026-0118,0849812402,2025-11,Infirmier,403.8,15,0.124,6,0,1.0,0,0,0,0,9.8,1.24,40.38,0.24,0
ACC-2026-0118,0849812402,2025-12,Infirmier,403.8,16,0.124,7,0,1.0,0,0,0,0,10.29,1.24,40.38,0.24,0
ACC-2026-0118,0849812402,2026-01,Infirmier,403.8,17,0.124,8,0,1.0,0,0,0,0,9.78,1.24,40.38,0.24,0
ACC-2026-0118,0849812402,2026-02,Infirmier,403.8,18,0.124,8,0,0.857,0,0,1,30,10.75,1.24,40.38,0.24,0
ACC-2026-0118,0849812402,2026-03,Infirmier,403.8,19,0.124,9,0,0.875,0,0,1,0,10.71,1.24,40.38,0.24,0
ACC-2026-0118,0849812402,2026-04,Infirmier,403.8,20,0.124,10,0,0.889,0,0,1,0,10.08,1.24,40.38,0.24,0
ACC-2026-0118,0849812402,2026-05,Infirmier,403.8,21,0.124,11,0,0.9,0,0,1,0,10.5,1.24,40.38,0.24,0
ACC-2026-0118,0849812402,2026-06,Infirmier,403.8,22,0.124,12,0,0.909,0,0,1,0,9.82,1.24,40.38,0.24,0
ACC-2026-0118,0849812402,2026-07,Infirmier,403.8,23,0.124,13,0,0.917,0,0,1,0,9.61,1.24,40.38,0.24,0
ACC-2026-0119,0844950370,2025-08,Infirmier,399.48,57,0.079,4,0,1.0,0,0,0,0,28.92,2.36,13.316,0.24,0
ACC-2026-0119,0844950370,2025-09,Infirmier,399.48,58,0.079,5,0,1.0,0,0,0,0,31.14,2.36,13.316,0.24,0
ACC-2026-0119,0844950370,2025-10,Infirmier,399.48,59,0.079,6,0,1.0,0,0,0,0,32.01,2.36,13.316,0.24,0
ACC-2026-0119,0844950370,2025-11,Infirmier,399.48,60,0.079,7,0,1.0,0,0,0,0,27.92,2.36,13.316,0.24,0
ACC-2026-0119,0844950370,2025-12,Infirmier,399.48,61,0.079,8,0,1.0,0,0,0,0,29.17,2.36,13.316,0.24,0
ACC-2026-0119,0844950370,2026-01,Infirmier,399.48,62,0.079,9,0,1.0,0,0,0,0,28.48,2.36,13.316,0.24,0
ACC-2026-0119,0844950370,2026-02,Infirmier,399.48,63,0.079,9,0,0.857,0,0,1,30,28.56,2.36,13.316,0.24,0
ACC-2026-0119,0844950370,2026-03,Infirmier,399.48,64,0.079,10,0,0.875,0,0,1,0,28.8,2.36,13.316,0.24,0
ACC-2026-0119,0844950370,2026-04,Infirmier,399.48,65,0.079,11,0,0.889,0,0,1,0,28.22,2.36,13.316,0.24,0
ACC-2026-0119,0844950370,2026-05,Infirmier,399.48,66,0.079,12,0,0.9,0,0,1,0,29.77,2.36,13.316,0.24,0
ACC-2026-0119,0844950370,2026-06,Infirmier,399.48,67,0.079,13,0,0.909,0,0,1,0,30.45,2.36,13.316,0.24,0
ACC-2026-0119,0844950370,2026-07,Infirmier,399.48,68,0.079,14,0,0.917,0,0,1,0,29.36,2.36,13.316,0.24,0
ACC-2026-0120,0844766269,2025-08,Fonctionnaire,344.38,3,0.255,2,0,1.0,0,0,0,0,26.9,6.36,13.775,0.18,0
ACC-2026-0120,0844766269,2025-09,Fonctionnaire,344.38,4,0.255,3,0,1.0,0,0,0,0,24.6,6.36,13.775,0.18,0
ACC-2026-0120,0844766269,2025-10,Fonctionnaire,344.38,5,0.255,4,0,1.0,0,1,0,0,24.47,6.36,13.775,0.18,1
ACC-2026-0120,0844766269,2025-11,Fonctionnaire,344.38,6,0.255,5,0,1.0,0,1,0,0,24.74,6.36,13.775,0.18,0
ACC-2026-0120,0844766269,2025-12,Fonctionnaire,344.38,7,0.255,6,0,1.0,0,1,0,0,23.47,6.36,13.775,0.18,0
ACC-2026-0120,0844766269,2026-01,Fonctionnaire,344.38,8,0.255,7,0,1.0,0,1,0,0,26.13,6.36,13.775,0.18,0
ACC-2026-0120,0844766269,2026-02,Fonctionnaire,344.38,9,0.255,8,0,1.0,0,1,0,0,26.43,6.36,13.775,0.18,0
ACC-2026-0120,0844766269,2026-03,Fonctionnaire,344.38,10,0.255,9,0,1.0,0,1,0,0,25.71,6.36,13.775,0.18,0
ACC-2026-0120,0844766269,2026-04,Fonctionnaire,344.38,11,0.255,10,0,1.0,0,1,0,0,24.16,6.36,13.775,0.18,0
ACC-2026-0120,0844766269,2026-05,Fonctionnaire,344.38,12,0.255,11,0,1.0,0,1,0,0,24.48,6.36,13.775,0.18,0
ACC-2026-0120,0844766269,2026-06,Fonctionnaire,344.38,13,0.255,11,0,0.909,0,1,1,30,23.53,6.36,13.775,0.18,0
ACC-2026-0120,0844766269,2026-07,Fonctionnaire,344.38,14,0.255,12,0,0.917,0,1,1,0,25.85,6.36,13.775,0.18,0
ACC-2026-0121,0845298752,2025-08,Fonctionnaire,357.16,31,0.146,5,0,1.0,0,0,0,0,21.5,2.93,17.858,0.18,0
ACC-2026-0121,0845298752,2025-09,Fonctionnaire,357.16,32,0.146,6,0,1.0,0,1,0,0,19.21,2.93,17.858,0.18,0
ACC-2026-0121,0845298752,2025-10,Fonctionnaire,357.16,33,0.146,7,0,1.0,0,1,0,0,19.59,2.93,17.858,0.18,0
ACC-2026-0121,0845298752,2025-11,Fonctionnaire,357.16,34,0.146,8,0,1.0,0,1,0,0,19.23,2.93,17.858,0.18,0
ACC-2026-0121,0845298752,2025-12,Fonctionnaire,357.16,35,0.146,9,0,1.0,0,1,0,0,18.82,2.93,17.858,0.18,0
ACC-2026-0121,0845298752,2026-01,Fonctionnaire,357.16,36,0.146,10,0,1.0,0,1,0,0,18.77,2.93,17.858,0.18,0
ACC-2026-0121,0845298752,2026-02,Fonctionnaire,357.16,37,0.146,11,0,1.0,0,1,0,0,21.07,2.93,17.858,0.18,0
ACC-2026-0121,0845298752,2026-03,Fonctionnaire,357.16,38,0.146,12,0,1.0,0,1,0,0,21.21,2.93,17.858,0.18,0
ACC-2026-0121,0845298752,2026-04,Fonctionnaire,357.16,39,0.146,13,0,1.0,0,1,0,0,19.4,2.93,17.858,0.18,0
ACC-2026-0121,0845298752,2026-05,Fonctionnaire,357.16,40,0.146,14,0,1.0,0,1,0,0,20.84,2.93,17.858,0.18,0
ACC-2026-0121,0845298752,2026-06,Fonctionnaire,357.16,41,0.146,15,0,1.0,0,1,0,0,20.95,2.93,17.858,0.18,0
ACC-2026-0121,0845298752,2026-07,Fonctionnaire,357.16,42,0.146,16,0,1.0,0,1,0,0,18.51,2.93,17.858,0.18,0
ACC-2026-0122,0848322078,2025-08,Fonctionnaire,373.45,64,0.072,5,0,1.0,0,0,0,0,7.99,0.57,46.681,0.18,0
ACC-2026-0122,0848322078,2025-09,Fonctionnaire,373.45,65,0.072,6,0,1.0,0,0,0,0,7.48,0.57,46.681,0.18,0
ACC-2026-0122,0848322078,2025-10,Fonctionnaire,373.45,66,0.072,7,0,1.0,0,0,0,0,8.01,0.57,46.681,0.18,0
ACC-2026-0122,0848322078,2025-11,Fonctionnaire,373.45,67,0.072,8,0,1.0,0,0,0,0,8.11,0.57,46.681,0.18,0
ACC-2026-0122,0848322078,2025-12,Fonctionnaire,373.45,68,0.072,9,0,1.0,0,0,0,0,7.89,0.57,46.681,0.18,0
ACC-2026-0122,0848322078,2026-01,Fonctionnaire,373.45,69,0.072,10,0,1.0,0,0,0,0,8.5,0.57,46.681,0.18,0
ACC-2026-0122,0848322078,2026-02,Fonctionnaire,373.45,70,0.072,11,0,1.0,0,0,0,0,7.86,0.57,46.681,0.18,0
ACC-2026-0122,0848322078,2026-03,Fonctionnaire,373.45,71,0.072,12,0,1.0,0,0,0,0,7.56,0.57,46.681,0.18,0
ACC-2026-0122,0848322078,2026-04,Fonctionnaire,373.45,72,0.072,13,0,1.0,0,0,0,0,7.94,0.57,46.681,0.18,0
ACC-2026-0122,0848322078,2026-05,Fonctionnaire,373.45,73,0.072,13,0,0.9,0,0,1,30,8.6,0.57,46.681,0.18,0
ACC-2026-0122,0848322078,2026-06,Fonctionnaire,373.45,74,0.072,14,0,0.909,0,0,1,0,8.3,0.57,46.681,0.18,0
ACC-2026-0122,0848322078,2026-07,Fonctionnaire,373.45,75,0.072,15,0,0.917,0,0,1,0,7.63,0.57,46.681,0.18,0
ACC-2026-0123,0846421907,2025-08,Agriculteur,306.23,49,0.191,2,0,1.0,0,0,0,0,8.35,1.53,38.279,0.46,1
ACC-2026-0123,0846421907,2025-09,Agriculteur,306.23,50,0.191,3,0,1.0,0,0,0,0,7.86,1.53,38.279,0.46,0
ACC-2026-0123,0846421907,2025-10,Agriculteur,306.23,51,0.191,4,0,1.0,0,0,0,0,7.56,1.53,38.279,0.46,0
ACC-2026-0123,0846421907,2025-11,Agriculteur,306.23,52,0.191,5,0,1.0,0,0,0,0,8.54,1.53,38.279,0.46,0
ACC-2026-0123,0846421907,2025-12,Agriculteur,306.23,53,0.191,6,0,1.0,0,0,0,0,7.48,1.53,38.279,0.46,0
ACC-2026-0123,0846421907,2026-01,Agriculteur,306.23,54,0.191,7,0,1.0,0,0,0,0,7.86,1.53,38.279,0.46,0
ACC-2026-0123,0846421907,2026-02,Agriculteur,306.23,55,0.191,7,0,0.857,1,0,0,30,7.9,1.53,38.279,0.46,0
ACC-2026-0123,0846421907,2026-03,Agriculteur,306.23,56,0.191,8,0,0.875,1,0,0,0,7.48,1.53,38.279,0.46,0
ACC-2026-0123,0846421907,2026-04,Agriculteur,306.23,57,0.191,9,0,0.889,1,0,0,0,8.19,1.53,38.279,0.46,0
ACC-2026-0123,0846421907,2026-05,Agriculteur,306.23,58,0.191,10,0,0.9,1,0,0,0,8.19,1.53,38.279,0.46,0
ACC-2026-0123,0846421907,2026-06,Agriculteur,306.23,59,0.191,10,0,0.818,2,0,0,30,8.39,1.53,38.279,0.46,0
ACC-2026-0123,0846421907,2026-07,Agriculteur,306.23,60,0.191,11,0,0.833,2,0,0,0,7.74,2.33,38.279,0.46,0
ACC-2026-0124,0841800747,2025-08,Commercant independant,229.49,6,0.099,4,0,1.0,0,0,0,0,24.86,2.48,9.18,0.36,0
ACC-2026-0124,0841800747,2025-09,Commercant independant,229.49,7,0.099,5,0,1.0,0,0,0,0,25.34,2.48,9.18,0.36,1
ACC-2026-0124,0841800747,2025-10,Commercant independant,229.49,8,0.099,6,0,1.0,0,0,0,0,24.85,2.48,9.18,0.36,0
ACC-2026-0124,0841800747,2025-11,Commercant independant,229.49,9,0.099,6,0,0.75,1,0,0,30,24.67,2.48,9.18,0.36,0
ACC-2026-0124,0841800747,2025-12,Commercant independant,229.49,10,0.099,7,0,0.8,1,0,0,0,26.03,2.48,9.18,0.36,0
ACC-2026-0124,0841800747,2026-01,Commercant independant,229.49,11,0.099,8,0,0.833,1,0,0,0,26.67,2.48,9.18,0.36,0
ACC-2026-0124,0841800747,2026-02,Commercant independant,229.49,12,0.099,9,0,0.857,1,0,0,0,26.93,2.48,9.18,0.36,0
ACC-2026-0124,0841800747,2026-03,Commercant independant,229.49,13,0.099,10,0,0.875,1,0,0,0,23.07,2.48,9.18,0.36,1
ACC-2026-0124,0841800747,2026-04,Commercant independant,229.49,14,0.099,11,0,0.889,1,0,0,0,24.84,2.48,9.18,0.36,0
ACC-2026-0124,0841800747,2026-05,Commercant independant,229.49,15,0.099,12,0,0.9,1,0,0,0,25.9,2.48,9.18,0.36,0
ACC-2026-0124,0841800747,2026-06,Commercant independant,229.49,16,0.099,13,0,0.909,1,0,0,0,25.76,2.48,9.18,0.36,0
ACC-2026-0124,0841800747,2026-07,Commercant independant,229.49,17,0.099,14,0,0.917,1,0,0,0,23.35,2.48,9.18,0.36,0
ACC-2026-0125,0841266510,2025-08,Agriculteur,317.9,62,0.15,2,0,1.0,0,0,0,0,30.61,4.51,10.597,0.46,0
ACC-2026-0125,0841266510,2025-09,Agriculteur,317.9,63,0.15,3,0,1.0,0,0,0,0,29.82,4.51,10.597,0.46,1
ACC-2026-0125,0841266510,2025-10,Agriculteur,317.9,64,0.15,4,0,1.0,0,0,0,0,28.33,4.51,10.597,0.46,0
ACC-2026-0125,0841266510,2025-11,Agriculteur,317.9,65,0.15,5,0,1.0,0,0,0,0,31.73,4.51,10.597,0.46,0
ACC-2026-0125,0841266510,2025-12,Agriculteur,317.9,66,0.15,6,0,1.0,0,0,0,0,31.6,4.51,10.597,0.46,1
ACC-2026-0125,0841266510,2026-01,Agriculteur,317.9,67,0.15,7,0,1.0,0,0,0,0,31.02,4.51,10.597,0.46,0
ACC-2026-0125,0841266510,2026-02,Agriculteur,317.9,68,0.15,8,0,1.0,0,0,0,0,30.46,4.51,10.597,0.46,0
ACC-2026-0125,0841266510,2026-03,Agriculteur,317.9,69,0.15,9,0,1.0,0,0,0,0,29.93,4.51,10.597,0.46,0
ACC-2026-0125,0841266510,2026-04,Agriculteur,317.9,70,0.15,10,0,1.0,0,0,0,0,31.52,4.51,10.597,0.46,0
ACC-2026-0125,0841266510,2026-05,Agriculteur,317.9,71,0.15,11,0,1.0,0,0,0,0,29.63,4.51,10.597,0.46,0
ACC-2026-0125,0841266510,2026-06,Agriculteur,317.9,72,0.15,12,0,1.0,0,0,0,0,29.6,4.51,10.597,0.46,0
ACC-2026-0125,0841266510,2026-07,Agriculteur,317.9,73,0.15,13,0,1.0,0,0,0,0,29.26,4.51,10.597,0.46,1
ACC-2026-0126,0845832019,2025-08,Agriculteur,328.74,61,0.197,5,0,1.0,0,0,0,0,15.98,2.96,21.916,0.46,0
ACC-2026-0126,0845832019,2025-09,Agriculteur,328.74,62,0.197,6,0,1.0,0,0,0,0,15.38,2.96,21.916,0.46,0
ACC-2026-0126,0845832019,2025-10,Agriculteur,328.74,63,0.197,7,0,1.0,0,0,0,0,16.1,2.96,21.916,0.46,0
ACC-2026-0126,0845832019,2025-11,Agriculteur,328.74,64,0.197,8,0,1.0,0,0,0,0,15.71,2.96,21.916,0.46,0
ACC-2026-0126,0845832019,2025-12,Agriculteur,328.74,65,0.197,9,0,1.0,0,0,0,0,14.48,2.96,21.916,0.46,0
ACC-2026-0126,0845832019,2026-01,Agriculteur,328.74,66,0.197,10,0,1.0,0,0,0,0,14.28,2.96,21.916,0.46,0
ACC-2026-0126,0845832019,2026-02,Agriculteur,328.74,67,0.197,11,0,1.0,0,0,0,0,16.19,2.96,21.916,0.46,0
ACC-2026-0126,0845832019,2026-03,Agriculteur,328.74,68,0.197,12,0,1.0,0,1,0,0,13.84,2.96,21.916,0.46,0
ACC-2026-0126,0845832019,2026-04,Agriculteur,328.74,69,0.197,13,0,1.0,0,1,0,0,15.79,2.96,21.916,0.46,1
ACC-2026-0126,0845832019,2026-05,Agriculteur,328.74,70,0.197,14,0,1.0,0,2,0,0,14.83,2.96,21.916,0.46,0
ACC-2026-0126,0845832019,2026-06,Agriculteur,328.74,71,0.197,15,0,1.0,0,2,0,0,14.42,2.96,21.916,0.46,0
ACC-2026-0126,0845832019,2026-07,Agriculteur,328.74,72,0.197,16,0,1.0,0,3,0,0,15.91,2.96,21.916,0.46,0
ACC-2026-0127,0849646766,2025-08,Chauffeur,342.49,57,0.263,1,0,1.0,0,0,0,0,20.9,5.26,17.125,0.42,0
ACC-2026-0127,0849646766,2025-09,Chauffeur,342.49,58,0.263,2,0,1.0,0,1,0,0,20.2,5.26,17.125,0.42,0
ACC-2026-0127,0849646766,2025-10,Chauffeur,342.49,59,0.263,2,0,0.667,1,1,0,30,19.06,5.26,17.125,0.42,0
ACC-2026-0127,0849646766,2025-11,Chauffeur,342.49,60,0.263,3,0,0.75,1,1,0,0,20.84,5.26,17.125,0.42,0
ACC-2026-0127,0849646766,2025-12,Chauffeur,342.49,61,0.263,4,0,0.8,1,1,0,0,19.56,5.26,17.125,0.42,0
ACC-2026-0127,0849646766,2026-01,Chauffeur,342.49,62,0.263,5,0,0.833,1,1,0,0,21.5,5.26,17.125,0.42,1
ACC-2026-0127,0849646766,2026-02,Chauffeur,342.49,63,0.263,6,0,0.857,1,1,0,0,19.92,5.26,17.125,0.42,0
ACC-2026-0127,0849646766,2026-03,Chauffeur,342.49,64,0.263,7,0,0.875,1,1,0,0,20.69,5.26,17.125,0.42,0
ACC-2026-0127,0849646766,2026-04,Chauffeur,342.49,65,0.263,8,0,0.889,1,1,0,0,20.81,5.26,17.125,0.42,0
ACC-2026-0127,0849646766,2026-05,Chauffeur,342.49,66,0.263,9,0,0.9,1,1,0,0,19.77,5.26,17.125,0.42,0
ACC-2026-0127,0849646766,2026-06,Chauffeur,342.49,67,0.263,10,0,0.909,1,1,0,0,20.05,5.26,17.125,0.42,0
ACC-2026-0127,0849646766,2026-07,Chauffeur,342.49,68,0.263,11,0,0.917,1,1,0,0,20.86,5.26,17.125,0.42,0
ACC-2026-0128,0842167378,2025-08,Fonctionnaire,399.84,41,0.158,2,0,1.0,0,0,0,0,19.66,3.16,19.992,0.18,0
ACC-2026-0128,0842167378,2025-09,Fonctionnaire,399.84,42,0.158,3,0,1.0,0,0,0,0,20.24,3.16,19.992,0.18,0
ACC-2026-0128,0842167378,2025-10,Fonctionnaire,399.84,43,0.158,4,0,1.0,0,0,0,0,21.2,3.16,19.992,0.18,0
ACC-2026-0128,0842167378,2025-11,Fonctionnaire,399.84,44,0.158,5,0,1.0,0,0,0,0,20.64,3.16,19.992,0.18,0
ACC-2026-0128,0842167378,2025-12,Fonctionnaire,399.84,45,0.158,6,0,1.0,0,0,0,0,19.5,3.16,19.992,0.18,0
ACC-2026-0128,0842167378,2026-01,Fonctionnaire,399.84,46,0.158,7,0,1.0,0,0,0,0,18.87,3.16,19.992,0.18,0
ACC-2026-0128,0842167378,2026-02,Fonctionnaire,399.84,47,0.158,8,0,1.0,0,0,0,0,20.4,3.16,19.992,0.18,0
ACC-2026-0128,0842167378,2026-03,Fonctionnaire,399.84,48,0.158,9,0,1.0,0,0,0,0,21.0,3.16,19.992,0.18,0
ACC-2026-0128,0842167378,2026-04,Fonctionnaire,399.84,49,0.158,10,0,1.0,0,0,0,0,18.67,3.16,19.992,0.18,0
ACC-2026-0128,0842167378,2026-05,Fonctionnaire,399.84,50,0.158,11,0,1.0,0,0,0,0,21.22,3.16,19.992,0.18,0
ACC-2026-0128,0842167378,2026-06,Fonctionnaire,399.84,51,0.158,12,0,1.0,0,0,0,0,20.04,3.16,19.992,0.18,0
ACC-2026-0128,0842167378,2026-07,Fonctionnaire,399.84,52,0.158,13,0,1.0,0,0,0,0,18.47,3.16,19.992,0.18,0
ACC-2026-0129,0845340101,2025-08,Infirmier,388.3,65,0.145,3,0,1.0,0,0,0,0,8.01,1.16,48.538,0.24,0
ACC-2026-0129,0845340101,2025-09,Infirmier,388.3,66,0.145,4,0,1.0,0,0,0,0,7.93,1.16,48.538,0.24,1
ACC-2026-0129,0845340101,2025-10,Infirmier,388.3,67,0.145,5,0,1.0,0,0,0,0,7.66,1.16,48.538,0.24,0
ACC-2026-0129,0845340101,2025-11,Infirmier,388.3,68,0.145,6,0,1.0,0,0,0,0,8.56,1.16,48.538,0.24,0
ACC-2026-0129,0845340101,2025-12,Infirmier,388.3,69,0.145,7,0,1.0,0,0,0,0,7.74,1.16,48.538,0.24,0
ACC-2026-0129,0845340101,2026-01,Infirmier,388.3,70,0.145,8,0,1.0,0,0,0,0,7.54,1.16,48.538,0.24,0
ACC-2026-0129,0845340101,2026-02,Infirmier,388.3,71,0.145,9,0,1.0,0,0,0,0,8.02,1.16,48.538,0.24,0
ACC-2026-0129,0845340101,2026-03,Infirmier,388.3,72,0.145,10,0,1.0,0,0,0,0,7.55,1.16,48.538,0.24,0
ACC-2026-0129,0845340101,2026-04,Infirmier,388.3,73,0.145,11,0,1.0,0,0,0,0,7.9,1.16,48.538,0.24,0
ACC-2026-0129,0845340101,2026-05,Infirmier,388.3,74,0.145,12,0,1.0,0,0,0,0,8.23,1.16,48.538,0.24,0
ACC-2026-0129,0845340101,2026-06,Infirmier,388.3,75,0.145,13,0,1.0,0,0,0,0,8.48,1.16,48.538,0.24,0
ACC-2026-0129,0845340101,2026-07,Infirmier,388.3,76,0.145,14,0,1.0,0,0,0,0,8.24,1.16,48.538,0.24,0
ACC-2026-0130,0847994796,2025-08,Vendeur de rue,133.5,19,0.419,3,0,0.0,0,0,1,365,25.82,14.98,5.34,0.62,1
ACC-2026-0130,0847994796,2025-09,Vendeur de rue,133.5,20,0.419,4,0,0.5,0,1,1,0,24.89,14.98,5.34,0.62,0
ACC-2026-0130,0847994796,2025-10,Vendeur de rue,133.5,21,0.419,5,0,0.667,0,1,1,0,26.81,14.98,5.34,0.62,0
ACC-2026-0130,0847994796,2025-11,Vendeur de rue,133.5,22,0.419,5,0,0.5,0,1,2,30,25.29,14.98,5.34,0.62,1
ACC-2026-0130,0847994796,2025-12,Vendeur de rue,133.5,23,0.419,6,0,0.6,0,1,2,0,26.96,15.0,5.34,0.62,1
ACC-2026-0130,0847994796,2026-01,Vendeur de rue,133.5,24,0.419,7,0,0.667,0,1,2,0,23.57,15.0,5.34,0.62,1
ACC-2026-0130,0847994796,2026-02,Vendeur de rue,133.5,25,0.419,8,0,0.714,0,1,2,0,26.56,15.0,5.34,0.62,0
ACC-2026-0130,0847994796,2026-03,Vendeur de rue,133.5,26,0.419,9,0,0.75,0,1,2,0,23.49,15.0,5.34,0.62,0
ACC-2026-0130,0847994796,2026-04,Vendeur de rue,133.5,27,0.419,10,0,0.778,0,1,2,0,25.29,15.0,5.34,0.62,0
ACC-2026-0130,0847994796,2026-05,Vendeur de rue,133.5,28,0.419,11,0,0.8,0,1,2,0,24.9,15.0,5.34,0.62,0
ACC-2026-0130,0847994796,2026-06,Vendeur de rue,133.5,29,0.419,12,0,0.818,0,1,2,0,25.02,15.0,5.34,0.62,0
ACC-2026-0130,0847994796,2026-07,Vendeur de rue,133.5,30,0.419,13,0,0.833,0,1,2,0,26.47,15.0,5.34,0.62,0
ACC-2026-0131,0847872422,2025-08,Commercant independant,399.04,6,0.224,3,0,1.0,0,0,0,0,31.76,6.73,13.301,0.36,0
ACC-2026-0131,0847872422,2025-09,Commercant independant,399.04,7,0.224,4,0,1.0,0,0,0,0,31.0,6.73,13.301,0.36,0
ACC-2026-0131,0847872422,2025-10,Commercant independant,399.04,8,0.224,5,0,1.0,0,0,0,0,28.52,6.73,13.301,0.36,0
ACC-2026-0131,0847872422,2025-11,Commercant independant,399.04,9,0.224,6,0,1.0,0,1,0,0,30.34,6.73,13.301,0.36,0
ACC-2026-0131,0847872422,2025-12,Commercant independant,399.04,10,0.224,7,0,1.0,0,1,0,0,28.18,6.73,13.301,0.36,0
ACC-2026-0131,0847872422,2026-01,Commercant independant,399.04,11,0.224,7,0,0.833,0,1,1,30,31.38,6.73,13.301,0.36,0
ACC-2026-0131,0847872422,2026-02,Commercant independant,399.04,12,0.224,8,0,0.857,0,1,1,0,29.73,6.73,13.301,0.36,0
ACC-2026-0131,0847872422,2026-03,Commercant independant,399.04,13,0.224,9,0,0.875,0,1,1,0,27.82,6.73,13.301,0.36,1
ACC-2026-0131,0847872422,2026-04,Commercant independant,399.04,14,0.224,10,0,0.889,0,1,1,0,29.59,6.73,13.301,0.36,0
ACC-2026-0131,0847872422,2026-05,Commercant independant,399.04,15,0.224,11,0,0.9,0,1,1,0,28.15,6.73,13.301,0.36,0
ACC-2026-0131,0847872422,2026-06,Commercant independant,399.04,16,0.224,12,0,0.909,0,1,1,0,28.83,6.73,13.301,0.36,0
ACC-2026-0131,0847872422,2026-07,Commercant independant,399.04,17,0.224,13,0,0.917,0,1,1,0,28.41,6.73,13.301,0.36,0
ACC-2026-0132,0841455856,2025-08,Agriculteur,265.03,39,0.143,2,0,1.0,0,0,0,0,19.44,2.86,13.251,0.46,0
ACC-2026-0132,0841455856,2025-09,Agriculteur,265.03,40,0.143,3,0,1.0,0,0,0,0,19.05,2.86,13.251,0.46,0
ACC-2026-0132,0841455856,2025-10,Agriculteur,265.03,41,0.143,4,0,1.0,0,0,0,0,20.81,2.86,13.251,0.46,0
ACC-2026-0132,0841455856,2025-11,Agriculteur,265.03,42,0.143,4,0,0.75,1,0,0,30,19.89,2.86,13.251,0.46,0
ACC-2026-0132,0841455856,2025-12,Agriculteur,265.03,43,0.143,5,0,0.8,1,0,0,0,19.15,2.86,13.251,0.46,0
ACC-2026-0132,0841455856,2026-01,Agriculteur,265.03,44,0.143,6,0,0.833,1,0,0,0,20.56,2.86,13.251,0.46,0
ACC-2026-0132,0841455856,2026-02,Agriculteur,265.03,45,0.143,7,0,0.857,1,0,0,0,19.37,2.86,13.251,0.46,0
ACC-2026-0132,0841455856,2026-03,Agriculteur,265.03,46,0.143,8,0,0.875,1,0,0,0,19.05,2.86,13.251,0.46,0
ACC-2026-0132,0841455856,2026-04,Agriculteur,265.03,47,0.143,9,0,0.889,1,0,0,0,20.9,2.86,13.251,0.46,0
ACC-2026-0132,0841455856,2026-05,Agriculteur,265.03,48,0.143,10,0,0.9,1,0,0,0,19.85,2.86,13.251,0.46,0
ACC-2026-0132,0841455856,2026-06,Agriculteur,265.03,49,0.143,11,0,0.909,1,0,0,0,19.33,2.86,13.251,0.46,1
ACC-2026-0132,0841455856,2026-07,Agriculteur,265.03,50,0.143,12,0,0.917,1,0,0,0,19.94,2.86,13.251,0.46,0
ACC-2026-0133,0847377917,2025-08,Sans emploi,259.46,66,0.278,5,0,1.0,0,0,0,0,14.52,4.17,17.297,0.78,0
ACC-2026-0133,0847377917,2025-09,Sans emploi,259.46,67,0.278,6,0,1.0,0,0,0,0,15.14,4.17,17.297,0.78,0
ACC-2026-0133,0847377917,2025-10,Sans emploi,259.46,68,0.278,7,0,1.0,0,0,0,0,16.1,4.17,17.297,0.78,0
ACC-2026-0133,0847377917,2025-11,Sans emploi,259.46,69,0.278,8,0,1.0,0,0,0,0,14.43,4.17,17.297,0.78,0
ACC-2026-0133,0847377917,2025-12,Sans emploi,259.46,70,0.278,9,0,1.0,0,0,0,0,16.16,4.17,17.297,0.78,0
ACC-2026-0133,0847377917,2026-01,Sans emploi,259.46,71,0.278,10,0,1.0,0,0,0,0,13.84,4.17,17.297,0.78,0
ACC-2026-0133,0847377917,2026-02,Sans emploi,259.46,72,0.278,10,0,0.857,0,0,1,30,14.94,4.17,17.297,0.78,0
ACC-2026-0133,0847377917,2026-03,Sans emploi,259.46,73,0.278,11,0,0.875,0,0,1,0,15.95,4.17,17.297,0.78,0
ACC-2026-0133,0847377917,2026-04,Sans emploi,259.46,74,0.278,12,0,0.889,0,0,1,0,15.69,4.17,17.297,0.78,1
ACC-2026-0133,0847377917,2026-05,Sans emploi,259.46,75,0.278,12,0,0.8,0,0,2,30,15.8,4.17,17.297,0.78,0
ACC-2026-0133,0847377917,2026-06,Sans emploi,259.46,76,0.278,13,0,0.818,0,0,2,0,15.75,5.97,17.297,0.78,0
ACC-2026-0133,0847377917,2026-07,Sans emploi,259.46,77,0.278,13,0,0.75,1,0,2,30,15.47,5.97,17.297,0.78,0
ACC-2026-0134,0844237849,2025-08,Commercant independant,287.25,29,0.085,3,0,1.0,0,0,0,0,31.0,2.55,9.575,0.36,0
ACC-2026-0134,0844237849,2025-09,Commercant independant,287.25,30,0.085,4,0,1.0,0,0,0,0,31.48,2.55,9.575,0.36,0
ACC-2026-0134,0844237849,2025-10,Commercant independant,287.25,31,0.085,5,0,1.0,0,0,0,0,27.78,2.55,9.575,0.36,0
ACC-2026-0134,0844237849,2025-11,Commercant independant,287.25,32,0.085,6,0,1.0,0,0,0,0,27.63,2.55,9.575,0.36,0
ACC-2026-0134,0844237849,2025-12,Commercant independant,287.25,33,0.085,7,0,1.0,0,0,0,0,28.93,2.55,9.575,0.36,0
ACC-2026-0134,0844237849,2026-01,Commercant independant,287.25,34,0.085,8,0,1.0,0,0,0,0,31.15,2.55,9.575,0.36,0
ACC-2026-0134,0844237849,2026-02,Commercant independant,287.25,35,0.085,9,0,1.0,0,0,0,0,30.42,2.55,9.575,0.36,0
ACC-2026-0134,0844237849,2026-03,Commercant independant,287.25,36,0.085,10,0,1.0,0,0,0,0,31.71,2.55,9.575,0.36,0
ACC-2026-0134,0844237849,2026-04,Commercant independant,287.25,37,0.085,11,0,1.0,0,0,0,0,31.67,2.55,9.575,0.36,0
ACC-2026-0134,0844237849,2026-05,Commercant independant,287.25,38,0.085,12,0,1.0,0,0,0,0,30.55,2.55,9.575,0.36,0
ACC-2026-0134,0844237849,2026-06,Commercant independant,287.25,39,0.085,12,0,0.909,0,0,1,30,29.65,2.55,9.575,0.36,0
ACC-2026-0134,0844237849,2026-07,Commercant independant,287.25,40,0.085,13,0,0.917,0,0,1,0,29.15,2.55,9.575,0.36,0
ACC-2026-0135,0843042084,2025-08,Agriculteur,231.66,6,0.163,3,0,1.0,0,0,0,0,30.16,10.29,7.722,0.46,0
ACC-2026-0135,0843042084,2025-09,Agriculteur,231.66,7,0.163,4,0,1.0,0,0,0,0,31.82,10.29,7.722,0.46,0
ACC-2026-0135,0843042084,2025-10,Agriculteur,231.66,8,0.163,5,0,1.0,0,0,0,0,30.91,10.29,7.722,0.46,0
ACC-2026-0135,0843042084,2025-11,Agriculteur,231.66,9,0.163,6,0,1.0,0,0,0,0,29.18,10.29,7.722,0.46,0
ACC-2026-0135,0843042084,2025-12,Agriculteur,231.66,10,0.163,6,0,0.8,0,0,1,30,29.67,10.29,7.722,0.46,0
ACC-2026-0135,0843042084,2026-01,Agriculteur,231.66,11,0.163,7,0,0.833,0,0,1,0,31.63,10.29,7.722,0.46,0
ACC-2026-0135,0843042084,2026-02,Agriculteur,231.66,12,0.163,8,0,0.857,0,0,1,0,31.6,10.29,7.722,0.46,0
ACC-2026-0135,0843042084,2026-03,Agriculteur,231.66,13,0.163,9,0,0.875,0,0,1,0,27.95,10.29,7.722,0.46,0
ACC-2026-0135,0843042084,2026-04,Agriculteur,231.66,14,0.163,10,0,0.889,0,1,1,0,29.74,10.29,7.722,0.46,0
ACC-2026-0135,0843042084,2026-05,Agriculteur,231.66,15,0.163,11,0,0.9,0,1,1,0,29.41,10.29,7.722,0.46,0
ACC-2026-0135,0843042084,2026-06,Agriculteur,231.66,16,0.163,12,0,0.909,0,1,1,0,27.9,10.29,7.722,0.46,1
ACC-2026-0135,0843042084,2026-07,Agriculteur,231.66,17,0.163,13,0,0.917,0,1,1,0,29.67,10.29,7.722,0.46,1
ACC-2026-0136,0841875823,2025-08,Infirmier,384.38,49,0.043,4,0,1.0,0,0,0,0,20.32,0.87,19.219,0.24,1
ACC-2026-0136,0841875823,2025-09,Infirmier,384.38,50,0.043,5,0,1.0,0,0,0,0,20.94,0.87,19.219,0.24,0
ACC-2026-0136,0841875823,2025-10,Infirmier,384.38,51,0.043,6,0,1.0,0,0,0,0,21.4,0.87,19.219,0.24,0
ACC-2026-0136,0841875823,2025-11,Infirmier,384.38,52,0.043,7,0,1.0,0,0,0,0,19.02,0.87,19.219,0.24,0
ACC-2026-0136,0841875823,2025-12,Infirmier,384.38,53,0.043,8,0,1.0,0,0,0,0,20.93,0.87,19.219,0.24,0
ACC-2026-0136,0841875823,2026-01,Infirmier,384.38,54,0.043,9,0,1.0,0,0,0,0,19.22,0.87,19.219,0.24,0
ACC-2026-0136,0841875823,2026-02,Infirmier,384.38,55,0.043,10,0,1.0,0,0,0,0,19.18,0.87,19.219,0.24,0
ACC-2026-0136,0841875823,2026-03,Infirmier,384.38,56,0.043,11,0,1.0,0,0,0,0,19.79,0.87,19.219,0.24,0
ACC-2026-0136,0841875823,2026-04,Infirmier,384.38,57,0.043,12,0,1.0,0,0,0,0,21.23,0.87,19.219,0.24,0
ACC-2026-0136,0841875823,2026-05,Infirmier,384.38,58,0.043,13,0,1.0,0,0,0,0,19.5,0.87,19.219,0.24,1
ACC-2026-0136,0841875823,2026-06,Infirmier,384.38,59,0.043,14,0,1.0,0,0,0,0,20.57,0.87,19.219,0.24,0
ACC-2026-0136,0841875823,2026-07,Infirmier,384.38,60,0.043,15,0,1.0,0,0,0,0,21.15,0.87,19.219,0.24,0
ACC-2026-0137,0844361682,2025-08,Chauffeur,330.45,25,0.185,4,0,1.0,0,0,0,0,29.19,5.55,11.015,0.42,0
ACC-2026-0137,0844361682,2025-09,Chauffeur,330.45,26,0.185,5,0,1.0,0,0,0,0,29.61,5.55,11.015,0.42,0
ACC-2026-0137,0844361682,2025-10,Chauffeur,330.45,27,0.185,6,0,1.0,0,0,0,0,27.8,5.55,11.015,0.42,1
ACC-2026-0137,0844361682,2025-11,Chauffeur,330.45,28,0.185,7,0,1.0,0,0,0,0,28.71,5.55,11.015,0.42,0
ACC-2026-0137,0844361682,2025-12,Chauffeur,330.45,29,0.185,8,0,1.0,0,0,0,0,32.17,5.55,11.015,0.42,0
ACC-2026-0137,0844361682,2026-01,Chauffeur,330.45,30,0.185,9,0,1.0,0,0,0,0,28.48,5.55,11.015,0.42,0
ACC-2026-0137,0844361682,2026-02,Chauffeur,330.45,31,0.185,10,0,1.0,0,1,0,0,27.74,5.55,11.015,0.42,0
ACC-2026-0137,0844361682,2026-03,Chauffeur,330.45,32,0.185,11,0,1.0,0,1,0,0,30.41,5.55,11.015,0.42,1
ACC-2026-0137,0844361682,2026-04,Chauffeur,330.45,33,0.185,11,0,0.889,0,1,1,30,28.55,5.55,11.015,0.42,0
ACC-2026-0137,0844361682,2026-05,Chauffeur,330.45,34,0.185,12,0,0.9,0,1,1,0,29.23,5.55,11.015,0.42,0
ACC-2026-0137,0844361682,2026-06,Chauffeur,330.45,35,0.185,12,0,0.818,0,1,2,30,31.65,5.55,11.015,0.42,1
ACC-2026-0137,0844361682,2026-07,Chauffeur,330.45,36,0.185,13,0,0.833,0,1,2,0,29.42,9.15,11.015,0.42,1
ACC-2026-0138,0844527197,2025-08,Infirmier,398.11,31,0.158,2,0,1.0,0,0,0,0,16.15,2.36,26.541,0.24,0
ACC-2026-0138,0844527197,2025-09,Infirmier,398.11,32,0.158,3,0,1.0,0,0,0,0,13.96,2.36,26.541,0.24,0
ACC-2026-0138,0844527197,2025-10,Infirmier,398.11,33,0.158,4,0,1.0,0,0,0,0,14.26,2.36,26.541,0.24,0
ACC-2026-0138,0844527197,2025-11,Infirmier,398.11,34,0.158,5,0,1.0,0,0,0,0,16.14,2.36,26.541,0.24,1
ACC-2026-0138,0844527197,2025-12,Infirmier,398.11,35,0.158,6,0,1.0,0,0,0,0,14.25,2.36,26.541,0.24,0
ACC-2026-0138,0844527197,2026-01,Infirmier,398.11,36,0.158,7,0,1.0,0,0,0,0,13.93,2.36,26.541,0.24,0
ACC-2026-0138,0844527197,2026-02,Infirmier,398.11,37,0.158,8,0,1.0,0,0,0,0,16.12,2.36,26.541,0.24,0
ACC-2026-0138,0844527197,2026-03,Infirmier,398.11,38,0.158,9,0,1.0,0,0,0,0,14.93,2.36,26.541,0.24,1
ACC-2026-0138,0844527197,2026-04,Infirmier,398.11,39,0.158,10,0,1.0,0,0,0,0,15.6,2.36,26.541,0.24,0
ACC-2026-0138,0844527197,2026-05,Infirmier,398.11,40,0.158,11,0,1.0,0,0,0,0,14.91,2.36,26.541,0.24,0
ACC-2026-0138,0844527197,2026-06,Infirmier,398.11,41,0.158,12,0,1.0,0,0,0,0,15.52,2.36,26.541,0.24,0
ACC-2026-0138,0844527197,2026-07,Infirmier,398.11,42,0.158,13,0,1.0,0,0,0,0,16.01,2.36,26.541,0.24,1
ACC-2026-0139,0844683039,2025-08,Vendeur de rue,209.47,28,0.267,4,0,1.0,0,0,0,0,16.05,4.01,13.965,0.62,0
ACC-2026-0139,0844683039,2025-09,Vendeur de rue,209.47,29,0.267,5,0,1.0,0,0,0,0,14.0,4.01,13.965,0.62,0
ACC-2026-0139,0844683039,2025-10,Vendeur de rue,209.47,30,0.267,6,0,1.0,0,0,0,0,14.92,4.01,13.965,0.62,0
ACC-2026-0139,0844683039,2025-11,Vendeur de rue,209.47,31,0.267,7,0,1.0,0,0,0,0,14.78,4.01,13.965,0.62,0
ACC-2026-0139,0844683039,2025-12,Vendeur de rue,209.47,32,0.267,8,0,1.0,0,0,0,0,14.23,4.01,13.965,0.62,0
ACC-2026-0139,0844683039,2026-01,Vendeur de rue,209.47,33,0.267,9,0,1.0,0,0,0,0,14.0,4.01,13.965,0.62,0
ACC-2026-0139,0844683039,2026-02,Vendeur de rue,209.47,34,0.267,10,0,1.0,0,0,0,0,15.69,4.01,13.965,0.62,1
ACC-2026-0139,0844683039,2026-03,Vendeur de rue,209.47,35,0.267,11,0,1.0,0,1,0,0,13.89,4.01,13.965,0.62,0
ACC-2026-0139,0844683039,2026-04,Vendeur de rue,209.47,36,0.267,12,0,1.0,0,1,0,0,14.53,4.01,13.965,0.62,0
ACC-2026-0139,0844683039,2026-05,Vendeur de rue,209.47,37,0.267,13,0,1.0,0,1,0,0,15.49,4.01,13.965,0.62,0
ACC-2026-0139,0844683039,2026-06,Vendeur de rue,209.47,38,0.267,14,0,1.0,0,1,0,0,15.58,4.01,13.965,0.62,1
ACC-2026-0139,0844683039,2026-07,Vendeur de rue,209.47,39,0.267,15,0,1.0,0,1,0,0,15.77,4.01,13.965,0.62,0
ACC-2026-0140,0847807497,2025-08,Vendeur de rue,287.22,2,0.454,2,0,1.0,0,0,0,0,19.13,9.07,14.361,0.62,1
ACC-2026-0140,0847807497,2025-09,Vendeur de rue,287.22,3,0.454,3,0,1.0,0,0,0,0,20.28,9.07,14.361,0.62,0
ACC-2026-0140,0847807497,2025-10,Vendeur de rue,287.22,4,0.454,4,0,1.0,0,0,0,0,19.49,9.07,14.361,0.62,0
ACC-2026-0140,0847807497,2025-11,Vendeur de rue,287.22,5,0.454,5,0,1.0,0,0,0,0,21.41,9.07,14.361,0.62,0
ACC-2026-0140,0847807497,2025-12,Vendeur de rue,287.22,6,0.454,6,0,1.0,0,0,0,0,18.5,9.07,14.361,0.62,0
ACC-2026-0140,0847807497,2026-01,Vendeur de rue,287.22,7,0.454,7,0,1.0,0,0,0,0,20.76,9.07,14.361,0.62,0
ACC-2026-0140,0847807497,2026-02,Vendeur de rue,287.22,8,0.454,8,0,1.0,0,0,0,0,19.12,9.07,14.361,0.62,0
ACC-2026-0140,0847807497,2026-03,Vendeur de rue,287.22,9,0.454,9,0,1.0,0,0,0,0,20.61,9.07,14.361,0.62,0
ACC-2026-0140,0847807497,2026-04,Vendeur de rue,287.22,10,0.454,10,0,1.0,0,0,0,0,18.5,9.07,14.361,0.62,0
ACC-2026-0140,0847807497,2026-05,Vendeur de rue,287.22,11,0.454,11,0,1.0,0,0,0,0,20.22,9.07,14.361,0.62,0
ACC-2026-0140,0847807497,2026-06,Vendeur de rue,287.22,12,0.454,12,0,1.0,0,0,0,0,19.65,9.07,14.361,0.62,0
ACC-2026-0140,0847807497,2026-07,Vendeur de rue,287.22,13,0.454,12,0,0.917,0,0,1,30,19.64,9.07,14.361,0.62,0
ACC-2026-0141,0848575505,2025-08,Chauffeur,303.25,71,0.114,5,0,1.0,0,0,0,0,9.5,1.14,30.325,0.42,0
ACC-2026-0141,0848575505,2025-09,Chauffeur,303.25,72,0.114,6,0,1.0,0,0,0,0,9.57,1.14,30.325,0.42,0
ACC-2026-0141,0848575505,2025-10,Chauffeur,303.25,73,0.114,7,0,1.0,0,0,0,0,10.03,1.14,30.325,0.42,0
ACC-2026-0141,0848575505,2025-11,Chauffeur,303.25,74,0.114,8,0,1.0,0,0,0,0,9.45,1.14,30.325,0.42,0
ACC-2026-0141,0848575505,2025-12,Chauffeur,303.25,75,0.114,9,0,1.0,0,0,0,0,9.31,1.14,30.325,0.42,0
ACC-2026-0141,0848575505,2026-01,Chauffeur,303.25,76,0.114,10,0,1.0,0,0,0,0,9.53,1.14,30.325,0.42,0
ACC-2026-0141,0848575505,2026-02,Chauffeur,303.25,77,0.114,11,0,1.0,0,0,0,0,10.17,1.14,30.325,0.42,0
ACC-2026-0141,0848575505,2026-03,Chauffeur,303.25,78,0.114,12,0,1.0,0,0,0,0,10.3,1.14,30.325,0.42,1
ACC-2026-0141,0848575505,2026-04,Chauffeur,303.25,79,0.114,13,0,1.0,0,0,0,0,9.3,1.14,30.325,0.42,0
ACC-2026-0141,0848575505,2026-05,Chauffeur,303.25,80,0.114,14,0,1.0,0,0,0,0,10.66,1.14,30.325,0.42,0
ACC-2026-0141,0848575505,2026-06,Chauffeur,303.25,81,0.114,15,0,1.0,0,0,0,0,10.38,1.14,30.325,0.42,0
ACC-2026-0141,0848575505,2026-07,Chauffeur,303.25,82,0.114,16,0,1.0,0,0,0,0,10.32,1.14,30.325,0.42,0
ACC-2026-0142,0843938131,2025-08,Commercant independant,385.48,23,0.199,4,0,1.0,0,0,0,0,25.64,4.98,15.419,0.36,0
ACC-2026-0142,0843938131,2025-09,Commercant independant,385.48,24,0.199,5,0,1.0,0,0,0,0,23.17,4.98,15.419,0.36,0
ACC-2026-0142,0843938131,2025-10,Commercant independant,385.48,25,0.199,6,0,1.0,0,0,0,0,25.15,4.98,15.419,0.36,1
ACC-2026-0142,0843938131,2025-11,Commercant independant,385.48,26,0.199,7,0,1.0,0,0,0,0,26.61,4.98,15.419,0.36,0
ACC-2026-0142,0843938131,2025-12,Commercant independant,385.48,27,0.199,8,0,1.0,0,0,0,0,23.48,4.98,15.419,0.36,0
ACC-2026-0142,0843938131,2026-01,Commercant independant,385.48,28,0.199,9,0,1.0,0,0,0,0,26.12,4.98,15.419,0.36,0
ACC-2026-0142,0843938131,2026-02,Commercant independant,385.48,29,0.199,10,0,1.0,0,0,0,0,23.18,4.98,15.419,0.36,0
ACC-2026-0142,0843938131,2026-03,Commercant independant,385.48,30,0.199,11,0,1.0,0,0,0,0,24.85,4.98,15.419,0.36,0
ACC-2026-0142,0843938131,2026-04,Commercant independant,385.48,31,0.199,12,0,1.0,0,0,0,0,23.15,4.98,15.419,0.36,0
ACC-2026-0142,0843938131,2026-05,Commercant independant,385.48,32,0.199,13,0,1.0,0,0,0,0,25.68,4.98,15.419,0.36,0
ACC-2026-0142,0843938131,2026-06,Commercant independant,385.48,33,0.199,13,0,0.909,1,0,0,30,25.63,4.98,15.419,0.36,0
ACC-2026-0142,0843938131,2026-07,Commercant independant,385.48,34,0.199,14,0,0.917,1,0,0,0,24.12,4.98,15.419,0.36,0
ACC-2026-0143,0842686363,2025-08,Enseignant,472.18,22,0.126,1,0,1.0,0,0,0,0,7.56,1.01,59.023,0.22,0
ACC-2026-0143,0842686363,2025-09,Enseignant,472.18,23,0.126,2,0,1.0,0,1,0,0,8.22,1.01,59.023,0.22,0
ACC-2026-0143,0842686363,2025-10,Enseignant,472.18,24,0.126,3,0,1.0,0,1,0,0,8.4,1.01,59.023,0.22,0
ACC-2026-0143,0842686363,2025-11,Enseignant,472.18,25,0.126,4,0,1.0,0,1,0,0,7.86,1.01,59.023,0.22,0
ACC-2026-0143,0842686363,2025-12,Enseignant,472.18,26,0.126,4,0,0.8,0,1,1,30,8.35,1.01,59.023,0.22,0
ACC-2026-0143,0842686363,2026-01,Enseignant,472.18,27,0.126,5,0,0.833,0,1,1,0,7.67,1.01,59.023,0.22,0
ACC-2026-0143,0842686363,2026-02,Enseignant,472.18,28,0.126,6,0,0.857,0,1,1,0,7.79,1.01,59.023,0.22,0
ACC-2026-0143,0842686363,2026-03,Enseignant,472.18,29,0.126,7,0,0.875,0,1,1,0,8.49,1.01,59.023,0.22,0
ACC-2026-0143,0842686363,2026-04,Enseignant,472.18,30,0.126,8,0,0.889,0,1,1,0,7.57,1.01,59.023,0.22,0
ACC-2026-0143,0842686363,2026-05,Enseignant,472.18,31,0.126,9,0,0.9,0,1,1,0,8.08,1.01,59.023,0.22,0
ACC-2026-0143,0842686363,2026-06,Enseignant,472.18,32,0.126,10,0,0.909,0,1,1,0,8.56,1.01,59.023,0.22,0
ACC-2026-0143,0842686363,2026-07,Enseignant,472.18,33,0.126,11,0,0.917,0,1,1,0,7.58,1.01,59.023,0.22,0
ACC-2026-0144,0847529468,2025-08,Enseignant,471.13,29,0.124,3,0,1.0,0,0,0,0,7.83,0.99,58.891,0.22,0
ACC-2026-0144,0847529468,2025-09,Enseignant,471.13,30,0.124,4,0,1.0,0,0,0,0,8.13,0.99,58.891,0.22,0
ACC-2026-0144,0847529468,2025-10,Enseignant,471.13,31,0.124,5,0,1.0,0,0,0,0,8.63,0.99,58.891,0.22,0
ACC-2026-0144,0847529468,2025-11,Enseignant,471.13,32,0.124,6,0,1.0,0,0,0,0,8.13,0.99,58.891,0.22,0
ACC-2026-0144,0847529468,2025-12,Enseignant,471.13,33,0.124,7,0,1.0,0,0,0,0,8.6,0.99,58.891,0.22,0
ACC-2026-0144,0847529468,2026-01,Enseignant,471.13,34,0.124,8,0,1.0,0,0,0,0,8.49,0.99,58.891,0.22,0
ACC-2026-0144,0847529468,2026-02,Enseignant,471.13,35,0.124,9,0,1.0,0,0,0,0,7.79,0.99,58.891,0.22,0
ACC-2026-0144,0847529468,2026-03,Enseignant,471.13,36,0.124,10,0,1.0,0,0,0,0,8.18,0.99,58.891,0.22,0
ACC-2026-0144,0847529468,2026-04,Enseignant,471.13,37,0.124,11,0,1.0,0,0,0,0,7.66,0.99,58.891,0.22,0
ACC-2026-0144,0847529468,2026-05,Enseignant,471.13,38,0.124,12,0,1.0,0,0,0,0,8.3,0.99,58.891,0.22,0
ACC-2026-0144,0847529468,2026-06,Enseignant,471.13,39,0.124,13,0,1.0,0,0,0,0,7.84,0.99,58.891,0.22,0
ACC-2026-0144,0847529468,2026-07,Enseignant,471.13,40,0.124,14,0,1.0,0,0,0,0,7.41,0.99,58.891,0.22,0
ACC-2026-0145,0848444490,2025-08,Agriculteur,277.84,6,0.254,4,0,1.0,0,0,0,0,24.15,6.34,11.114,0.46,0
ACC-2026-0145,0848444490,2025-09,Agriculteur,277.84,7,0.254,5,0,1.0,0,0,0,0,23.97,6.34,11.114,0.46,0
ACC-2026-0145,0848444490,2025-10,Agriculteur,277.84,8,0.254,6,0,1.0,0,0,0,0,23.99,6.34,11.114,0.46,0
ACC-2026-0145,0848444490,2025-11,Agriculteur,277.84,9,0.254,7,0,1.0,0,0,0,0,24.53,6.34,11.114,0.46,0
ACC-2026-0145,0848444490,2025-12,Agriculteur,277.84,10,0.254,7,0,0.8,0,0,1,30,26.48,6.34,11.114,0.46,0
ACC-2026-0145,0848444490,2026-01,Agriculteur,277.84,11,0.254,8,0,0.833,0,0,1,0,23.57,6.34,11.114,0.46,0
ACC-2026-0145,0848444490,2026-02,Agriculteur,277.84,12,0.254,9,0,0.857,0,0,1,0,26.32,6.34,11.114,0.46,0
ACC-2026-0145,0848444490,2026-03,Agriculteur,277.84,13,0.254,10,0,0.875,0,1,1,0,25.9,6.34,11.114,0.46,0
ACC-2026-0145,0848444490,2026-04,Agriculteur,277.84,14,0.254,11,0,0.889,0,1,1,0,23.71,6.34,11.114,0.46,0
ACC-2026-0145,0848444490,2026-05,Agriculteur,277.84,15,0.254,12,0,0.9,0,1,1,0,25.54,6.34,11.114,0.46,0
ACC-2026-0145,0848444490,2026-06,Agriculteur,277.84,16,0.254,13,0,0.909,0,2,1,0,26.89,6.34,11.114,0.46,0
ACC-2026-0145,0848444490,2026-07,Agriculteur,277.84,17,0.254,14,0,0.917,0,2,1,0,25.02,6.34,11.114,0.46,0
ACC-2026-0146,0849086630,2025-08,Fonctionnaire,443.61,49,0.138,3,0,1.0,0,0,0,0,18.89,2.75,22.181,0.18,0
ACC-2026-0146,0849086630,2025-09,Fonctionnaire,443.61,50,0.138,4,0,1.0,0,0,0,0,19.85,2.75,22.181,0.18,0
ACC-2026-0146,0849086630,2025-10,Fonctionnaire,443.61,51,0.138,5,0,1.0,0,0,0,0,18.84,2.75,22.181,0.18,0
ACC-2026-0146,0849086630,2025-11,Fonctionnaire,443.61,52,0.138,6,0,1.0,0,0,0,0,18.44,2.75,22.181,0.18,0
ACC-2026-0146,0849086630,2025-12,Fonctionnaire,443.61,53,0.138,7,0,1.0,0,0,0,0,21.36,2.75,22.181,0.18,0
ACC-2026-0146,0849086630,2026-01,Fonctionnaire,443.61,54,0.138,8,0,1.0,0,0,0,0,19.97,2.75,22.181,0.18,0
ACC-2026-0146,0849086630,2026-02,Fonctionnaire,443.61,55,0.138,9,0,1.0,0,0,0,0,18.52,2.75,22.181,0.18,0
ACC-2026-0146,0849086630,2026-03,Fonctionnaire,443.61,56,0.138,10,0,1.0,0,0,0,0,19.02,2.75,22.181,0.18,0
ACC-2026-0146,0849086630,2026-04,Fonctionnaire,443.61,57,0.138,11,0,1.0,0,0,0,0,20.71,2.75,22.181,0.18,0
ACC-2026-0146,0849086630,2026-05,Fonctionnaire,443.61,58,0.138,12,0,1.0,0,0,0,0,20.63,2.75,22.181,0.18,0
ACC-2026-0146,0849086630,2026-06,Fonctionnaire,443.61,59,0.138,13,0,1.0,0,0,0,0,19.18,2.75,22.181,0.18,0
ACC-2026-0146,0849086630,2026-07,Fonctionnaire,443.61,60,0.138,14,0,1.0,0,0,0,0,20.56,2.75,22.181,0.18,0
ACC-2026-0147,0845384401,2025-08,Chauffeur,365.88,32,0.202,1,0,0.0,0,0,1,365,26.08,5.04,14.635,0.42,0
ACC-2026-0147,0845384401,2025-09,Chauffeur,365.88,33,0.202,2,0,0.5,0,0,1,0,25.34,5.04,14.635,0.42,0
ACC-2026-0147,0845384401,2025-10,Chauffeur,365.88,34,0.202,3,0,0.667,0,0,1,0,24.69,5.04,14.635,0.42,0
ACC-2026-0147,0845384401,2025-11,Chauffeur,365.88,35,0.202,4,0,0.75,0,0,1,0,26.87,5.04,14.635,0.42,0
ACC-2026-0147,0845384401,2025-12,Chauffeur,365.88,36,0.202,5,0,0.8,0,0,1,0,24.65,5.04,14.635,0.42,0
ACC-2026-0147,0845384401,2026-01,Chauffeur,365.88,37,0.202,5,0,0.667,1,0,1,30,25.54,5.04,14.635,0.42,0
ACC-2026-0147,0845384401,2026-02,Chauffeur,365.88,38,0.202,6,0,0.714,1,0,1,0,25.99,5.04,14.635,0.42,0
ACC-2026-0147,0845384401,2026-03,Chauffeur,365.88,39,0.202,7,0,0.75,1,0,1,0,26.95,5.04,14.635,0.42,1
ACC-2026-0147,0845384401,2026-04,Chauffeur,365.88,40,0.202,8,0,0.778,1,1,1,0,25.79,5.04,14.635,0.42,0
ACC-2026-0147,0845384401,2026-05,Chauffeur,365.88,41,0.202,9,0,0.8,1,1,1,0,23.68,5.04,14.635,0.42,0
ACC-2026-0147,0845384401,2026-06,Chauffeur,365.88,42,0.202,10,0,0.818,1,1,1,0,23.73,5.04,14.635,0.42,0
ACC-2026-0147,0845384401,2026-07,Chauffeur,365.88,43,0.202,11,0,0.833,1,1,1,0,23.74,5.04,14.635,0.42,0
ACC-2026-0148,0844219293,2025-08,Infirmier,351.13,53,0.128,5,0,1.0,0,0,0,0,20.44,2.57,17.556,0.24,0
ACC-2026-0148,0844219293,2025-09,Infirmier,351.13,54,0.128,6,0,1.0,0,0,0,0,18.61,2.57,17.556,0.24,0
ACC-2026-0148,0844219293,2025-10,Infirmier,351.13,55,0.128,7,0,1.0,0,0,0,0,20.83,2.57,17.556,0.24,0
ACC-2026-0148,0844219293,2025-11,Infirmier,351.13,56,0.128,8,0,1.0,0,0,0,0,20.53,2.57,17.556,0.24,1
ACC-2026-0148,0844219293,2025-12,Infirmier,351.13,57,0.128,9,0,1.0,0,0,0,0,20.93,2.57,17.556,0.24,0
ACC-2026-0148,0844219293,2026-01,Infirmier,351.13,58,0.128,10,0,1.0,0,0,0,0,19.25,2.57,17.556,0.24,0
ACC-2026-0148,0844219293,2026-02,Infirmier,351.13,59,0.128,11,0,1.0,0,0,0,0,19.48,2.57,17.556,0.24,0
ACC-2026-0148,0844219293,2026-03,Infirmier,351.13,60,0.128,12,0,1.0,0,0,0,0,19.17,2.57,17.556,0.24,0
ACC-2026-0148,0844219293,2026-04,Infirmier,351.13,61,0.128,13,0,1.0,0,0,0,0,21.52,2.57,17.556,0.24,0
ACC-2026-0148,0844219293,2026-05,Infirmier,351.13,62,0.128,13,0,0.9,0,0,1,30,21.19,2.57,17.556,0.24,0
ACC-2026-0148,0844219293,2026-06,Infirmier,351.13,63,0.128,14,0,0.909,0,0,1,0,18.48,2.57,17.556,0.24,0
ACC-2026-0148,0844219293,2026-07,Infirmier,351.13,64,0.128,15,0,0.917,0,0,1,0,20.8,2.57,17.556,0.24,0
ACC-2026-0149,0848972523,2025-08,Commercant independant,332.8,42,0.183,1,0,1.0,0,0,0,0,8.3,1.47,41.6,0.36,0
ACC-2026-0149,0848972523,2025-09,Commercant independant,332.8,43,0.183,2,0,1.0,0,0,0,0,8.31,1.47,41.6,0.36,0
ACC-2026-0149,0848972523,2025-10,Commercant independant,332.8,44,0.183,3,0,1.0,0,0,0,0,8.57,1.47,41.6,0.36,0
ACC-2026-0149,0848972523,2025-11,Commercant independant,332.8,45,0.183,4,0,1.0,0,0,0,0,7.49,1.47,41.6,0.36,0
ACC-2026-0149,0848972523,2025-12,Commercant independant,332.8,46,0.183,5,0,1.0,0,0,0,0,8.47,1.47,41.6,0.36,0
ACC-2026-0149,0848972523,2026-01,Commercant independant,332.8,47,0.183,6,0,1.0,0,0,0,0,7.4,1.47,41.6,0.36,0
ACC-2026-0149,0848972523,2026-02,Commercant independant,332.8,48,0.183,7,0,1.0,0,0,0,0,8.64,1.47,41.6,0.36,0
ACC-2026-0149,0848972523,2026-03,Commercant independant,332.8,49,0.183,8,0,1.0,0,0,0,0,8.58,1.47,41.6,0.36,0
ACC-2026-0149,0848972523,2026-04,Commercant independant,332.8,50,0.183,9,0,1.0,0,0,0,0,7.58,1.47,41.6,0.36,0
ACC-2026-0149,0848972523,2026-05,Commercant independant,332.8,51,0.183,10,0,1.0,0,0,0,0,8.63,1.47,41.6,0.36,0
ACC-2026-0149,0848972523,2026-06,Commercant independant,332.8,52,0.183,11,0,1.0,0,0,0,0,7.85,1.47,41.6,0.36,0
ACC-2026-0149,0848972523,2026-07,Commercant independant,332.8,53,0.183,12,0,1.0,0,0,0,0,8.58,1.47,41.6,0.36,0
ACC-2026-0150,0849968148,2025-08,Chauffeur,315.11,63,0.236,3,0,1.0,0,0,0,0,8.55,1.89,39.389,0.42,0
ACC-2026-0150,0849968148,2025-09,Chauffeur,315.11,64,0.236,4,0,1.0,0,0,0,0,7.84,1.89,39.389,0.42,0
ACC-2026-0150,0849968148,2025-10,Chauffeur,315.11,65,0.236,5,0,1.0,0,0,0,0,8.18,1.89,39.389,0.42,0
ACC-2026-0150,0849968148,2025-11,Chauffeur,315.11,66,0.236,6,0,1.0,0,0,0,0,7.65,1.89,39.389,0.42,0
ACC-2026-0150,0849968148,2025-12,Chauffeur,315.11,67,0.236,7,0,1.0,0,1,0,0,8.31,1.89,39.389,0.42,0
ACC-2026-0150,0849968148,2026-01,Chauffeur,315.11,68,0.236,8,0,1.0,0,1,0,0,7.83,1.89,39.389,0.42,0
ACC-2026-0150,0849968148,2026-02,Chauffeur,315.11,69,0.236,9,0,1.0,0,1,0,0,7.36,1.89,39.389,0.42,0
ACC-2026-0150,0849968148,2026-03,Chauffeur,315.11,70,0.236,10,0,1.0,0,1,0,0,8.61,1.89,39.389,0.42,0
ACC-2026-0150,0849968148,2026-04,Chauffeur,315.11,71,0.236,11,0,1.0,0,1,0,0,8.38,1.89,39.389,0.42,0
ACC-2026-0150,0849968148,2026-05,Chauffeur,315.11,72,0.236,12,0,1.0,0,1,0,0,7.87,1.89,39.389,0.42,0
ACC-2026-0150,0849968148,2026-06,Chauffeur,315.11,73,0.236,13,0,1.0,0,1,0,0,8.57,1.89,39.389,0.42,0
ACC-2026-0150,0849968148,2026-07,Chauffeur,315.11,74,0.236,14,0,1.0,0,1,0,0,8.13,1.89,39.389,0.42,0
ACC-2026-0151,0841576194,2025-08,Chauffeur,227.17,16,0.268,5,0,1.0,0,0,0,0,15.79,4.03,15.145,0.42,0
ACC-2026-0151,0841576194,2025-09,Chauffeur,227.17,17,0.268,6,0,1.0,0,0,0,0,16.15,4.03,15.145,0.42,0
ACC-2026-0151,0841576194,2025-10,Chauffeur,227.17,18,0.268,7,0,1.0,0,0,0,0,15.56,4.03,15.145,0.42,0
ACC-2026-0151,0841576194,2025-11,Chauffeur,227.17,19,0.268,7,0,0.75,0,0,1,30,15.88,4.03,15.145,0.42,0
ACC-2026-0151,0841576194,2025-12,Chauffeur,227.17,20,0.268,8,0,0.8,0,0,1,0,16.16,4.03,15.145,0.42,0
ACC-2026-0151,0841576194,2026-01,Chauffeur,227.17,21,0.268,9,0,0.833,0,0,1,0,15.12,4.03,15.145,0.42,0
ACC-2026-0151,0841576194,2026-02,Chauffeur,227.17,22,0.268,10,0,0.857,0,0,1,0,15.62,4.03,15.145,0.42,0
ACC-2026-0151,0841576194,2026-03,Chauffeur,227.17,23,0.268,11,0,0.875,0,0,1,0,15.47,4.03,15.145,0.42,0
ACC-2026-0151,0841576194,2026-04,Chauffeur,227.17,24,0.268,12,0,0.889,0,0,1,0,14.11,4.03,15.145,0.42,0
ACC-2026-0151,0841576194,2026-05,Chauffeur,227.17,25,0.268,13,0,0.9,0,0,1,0,15.84,4.03,15.145,0.42,0
ACC-2026-0151,0841576194,2026-06,Chauffeur,227.17,26,0.268,14,0,0.909,0,0,1,0,14.13,4.03,15.145,0.42,0
ACC-2026-0151,0841576194,2026-07,Chauffeur,227.17,27,0.268,15,0,0.917,0,0,1,0,14.32,4.03,15.145,0.42,0
ACC-2026-0152,0841153218,2025-08,Commercant independant,577.79,14,0.208,2,0,1.0,0,0,0,0,32.32,6.23,19.26,0.36,0
ACC-2026-0152,0841153218,2025-09,Commercant independant,577.79,15,0.208,3,0,1.0,0,1,0,0,29.31,6.23,19.26,0.36,0
ACC-2026-0152,0841153218,2025-10,Commercant independant,577.79,16,0.208,4,0,1.0,0,1,0,0,30.07,6.23,19.26,0.36,0
ACC-2026-0152,0841153218,2025-11,Commercant independant,577.79,17,0.208,5,0,1.0,0,1,0,0,31.07,6.23,19.26,0.36,0
ACC-2026-0152,0841153218,2025-12,Commercant independant,577.79,18,0.208,6,0,1.0,0,1,0,0,29.05,6.23,19.26,0.36,0
ACC-2026-0152,0841153218,2026-01,Commercant independant,577.79,19,0.208,7,0,1.0,0,1,0,0,31.32,6.23,19.26,0.36,0
ACC-2026-0152,0841153218,2026-02,Commercant independant,577.79,20,0.208,7,0,0.857,1,1,0,30,29.83,6.23,19.26,0.36,0
ACC-2026-0152,0841153218,2026-03,Commercant independant,577.79,21,0.208,8,0,0.875,1,1,0,0,29.74,6.23,19.26,0.36,0
ACC-2026-0152,0841153218,2026-04,Commercant independant,577.79,22,0.208,9,0,0.889,1,1,0,0,30.68,6.23,19.26,0.36,0
ACC-2026-0152,0841153218,2026-05,Commercant independant,577.79,23,0.208,10,0,0.9,1,1,0,0,32.34,6.23,19.26,0.36,0
ACC-2026-0152,0841153218,2026-06,Commercant independant,577.79,24,0.208,10,0,0.818,2,1,0,30,30.45,6.23,19.26,0.36,0
ACC-2026-0152,0841153218,2026-07,Commercant independant,577.79,25,0.208,11,0,0.833,2,1,0,0,29.03,9.23,19.26,0.36,0
ACC-2026-0153,0844101936,2025-08,Commercant independant,310.5,69,0.16,5,0,1.0,0,0,0,0,25.16,4.0,12.42,0.36,0
ACC-2026-0153,0844101936,2025-09,Commercant independant,310.5,70,0.16,6,0,1.0,0,0,0,0,23.83,4.0,12.42,0.36,0
ACC-2026-0153,0844101936,2025-10,Commercant independant,310.5,71,0.16,7,0,1.0,0,0,0,0,25.78,4.0,12.42,0.36,0
ACC-2026-0153,0844101936,2025-11,Commercant independant,310.5,72,0.16,8,0,1.0,0,0,0,0,23.16,4.0,12.42,0.36,0
ACC-2026-0153,0844101936,2025-12,Commercant independant,310.5,73,0.16,9,0,1.0,0,0,0,0,24.03,4.0,12.42,0.36,0
ACC-2026-0153,0844101936,2026-01,Commercant independant,310.5,74,0.16,10,0,1.0,0,0,0,0,24.19,4.0,12.42,0.36,0
ACC-2026-0153,0844101936,2026-02,Commercant independant,310.5,75,0.16,11,0,1.0,0,0,0,0,25.63,4.0,12.42,0.36,1
ACC-2026-0153,0844101936,2026-03,Commercant independant,310.5,76,0.16,12,0,1.0,0,0,0,0,26.62,4.0,12.42,0.36,0
ACC-2026-0153,0844101936,2026-04,Commercant independant,310.5,77,0.16,13,0,1.0,0,0,0,0,24.96,4.0,12.42,0.36,0
ACC-2026-0153,0844101936,2026-05,Commercant independant,310.5,78,0.16,14,0,1.0,0,0,0,0,25.42,4.0,12.42,0.36,0
ACC-2026-0153,0844101936,2026-06,Commercant independant,310.5,79,0.16,15,0,1.0,0,0,0,0,23.18,4.0,12.42,0.36,0
ACC-2026-0153,0844101936,2026-07,Commercant independant,310.5,80,0.16,16,0,1.0,0,0,0,0,23.86,4.0,12.42,0.36,0
ACC-2026-0154,0847024113,2025-08,Infirmier,286.59,55,0.116,3,0,1.0,0,0,0,0,8.52,0.93,35.824,0.24,0
ACC-2026-0154,0847024113,2025-09,Infirmier,286.59,56,0.116,4,0,1.0,0,0,0,0,7.9,0.93,35.824,0.24,0
ACC-2026-0154,0847024113,2025-10,Infirmier,286.59,57,0.116,5,0,1.0,0,0,0,0,8.3,0.93,35.824,0.24,0
ACC-2026-0154,0847024113,2025-11,Infirmier,286.59,58,0.116,6,0,1.0,0,0,0,0,7.84,0.93,35.824,0.24,0
ACC-2026-0154,0847024113,2025-12,Infirmier,286.59,59,0.116,7,0,1.0,0,0,0,0,7.9,0.93,35.824,0.24,0
ACC-2026-0154,0847024113,2026-01,Infirmier,286.59,60,0.116,8,0,1.0,0,0,0,0,7.39,0.93,35.824,0.24,0
ACC-2026-0154,0847024113,2026-02,Infirmier,286.59,61,0.116,9,0,1.0,0,0,0,0,7.5,0.93,35.824,0.24,0
ACC-2026-0154,0847024113,2026-03,Infirmier,286.59,62,0.116,10,0,1.0,0,0,0,0,7.82,0.93,35.824,0.24,0
ACC-2026-0154,0847024113,2026-04,Infirmier,286.59,63,0.116,11,0,1.0,0,0,0,0,7.65,0.93,35.824,0.24,0
ACC-2026-0154,0847024113,2026-05,Infirmier,286.59,64,0.116,12,0,1.0,0,0,0,0,7.84,0.93,35.824,0.24,0
ACC-2026-0154,0847024113,2026-06,Infirmier,286.59,65,0.116,13,0,1.0,0,0,0,0,8.29,0.93,35.824,0.24,0
ACC-2026-0154,0847024113,2026-07,Infirmier,286.59,66,0.116,14,0,1.0,0,0,0,0,8.04,0.93,35.824,0.24,0
ACC-2026-0155,0845547530,2025-08,Chauffeur,362.21,50,0.164,5,0,1.0,0,0,0,0,10.61,1.64,36.221,0.42,0
ACC-2026-0155,0845547530,2025-09,Chauffeur,362.21,51,0.164,6,0,1.0,0,0,0,0,10.3,1.64,36.221,0.42,0
ACC-2026-0155,0845547530,2025-10,Chauffeur,362.21,52,0.164,7,0,1.0,0,0,0,0,10.11,1.64,36.221,0.42,0
ACC-2026-0155,0845547530,2025-11,Chauffeur,362.21,53,0.164,8,0,1.0,0,0,0,0,9.79,1.64,36.221,0.42,0
ACC-2026-0155,0845547530,2025-12,Chauffeur,362.21,54,0.164,9,0,1.0,0,0,0,0,9.93,1.64,36.221,0.42,0
ACC-2026-0155,0845547530,2026-01,Chauffeur,362.21,55,0.164,10,0,1.0,0,0,0,0,9.66,1.64,36.221,0.42,0
ACC-2026-0155,0845547530,2026-02,Chauffeur,362.21,56,0.164,11,0,1.0,0,0,0,0,10.68,1.64,36.221,0.42,0
ACC-2026-0155,0845547530,2026-03,Chauffeur,362.21,57,0.164,12,0,1.0,0,0,0,0,9.69,1.64,36.221,0.42,0
ACC-2026-0155,0845547530,2026-04,Chauffeur,362.21,58,0.164,13,0,1.0,0,0,0,0,9.32,1.64,36.221,0.42,0
ACC-2026-0155,0845547530,2026-05,Chauffeur,362.21,59,0.164,14,0,1.0,0,0,0,0,9.34,1.64,36.221,0.42,0
ACC-2026-0155,0845547530,2026-06,Chauffeur,362.21,60,0.164,15,0,1.0,0,0,0,0,9.22,1.64,36.221,0.42,0
ACC-2026-0155,0845547530,2026-07,Chauffeur,362.21,61,0.164,16,0,1.0,0,0,0,0,9.42,1.64,36.221,0.42,0
ACC-2026-0156,0849932346,2025-08,Agriculteur,278.93,52,0.226,1,0,1.0,0,0,0,0,8.26,1.8,34.866,0.46,0
ACC-2026-0156,0849932346,2025-09,Agriculteur,278.93,53,0.226,2,0,1.0,0,0,0,0,8.58,1.8,34.866,0.46,0
ACC-2026-0156,0849932346,2025-10,Agriculteur,278.93,54,0.226,3,0,1.0,0,0,0,0,8.14,1.8,34.866,0.46,0
ACC-2026-0156,0849932346,2025-11,Agriculteur,278.93,55,0.226,4,0,1.0,0,0,0,0,8.49,1.8,34.866,0.46,0
ACC-2026-0156,0849932346,2025-12,Agriculteur,278.93,56,0.226,5,0,1.0,0,1,0,0,8.43,1.8,34.866,0.46,0
ACC-2026-0156,0849932346,2026-01,Agriculteur,278.93,57,0.226,6,0,1.0,0,1,0,0,7.85,1.8,34.866,0.46,0
ACC-2026-0156,0849932346,2026-02,Agriculteur,278.93,58,0.226,7,0,1.0,0,1,0,0,7.68,1.8,34.866,0.46,0
ACC-2026-0156,0849932346,2026-03,Agriculteur,278.93,59,0.226,8,0,1.0,0,1,0,0,7.74,1.8,34.866,0.46,0
ACC-2026-0156,0849932346,2026-04,Agriculteur,278.93,60,0.226,9,0,1.0,0,1,0,0,8.09,1.8,34.866,0.46,0
ACC-2026-0156,0849932346,2026-05,Agriculteur,278.93,61,0.226,10,0,1.0,0,1,0,0,8.18,1.8,34.866,0.46,1
ACC-2026-0156,0849932346,2026-06,Agriculteur,278.93,62,0.226,11,0,1.0,0,1,0,0,8.15,1.8,34.866,0.46,0
ACC-2026-0156,0849932346,2026-07,Agriculteur,278.93,63,0.226,12,0,1.0,0,1,0,0,7.78,1.8,34.866,0.46,1
ACC-2026-0157,0844123208,2025-08,Commercant independant,426.5,26,0.167,2,0,1.0,0,0,0,0,8.53,1.33,53.312,0.36,0
ACC-2026-0157,0844123208,2025-09,Commercant independant,426.5,27,0.167,3,0,1.0,0,0,0,0,7.96,1.33,53.312,0.36,0
ACC-2026-0157,0844123208,2025-10,Commercant independant,426.5,28,0.167,4,0,1.0,0,0,0,0,8.05,1.33,53.312,0.36,0
ACC-2026-0157,0844123208,2025-11,Commercant independant,426.5,29,0.167,5,0,1.0,0,0,0,0,7.92,1.33,53.312,0.36,0
ACC-2026-0157,0844123208,2025-12,Commercant independant,426.5,30,0.167,5,0,0.8,0,0,1,30,8.49,1.33,53.312,0.36,0
ACC-2026-0157,0844123208,2026-01,Commercant independant,426.5,31,0.167,6,0,0.833,0,0,1,0,7.53,1.33,53.312,0.36,0
ACC-2026-0157,0844123208,2026-02,Commercant independant,426.5,32,0.167,6,0,0.714,0,0,2,30,8.21,1.33,53.312,0.36,0
ACC-2026-0157,0844123208,2026-03,Commercant independant,426.5,33,0.167,7,0,0.75,0,0,2,0,7.51,2.29,53.312,0.36,0
ACC-2026-0157,0844123208,2026-04,Commercant independant,426.5,34,0.167,8,0,0.778,0,0,2,0,7.52,2.29,53.312,0.36,0
ACC-2026-0157,0844123208,2026-05,Commercant independant,426.5,35,0.167,9,0,0.8,0,0,2,0,8.29,2.29,53.312,0.36,0
ACC-2026-0157,0844123208,2026-06,Commercant independant,426.5,36,0.167,9,0,0.727,1,0,2,30,8.37,2.29,53.312,0.36,0
ACC-2026-0157,0844123208,2026-07,Commercant independant,426.5,37,0.167,9,0,0.667,1,0,3,60,7.43,2.29,53.312,0.36,0
ACC-2026-0158,0841134702,2025-08,Commercant independant,341.42,38,0.16,4,0,1.0,0,0,0,0,14.17,2.4,22.761,0.36,0
ACC-2026-0158,0841134702,2025-09,Commercant independant,341.42,39,0.16,5,0,1.0,0,0,0,0,15.87,2.4,22.761,0.36,0
ACC-2026-0158,0841134702,2025-10,Commercant independant,341.42,40,0.16,6,0,1.0,0,0,0,0,14.28,2.4,22.761,0.36,0
ACC-2026-0158,0841134702,2025-11,Commercant independant,341.42,41,0.16,7,0,1.0,0,0,0,0,15.01,2.4,22.761,0.36,0
ACC-2026-0158,0841134702,2025-12,Commercant independant,341.42,42,0.16,8,0,1.0,0,0,0,0,15.32,2.4,22.761,0.36,0
ACC-2026-0158,0841134702,2026-01,Commercant independant,341.42,43,0.16,9,0,1.0,0,1,0,0,16.18,2.4,22.761,0.36,0
ACC-2026-0158,0841134702,2026-02,Commercant independant,341.42,44,0.16,10,0,1.0,0,1,0,0,14.02,2.4,22.761,0.36,0
ACC-2026-0158,0841134702,2026-03,Commercant independant,341.42,45,0.16,11,0,1.0,0,1,0,0,15.32,2.4,22.761,0.36,0
ACC-2026-0158,0841134702,2026-04,Commercant independant,341.42,46,0.16,12,0,1.0,0,1,0,0,15.02,2.4,22.761,0.36,0
ACC-2026-0158,0841134702,2026-05,Commercant independant,341.42,47,0.16,13,0,1.0,0,1,0,0,14.47,2.4,22.761,0.36,0
ACC-2026-0158,0841134702,2026-06,Commercant independant,341.42,48,0.16,14,0,1.0,0,1,0,0,13.91,2.4,22.761,0.36,0
ACC-2026-0158,0841134702,2026-07,Commercant independant,341.42,49,0.16,15,0,1.0,0,1,0,0,14.31,2.4,22.761,0.36,0
ACC-2026-0159,0842690500,2025-08,Commercant independant,334.99,43,0.1,1,0,1.0,0,0,0,0,15.65,1.5,22.333,0.36,0
ACC-2026-0159,0842690500,2025-09,Commercant independant,334.99,44,0.1,2,0,1.0,0,0,0,0,15.58,1.5,22.333,0.36,0
ACC-2026-0159,0842690500,2025-10,Commercant independant,334.99,45,0.1,3,0,1.0,0,0,0,0,14.46,1.5,22.333,0.36,0
ACC-2026-0159,0842690500,2025-11,Commercant independant,334.99,46,0.1,4,0,1.0,0,0,0,0,15.31,1.5,22.333,0.36,1
ACC-2026-0159,0842690500,2025-12,Commercant independant,334.99,47,0.1,5,0,1.0,0,0,0,0,15.92,1.5,22.333,0.36,0
ACC-2026-0159,0842690500,2026-01,Commercant independant,334.99,48,0.1,6,0,1.0,0,0,0,0,14.04,1.5,22.333,0.36,0
ACC-2026-0159,0842690500,2026-02,Commercant independant,334.99,49,0.1,7,0,1.0,0,0,0,0,14.94,1.5,22.333,0.36,0
ACC-2026-0159,0842690500,2026-03,Commercant independant,334.99,50,0.1,8,0,1.0,0,0,0,0,14.11,1.5,22.333,0.36,0
ACC-2026-0159,0842690500,2026-04,Commercant independant,334.99,51,0.1,9,0,1.0,0,0,0,0,15.62,1.5,22.333,0.36,0
ACC-2026-0159,0842690500,2026-05,Commercant independant,334.99,52,0.1,10,0,1.0,0,0,0,0,14.68,1.5,22.333,0.36,0
ACC-2026-0159,0842690500,2026-06,Commercant independant,334.99,53,0.1,11,0,1.0,0,0,0,0,14.96,1.5,22.333,0.36,0
ACC-2026-0159,0842690500,2026-07,Commercant independant,334.99,54,0.1,12,0,1.0,0,0,0,0,14.2,1.5,22.333,0.36,0
ACC-2026-0160,0845859627,2025-08,Fonctionnaire,482.01,8,0.031,4,0,1.0,0,0,0,0,30.16,0.94,16.067,0.18,0
ACC-2026-0160,0845859627,2025-09,Fonctionnaire,482.01,9,0.031,5,0,1.0,0,0,0,0,30.04,0.94,16.067,0.18,0
ACC-2026-0160,0845859627,2025-10,Fonctionnaire,482.01,10,0.031,6,0,1.0,0,0,0,0,28.59,0.94,16.067,0.18,0
ACC-2026-0160,0845859627,2025-11,Fonctionnaire,482.01,11,0.031,7,0,1.0,0,0,0,0,27.64,0.94,16.067,0.18,0
ACC-2026-0160,0845859627,2025-12,Fonctionnaire,482.01,12,0.031,8,0,1.0,0,0,0,0,31.06,0.94,16.067,0.18,0
ACC-2026-0160,0845859627,2026-01,Fonctionnaire,482.01,13,0.031,9,0,1.0,0,0,0,0,28.89,0.94,16.067,0.18,0
ACC-2026-0160,0845859627,2026-02,Fonctionnaire,482.01,14,0.031,10,0,1.0,0,0,0,0,29.0,0.94,16.067,0.18,0
ACC-2026-0160,0845859627,2026-03,Fonctionnaire,482.01,15,0.031,11,0,1.0,0,0,0,0,28.24,0.94,16.067,0.18,0
ACC-2026-0160,0845859627,2026-04,Fonctionnaire,482.01,16,0.031,12,0,1.0,0,0,0,0,32.35,0.94,16.067,0.18,0
ACC-2026-0160,0845859627,2026-05,Fonctionnaire,482.01,17,0.031,13,0,1.0,0,0,0,0,30.64,0.94,16.067,0.18,0
ACC-2026-0160,0845859627,2026-06,Fonctionnaire,482.01,18,0.031,14,0,1.0,0,0,0,0,31.84,0.94,16.067,0.18,0
ACC-2026-0160,0845859627,2026-07,Fonctionnaire,482.01,19,0.031,15,0,1.0,0,0,0,0,29.02,0.94,16.067,0.18,0
ACC-2026-0161,0841174620,2025-08,Vendeur de rue,311.06,23,0.354,5,0,1.0,0,0,0,0,15.88,5.32,20.737,0.62,0
ACC-2026-0161,0841174620,2025-09,Vendeur de rue,311.06,24,0.354,6,0,1.0,0,0,0,0,15.45,5.32,20.737,0.62,0
ACC-2026-0161,0841174620,2025-10,Vendeur de rue,311.06,25,0.354,7,0,1.0,0,0,0,0,15.25,5.32,20.737,0.62,0
ACC-2026-0161,0841174620,2025-11,Vendeur de rue,311.06,26,0.354,8,0,1.0,0,0,0,0,14.29,5.32,20.737,0.62,0
ACC-2026-0161,0841174620,2025-12,Vendeur de rue,311.06,27,0.354,9,0,1.0,0,0,0,0,14.87,5.32,20.737,0.62,0
ACC-2026-0161,0841174620,2026-01,Vendeur de rue,311.06,28,0.354,9,0,0.833,1,0,0,30,14.95,5.32,20.737,0.62,0
ACC-2026-0161,0841174620,2026-02,Vendeur de rue,311.06,29,0.354,10,0,0.857,1,0,0,0,14.22,5.32,20.737,0.62,0
ACC-2026-0161,0841174620,2026-03,Vendeur de rue,311.06,30,0.354,11,0,0.875,1,0,0,0,14.48,5.32,20.737,0.62,0
ACC-2026-0161,0841174620,2026-04,Vendeur de rue,311.06,31,0.354,12,0,0.889,1,0,0,0,15.45,5.32,20.737,0.62,0
ACC-2026-0161,0841174620,2026-05,Vendeur de rue,311.06,32,0.354,13,0,0.9,1,0,0,0,14.89,5.32,20.737,0.62,0
ACC-2026-0161,0841174620,2026-06,Vendeur de rue,311.06,33,0.354,14,0,0.909,1,0,0,0,14.13,5.32,20.737,0.62,1
ACC-2026-0161,0841174620,2026-07,Vendeur de rue,311.06,34,0.354,15,0,0.917,1,1,0,0,14.72,5.32,20.737,0.62,1
ACC-2026-0162,0841733836,2025-08,Enseignant,589.02,11,0.042,5,0,1.0,0,1,0,0,16.12,0.63,39.268,0.22,0
ACC-2026-0162,0841733836,2025-09,Enseignant,589.02,12,0.042,6,0,1.0,0,1,0,0,14.61,0.63,39.268,0.22,0
ACC-2026-0162,0841733836,2025-10,Enseignant,589.02,13,0.042,7,0,1.0,0,1,0,0,15.15,0.63,39.268,0.22,0
ACC-2026-0162,0841733836,2025-11,Enseignant,589.02,14,0.042,8,0,1.0,0,1,0,0,14.17,0.63,39.268,0.22,0
ACC-2026-0162,0841733836,2025-12,Enseignant,589.02,15,0.042,9,0,1.0,0,1,0,0,14.1,0.63,39.268,0.22,0
ACC-2026-0162,0841733836,2026-01,Enseignant,589.02,16,0.042,10,0,1.0,0,1,0,0,15.03,0.63,39.268,0.22,0
ACC-2026-0162,0841733836,2026-02,Enseignant,589.02,17,0.042,11,0,1.0,0,1,0,0,13.86,0.63,39.268,0.22,0
ACC-2026-0162,0841733836,2026-03,Enseignant,589.02,18,0.042,12,0,1.0,0,1,0,0,14.34,0.63,39.268,0.22,0
ACC-2026-0162,0841733836,2026-04,Enseignant,589.02,19,0.042,13,0,1.0,0,1,0,0,15.77,0.63,39.268,0.22,0
ACC-2026-0162,0841733836,2026-05,Enseignant,589.02,20,0.042,14,0,1.0,0,1,0,0,14.04,0.63,39.268,0.22,0
ACC-2026-0162,0841733836,2026-06,Enseignant,589.02,21,0.042,15,0,1.0,0,1,0,0,14.08,0.63,39.268,0.22,0
ACC-2026-0162,0841733836,2026-07,Enseignant,589.02,22,0.042,16,0,1.0,0,1,0,0,15.25,0.63,39.268,0.22,0
ACC-2026-0163,0844042807,2025-08,Chauffeur,394.78,39,0.24,3,0,1.0,0,0,0,0,24.08,6.0,15.791,0.42,0
ACC-2026-0163,0844042807,2025-09,Chauffeur,394.78,40,0.24,4,0,1.0,0,0,0,0,26.63,6.0,15.791,0.42,0
ACC-2026-0163,0844042807,2025-10,Chauffeur,394.78,41,0.24,5,0,1.0,0,0,0,0,26.91,6.0,15.791,0.42,0
ACC-2026-0163,0844042807,2025-11,Chauffeur,394.78,42,0.24,6,0,1.0,0,0,0,0,24.79,6.0,15.791,0.42,0
ACC-2026-0163,0844042807,2025-12,Chauffeur,394.78,43,0.24,7,0,1.0,0,0,0,0,23.45,6.0,15.791,0.42,0
ACC-2026-0163,0844042807,2026-01,Chauffeur,394.78,44,0.24,8,0,1.0,0,0,0,0,24.29,6.0,15.791,0.42,0
ACC-2026-0163,0844042807,2026-02,Chauffeur,394.78,45,0.24,9,0,1.0,0,0,0,0,24.98,6.0,15.791,0.42,0
ACC-2026-0163,0844042807,2026-03,Chauffeur,394.78,46,0.24,10,0,1.0,0,0,0,0,25.55,6.0,15.791,0.42,0
ACC-2026-0163,0844042807,2026-04,Chauffeur,394.78,47,0.24,11,0,1.0,0,0,0,0,24.53,6.0,15.791,0.42,0
ACC-2026-0163,0844042807,2026-05,Chauffeur,394.78,48,0.24,12,0,1.0,0,0,0,0,25.14,6.0,15.791,0.42,0
ACC-2026-0163,0844042807,2026-06,Chauffeur,394.78,49,0.24,13,0,1.0,0,0,0,0,25.11,6.0,15.791,0.42,0
ACC-2026-0163,0844042807,2026-07,Chauffeur,394.78,50,0.24,14,0,1.0,0,0,0,0,23.35,6.0,15.791,0.42,0
ACC-2026-0164,0841287807,2025-08,Commercant independant,438.52,61,0.229,1,0,1.0,0,0,0,0,9.78,2.29,43.852,0.36,0
ACC-2026-0164,0841287807,2025-09,Commercant independant,438.52,62,0.229,2,0,1.0,0,0,0,0,9.94,2.29,43.852,0.36,0
ACC-2026-0164,0841287807,2025-10,Commercant independant,438.52,63,0.229,3,0,1.0,0,0,0,0,9.87,2.29,43.852,0.36,0
ACC-2026-0164,0841287807,2025-11,Commercant independant,438.52,64,0.229,4,0,1.0,0,0,0,0,9.39,2.29,43.852,0.36,0
ACC-2026-0164,0841287807,2025-12,Commercant independant,438.52,65,0.229,5,0,1.0,0,0,0,0,10.31,2.29,43.852,0.36,1
ACC-2026-0164,0841287807,2026-01,Commercant independant,438.52,66,0.229,5,0,0.833,1,0,0,30,10.13,2.29,43.852,0.36,0
ACC-2026-0164,0841287807,2026-02,Commercant independant,438.52,67,0.229,6,0,0.857,1,0,0,0,9.44,2.29,43.852,0.36,0
ACC-2026-0164,0841287807,2026-03,Commercant independant,438.52,68,0.229,6,0,0.75,1,0,1,30,10.53,2.29,43.852,0.36,0
ACC-2026-0164,0841287807,2026-04,Commercant independant,438.52,69,0.229,7,0,0.778,1,0,1,0,9.42,2.29,43.852,0.36,0
ACC-2026-0164,0841287807,2026-05,Commercant independant,438.52,70,0.229,8,0,0.8,1,0,1,0,10.36,2.29,43.852,0.36,0
ACC-2026-0164,0841287807,2026-06,Commercant independant,438.52,71,0.229,8,1,0.727,1,0,2,30,9.3,2.29,43.852,0.36,0
ACC-2026-0164,0841287807,2026-07,Commercant independant,438.52,72,0.229,9,1,0.75,1,1,2,0,9.83,4.69,43.852,0.36,0
ACC-2026-0165,0848621830,2025-08,Commercant independant,427.74,65,0.195,4,0,1.0,0,0,0,0,14.45,2.93,28.516,0.36,0
ACC-2026-0165,0848621830,2025-09,Commercant independant,427.74,66,0.195,5,0,1.0,0,0,0,0,15.58,2.93,28.516,0.36,1
ACC-2026-0165,0848621830,2025-10,Commercant independant,427.74,67,0.195,6,0,1.0,0,0,0,0,15.77,2.93,28.516,0.36,0
ACC-2026-0165,0848621830,2025-11,Commercant independant,427.74,68,0.195,7,0,1.0,0,1,0,0,15.46,2.93,28.516,0.36,0
ACC-2026-0165,0848621830,2025-12,Commercant independant,427.74,69,0.195,8,0,1.0,0,1,0,0,14.71,2.93,28.516,0.36,0
ACC-2026-0165,0848621830,2026-01,Commercant independant,427.74,70,0.195,9,0,1.0,0,1,0,0,14.45,2.93,28.516,0.36,0
ACC-2026-0165,0848621830,2026-02,Commercant independant,427.74,71,0.195,10,0,1.0,0,1,0,0,14.61,2.93,28.516,0.36,0
ACC-2026-0165,0848621830,2026-03,Commercant independant,427.74,72,0.195,11,0,1.0,0,1,0,0,14.31,2.93,28.516,0.36,0
ACC-2026-0165,0848621830,2026-04,Commercant independant,427.74,73,0.195,12,0,1.0,0,1,0,0,14.28,2.93,28.516,0.36,0
ACC-2026-0165,0848621830,2026-05,Commercant independant,427.74,74,0.195,12,0,0.9,1,1,0,30,15.17,2.93,28.516,0.36,0
ACC-2026-0165,0848621830,2026-06,Commercant independant,427.74,75,0.195,13,0,0.909,1,1,0,0,13.92,2.93,28.516,0.36,0
ACC-2026-0165,0848621830,2026-07,Commercant independant,427.74,76,0.195,14,0,0.917,1,1,0,0,15.6,2.93,28.516,0.36,0
ACC-2026-0166,0846275972,2025-08,Agriculteur,143.06,46,0.439,1,0,1.0,0,0,0,0,10.63,4.39,14.306,0.46,0
ACC-2026-0166,0846275972,2025-09,Agriculteur,143.06,47,0.439,2,0,1.0,0,0,0,0,9.24,4.39,14.306,0.46,0
ACC-2026-0166,0846275972,2025-10,Agriculteur,143.06,48,0.439,3,0,1.0,0,0,0,0,9.26,4.39,14.306,0.46,0
ACC-2026-0166,0846275972,2025-11,Agriculteur,143.06,49,0.439,3,0,0.75,0,0,1,30,10.2,4.39,14.306,0.46,0
ACC-2026-0166,0846275972,2025-12,Agriculteur,143.06,50,0.439,4,0,0.8,0,0,1,0,10.29,4.39,14.306,0.46,0
ACC-2026-0166,0846275972,2026-01,Agriculteur,143.06,51,0.439,5,0,0.833,0,0,1,0,10.0,4.39,14.306,0.46,0
ACC-2026-0166,0846275972,2026-02,Agriculteur,143.06,52,0.439,6,0,0.857,0,0,1,0,10.43,4.39,14.306,0.46,1
ACC-2026-0166,0846275972,2026-03,Agriculteur,143.06,53,0.439,7,0,0.875,0,0,1,0,10.2,4.39,14.306,0.46,1
ACC-2026-0166,0846275972,2026-04,Agriculteur,143.06,54,0.439,8,0,0.889,0,0,1,0,10.29,4.39,14.306,0.46,0
ACC-2026-0166,0846275972,2026-05,Agriculteur,143.06,55,0.439,9,0,0.9,0,0,1,0,10.73,4.39,14.306,0.46,0
ACC-2026-0166,0846275972,2026-06,Agriculteur,143.06,56,0.439,10,0,0.909,0,1,1,0,9.22,4.39,14.306,0.46,0
ACC-2026-0166,0846275972,2026-07,Agriculteur,143.06,57,0.439,11,0,0.917,0,1,1,0,10.48,4.39,14.306,0.46,0
ACC-2026-0167,0848630409,2025-08,Infirmier,413.78,36,0.086,1,0,1.0,0,0,0,0,25.84,2.15,16.551,0.24,0
ACC-2026-0167,0848630409,2025-09,Infirmier,413.78,37,0.086,2,0,1.0,0,0,0,0,26.05,2.15,16.551,0.24,0
ACC-2026-0167,0848630409,2025-10,Infirmier,413.78,38,0.086,3,0,1.0,0,0,0,0,26.89,2.15,16.551,0.24,0
ACC-2026-0167,0848630409,2025-11,Infirmier,413.78,39,0.086,4,0,1.0,0,0,0,0,24.64,2.15,16.551,0.24,0
ACC-2026-0167,0848630409,2025-12,Infirmier,413.78,40,0.086,5,0,1.0,0,0,0,0,25.05,2.15,16.551,0.24,0
ACC-2026-0167,0848630409,2026-01,Infirmier,413.78,41,0.086,6,0,1.0,0,0,0,0,24.65,2.15,16.551,0.24,0
ACC-2026-0167,0848630409,2026-02,Infirmier,413.78,42,0.086,7,0,1.0,0,0,0,0,23.17,2.15,16.551,0.24,0
ACC-2026-0167,0848630409,2026-03,Infirmier,413.78,43,0.086,8,0,1.0,0,0,0,0,25.8,2.15,16.551,0.24,0
ACC-2026-0167,0848630409,2026-04,Infirmier,413.78,44,0.086,9,0,1.0,0,0,0,0,24.5,2.15,16.551,0.24,0
ACC-2026-0167,0848630409,2026-05,Infirmier,413.78,45,0.086,10,0,1.0,0,0,0,0,26.5,2.15,16.551,0.24,0
ACC-2026-0167,0848630409,2026-06,Infirmier,413.78,46,0.086,11,0,1.0,0,0,0,0,25.14,2.15,16.551,0.24,0
ACC-2026-0167,0848630409,2026-07,Infirmier,413.78,47,0.086,12,0,1.0,0,0,0,0,23.43,2.15,16.551,0.24,0
ACC-2026-0168,0848266453,2025-08,Enseignant,352.49,43,0.07,5,0,1.0,0,0,0,0,8.26,0.56,44.061,0.22,0
ACC-2026-0168,0848266453,2025-09,Enseignant,352.49,44,0.07,6,0,1.0,0,0,0,0,7.56,0.56,44.061,0.22,0
ACC-2026-0168,0848266453,2025-10,Enseignant,352.49,45,0.07,7,0,1.0,0,0,0,0,7.4,0.56,44.061,0.22,0
ACC-2026-0168,0848266453,2025-11,Enseignant,352.49,46,0.07,8,0,1.0,0,0,0,0,7.82,0.56,44.061,0.22,0
ACC-2026-0168,0848266453,2025-12,Enseignant,352.49,47,0.07,9,0,1.0,0,0,0,0,8.47,0.56,44.061,0.22,0
ACC-2026-0168,0848266453,2026-01,Enseignant,352.49,48,0.07,10,0,1.0,0,0,0,0,8.17,0.56,44.061,0.22,0
ACC-2026-0168,0848266453,2026-02,Enseignant,352.49,49,0.07,11,0,1.0,0,0,0,0,7.74,0.56,44.061,0.22,0
ACC-2026-0168,0848266453,2026-03,Enseignant,352.49,50,0.07,12,0,1.0,0,0,0,0,8.22,0.56,44.061,0.22,0
ACC-2026-0168,0848266453,2026-04,Enseignant,352.49,51,0.07,13,0,1.0,0,0,0,0,8.51,0.56,44.061,0.22,0
ACC-2026-0168,0848266453,2026-05,Enseignant,352.49,52,0.07,14,0,1.0,0,0,0,0,7.81,0.56,44.061,0.22,0
ACC-2026-0168,0848266453,2026-06,Enseignant,352.49,53,0.07,15,0,1.0,0,0,0,0,7.57,0.56,44.061,0.22,0
ACC-2026-0168,0848266453,2026-07,Enseignant,352.49,54,0.07,16,0,1.0,0,0,0,0,7.86,0.56,44.061,0.22,0
ACC-2026-0169,0844331283,2025-08,Fonctionnaire,325.19,42,0.159,2,0,0.0,0,0,1,365,31.9,4.76,10.84,0.18,0
ACC-2026-0169,0844331283,2025-09,Fonctionnaire,325.19,43,0.159,3,0,0.5,0,0,1,0,31.4,4.76,10.84,0.18,0
ACC-2026-0169,0844331283,2025-10,Fonctionnaire,325.19,44,0.159,4,0,0.667,0,0,1,0,32.34,4.76,10.84,0.18,0
ACC-2026-0169,0844331283,2025-11,Fonctionnaire,325.19,45,0.159,5,0,0.75,0,0,1,0,30.67,4.76,10.84,0.18,1
ACC-2026-0169,0844331283,2025-12,Fonctionnaire,325.19,46,0.159,6,0,0.8,0,0,1,0,28.5,4.76,10.84,0.18,0
ACC-2026-0169,0844331283,2026-01,Fonctionnaire,325.19,47,0.159,7,0,0.833,0,0,1,0,28.64,4.76,10.84,0.18,0
ACC-2026-0169,0844331283,2026-02,Fonctionnaire,325.19,48,0.159,8,0,0.857,0,0,1,0,32.18,4.76,10.84,0.18,0
ACC-2026-0169,0844331283,2026-03,Fonctionnaire,325.19,49,0.159,9,0,0.875,0,0,1,0,29.07,4.76,10.84,0.18,0
ACC-2026-0169,0844331283,2026-04,Fonctionnaire,325.19,50,0.159,10,0,0.889,0,0,1,0,32.4,4.76,10.84,0.18,0
ACC-2026-0169,0844331283,2026-05,Fonctionnaire,325.19,51,0.159,11,0,0.9,0,0,1,0,29.64,4.76,10.84,0.18,0
ACC-2026-0169,0844331283,2026-06,Fonctionnaire,325.19,52,0.159,12,0,0.909,0,0,1,0,29.8,4.76,10.84,0.18,0
ACC-2026-0169,0844331283,2026-07,Fonctionnaire,325.19,53,0.159,13,0,0.917,0,0,1,0,29.69,4.76,10.84,0.18,0
ACC-2026-0170,0848339925,2025-08,Chauffeur,218.41,13,0.238,1,0,1.0,0,1,0,0,7.38,1.9,27.301,0.42,1
ACC-2026-0170,0848339925,2025-09,Chauffeur,218.41,14,0.238,2,0,1.0,0,1,0,0,8.16,1.9,27.301,0.42,0
ACC-2026-0170,0848339925,2025-10,Chauffeur,218.41,15,0.238,3,0,1.0,0,1,0,0,8.39,1.9,27.301,0.42,0
ACC-2026-0170,0848339925,2025-11,Chauffeur,218.41,16,0.238,4,0,1.0,0,1,0,0,8.35,1.9,27.301,0.42,0
ACC-2026-0170,0848339925,2025-12,Chauffeur,218.41,17,0.238,5,0,1.0,0,1,0,0,8.58,1.9,27.301,0.42,0
ACC-2026-0170,0848339925,2026-01,Chauffeur,218.41,18,0.238,6,0,1.0,0,1,0,0,8.52,1.9,27.301,0.42,0
ACC-2026-0170,0848339925,2026-02,Chauffeur,218.41,19,0.238,7,0,1.0,0,1,0,0,8.56,1.9,27.301,0.42,0
ACC-2026-0170,0848339925,2026-03,Chauffeur,218.41,20,0.238,8,0,1.0,0,1,0,0,8.2,1.9,27.301,0.42,0
ACC-2026-0170,0848339925,2026-04,Chauffeur,218.41,21,0.238,9,0,1.0,0,1,0,0,8.22,1.9,27.301,0.42,0
ACC-2026-0170,0848339925,2026-05,Chauffeur,218.41,22,0.238,9,0,0.9,0,1,1,30,7.39,1.9,27.301,0.42,0
ACC-2026-0170,0848339925,2026-06,Chauffeur,218.41,23,0.238,10,0,0.909,0,1,1,0,8.31,1.9,27.301,0.42,0
ACC-2026-0170,0848339925,2026-07,Chauffeur,218.41,24,0.238,11,0,0.917,0,1,1,0,7.91,1.9,27.301,0.42,0
ACC-2026-0171,0847598776,2025-08,Vendeur de rue,304.18,17,0.261,2,0,1.0,0,0,0,0,29.13,7.84,10.139,0.62,0
ACC-2026-0171,0847598776,2025-09,Vendeur de rue,304.18,18,0.261,3,0,1.0,0,0,0,0,28.21,7.84,10.139,0.62,0
ACC-2026-0171,0847598776,2025-10,Vendeur de rue,304.18,19,0.261,4,0,1.0,0,0,0,0,31.26,7.84,10.139,0.62,0
ACC-2026-0171,0847598776,2025-11,Vendeur de rue,304.18,20,0.261,5,0,1.0,0,0,0,0,29.15,7.84,10.139,0.62,1
ACC-2026-0171,0847598776,2025-12,Vendeur de rue,304.18,21,0.261,5,0,0.8,0,0,1,30,31.3,7.84,10.139,0.62,0
ACC-2026-0171,0847598776,2026-01,Vendeur de rue,304.18,22,0.261,6,0,0.833,0,0,1,0,32.27,7.84,10.139,0.62,1
ACC-2026-0171,0847598776,2026-02,Vendeur de rue,304.18,23,0.261,7,0,0.857,0,0,1,0,32.32,7.84,10.139,0.62,0
ACC-2026-0171,0847598776,2026-03,Vendeur de rue,304.18,24,0.261,8,0,0.875,0,0,1,0,30.73,7.84,10.139,0.62,0
ACC-2026-0171,0847598776,2026-04,Vendeur de rue,304.18,25,0.261,9,0,0.889,0,0,1,0,31.09,7.84,10.139,0.62,0
ACC-2026-0171,0847598776,2026-05,Vendeur de rue,304.18,26,0.261,10,0,0.9,0,0,1,0,27.85,7.84,10.139,0.62,0
ACC-2026-0171,0847598776,2026-06,Vendeur de rue,304.18,27,0.261,10,0,0.818,0,0,2,30,32.33,7.84,10.139,0.62,1
ACC-2026-0171,0847598776,2026-07,Vendeur de rue,304.18,28,0.261,11,0,0.833,0,0,2,0,28.19,11.44,10.139,0.62,0
ACC-2026-0172,0844030429,2025-08,Fonctionnaire,277.32,64,0.147,2,0,1.0,0,0,0,0,14.98,2.21,18.488,0.18,0
ACC-2026-0172,0844030429,2025-09,Fonctionnaire,277.32,65,0.147,3,0,1.0,0,0,0,0,13.98,2.21,18.488,0.18,0
ACC-2026-0172,0844030429,2025-10,Fonctionnaire,277.32,66,0.147,4,0,1.0,0,0,0,0,15.98,2.21,18.488,0.18,0
ACC-2026-0172,0844030429,2025-11,Fonctionnaire,277.32,67,0.147,4,0,0.75,0,0,1,30,14.23,2.21,18.488,0.18,0
ACC-2026-0172,0844030429,2025-12,Fonctionnaire,277.32,68,0.147,4,0,0.6,0,0,2,60,16.14,2.21,18.488,0.18,0
ACC-2026-0172,0844030429,2026-01,Fonctionnaire,277.32,69,0.147,5,0,0.667,0,0,2,0,15.11,4.01,18.488,0.18,0
ACC-2026-0172,0844030429,2026-02,Fonctionnaire,277.32,70,0.147,6,0,0.714,0,0,2,0,14.26,4.01,18.488,0.18,1
ACC-2026-0172,0844030429,2026-03,Fonctionnaire,277.32,71,0.147,7,0,0.75,0,0,2,0,14.17,4.01,18.488,0.18,1
ACC-2026-0172,0844030429,2026-04,Fonctionnaire,277.32,72,0.147,8,0,0.778,0,0,2,0,14.59,4.01,18.488,0.18,0
ACC-2026-0172,0844030429,2026-05,Fonctionnaire,277.32,73,0.147,9,0,0.8,0,0,2,0,14.44,4.01,18.488,0.18,0
ACC-2026-0172,0844030429,2026-06,Fonctionnaire,277.32,74,0.147,10,0,0.818,0,0,2,0,15.12,4.01,18.488,0.18,0
ACC-2026-0172,0844030429,2026-07,Fonctionnaire,277.32,75,0.147,11,0,0.833,0,0,2,0,15.03,4.01,18.488,0.18,0
ACC-2026-0173,0843901779,2025-08,Enseignant,449.48,51,0.112,5,0,1.0,0,0,0,0,8.38,0.9,56.185,0.22,0
ACC-2026-0173,0843901779,2025-09,Enseignant,449.48,52,0.112,6,0,1.0,0,0,0,0,7.9,0.9,56.185,0.22,0
ACC-2026-0173,0843901779,2025-10,Enseignant,449.48,53,0.112,7,0,1.0,0,0,0,0,8.14,0.9,56.185,0.22,0
ACC-2026-0173,0843901779,2025-11,Enseignant,449.48,54,0.112,8,0,1.0,0,0,0,0,8.17,0.9,56.185,0.22,0
ACC-2026-0173,0843901779,2025-12,Enseignant,449.48,55,0.112,9,0,1.0,0,1,0,0,8.01,0.9,56.185,0.22,0
ACC-2026-0173,0843901779,2026-01,Enseignant,449.48,56,0.112,10,0,1.0,0,1,0,0,8.19,0.9,56.185,0.22,0
ACC-2026-0173,0843901779,2026-02,Enseignant,449.48,57,0.112,11,0,1.0,0,2,0,0,7.59,0.9,56.185,0.22,0
ACC-2026-0173,0843901779,2026-03,Enseignant,449.48,58,0.112,12,0,1.0,0,2,0,0,7.45,0.9,56.185,0.22,0
ACC-2026-0173,0843901779,2026-04,Enseignant,449.48,59,0.112,13,0,1.0,0,2,0,0,7.52,0.9,56.185,0.22,1
ACC-2026-0173,0843901779,2026-05,Enseignant,449.48,60,0.112,14,0,1.0,0,2,0,0,7.96,0.9,56.185,0.22,0
ACC-2026-0173,0843901779,2026-06,Enseignant,449.48,61,0.112,15,0,1.0,0,2,0,0,7.85,0.9,56.185,0.22,0
ACC-2026-0173,0843901779,2026-07,Enseignant,449.48,62,0.112,16,0,1.0,0,2,0,0,7.72,0.9,56.185,0.22,0
ACC-2026-0174,0842255341,2025-08,Chauffeur,209.53,54,0.23,3,0,1.0,0,0,0,0,28.55,12.3,6.984,0.42,0
ACC-2026-0174,0842255341,2025-09,Chauffeur,209.53,55,0.23,3,0,0.5,0,0,1,30,28.92,12.3,6.984,0.42,0
ACC-2026-0174,0842255341,2025-10,Chauffeur,209.53,56,0.23,4,0,0.667,0,0,1,0,30.44,12.3,6.984,0.42,1
ACC-2026-0174,0842255341,2025-11,Chauffeur,209.53,57,0.23,4,0,0.5,0,0,2,30,31.36,12.3,6.984,0.42,1
ACC-2026-0174,0842255341,2025-12,Chauffeur,209.53,58,0.23,5,0,0.6,0,0,2,0,28.23,15.9,6.984,0.42,1
ACC-2026-0174,0842255341,2026-01,Chauffeur,209.53,59,0.23,6,0,0.667,0,0,2,0,30.13,15.9,6.984,0.42,1
ACC-2026-0174,0842255341,2026-02,Chauffeur,209.53,60,0.23,7,0,0.714,0,0,2,0,31.58,15.9,6.984,0.42,1
ACC-2026-0174,0842255341,2026-03,Chauffeur,209.53,61,0.23,8,0,0.75,0,0,2,0,29.26,15.9,6.984,0.42,0
ACC-2026-0174,0842255341,2026-04,Chauffeur,209.53,62,0.23,9,0,0.778,0,0,2,0,27.83,15.9,6.984,0.42,0
ACC-2026-0174,0842255341,2026-05,Chauffeur,209.53,63,0.23,10,0,0.8,0,0,2,0,30.68,15.9,6.984,0.42,0
ACC-2026-0174,0842255341,2026-06,Chauffeur,209.53,64,0.23,11,0,0.818,0,0,2,0,28.09,15.9,6.984,0.42,0
ACC-2026-0174,0842255341,2026-07,Chauffeur,209.53,65,0.23,12,0,0.833,0,1,2,0,32.37,15.9,6.984,0.42,0
ACC-2026-0175,0844797376,2025-08,Enseignant,439.04,48,0.177,1,0,1.0,0,0,0,0,26.14,4.43,17.562,0.22,0
ACC-2026-0175,0844797376,2025-09,Enseignant,439.04,49,0.177,1,0,0.5,1,0,0,30,24.32,4.43,17.562,0.22,0
ACC-2026-0175,0844797376,2025-10,Enseignant,439.04,50,0.177,2,0,0.667,1,0,0,0,23.68,4.43,17.562,0.22,0
ACC-2026-0175,0844797376,2025-11,Enseignant,439.04,51,0.177,3,0,0.75,1,0,0,0,26.45,4.43,17.562,0.22,0
ACC-2026-0175,0844797376,2025-12,Enseignant,439.04,52,0.177,4,0,0.8,1,0,0,0,24.65,4.43,17.562,0.22,0
ACC-2026-0175,0844797376,2026-01,Enseignant,439.04,53,0.177,5,0,0.833,1,0,0,0,25.31,4.43,17.562,0.22,0
ACC-2026-0175,0844797376,2026-02,Enseignant,439.04,54,0.177,6,0,0.857,1,0,0,0,25.92,4.43,17.562,0.22,0
ACC-2026-0175,0844797376,2026-03,Enseignant,439.04,55,0.177,7,0,0.875,1,0,0,0,23.33,4.43,17.562,0.22,0
ACC-2026-0175,0844797376,2026-04,Enseignant,439.04,56,0.177,8,0,0.889,1,0,0,0,25.94,4.43,17.562,0.22,0
ACC-2026-0175,0844797376,2026-05,Enseignant,439.04,57,0.177,9,0,0.9,1,0,0,0,23.24,4.43,17.562,0.22,0
ACC-2026-0175,0844797376,2026-06,Enseignant,439.04,58,0.177,10,0,0.909,1,0,0,0,23.75,4.43,17.562,0.22,0
ACC-2026-0175,0844797376,2026-07,Enseignant,439.04,59,0.177,11,0,0.917,1,0,0,0,25.11,4.43,17.562,0.22,0
ACC-2026-0176,0846231562,2025-08,Agriculteur,481.33,20,0.144,2,0,1.0,0,0,0,0,24.45,3.6,19.253,0.46,0
ACC-2026-0176,0846231562,2025-09,Agriculteur,481.33,21,0.144,3,0,1.0,0,0,0,0,26.12,3.6,19.253,0.46,0
ACC-2026-0176,0846231562,2025-10,Agriculteur,481.33,22,0.144,4,0,1.0,0,0,0,0,24.23,3.6,19.253,0.46,0
ACC-2026-0176,0846231562,2025-11,Agriculteur,481.33,23,0.144,5,0,1.0,0,0,0,0,26.5,3.6,19.253,0.46,0
ACC-2026-0176,0846231562,2025-12,Agriculteur,481.33,24,0.144,6,0,1.0,0,0,0,0,23.75,3.6,19.253,0.46,0
ACC-2026-0176,0846231562,2026-01,Agriculteur,481.33,25,0.144,7,0,1.0,0,0,0,0,24.06,3.6,19.253,0.46,0
ACC-2026-0176,0846231562,2026-02,Agriculteur,481.33,26,0.144,8,0,1.0,0,0,0,0,23.6,3.6,19.253,0.46,0
ACC-2026-0176,0846231562,2026-03,Agriculteur,481.33,27,0.144,9,0,1.0,0,1,0,0,24.09,3.6,19.253,0.46,0
ACC-2026-0176,0846231562,2026-04,Agriculteur,481.33,28,0.144,10,0,1.0,0,1,0,0,24.69,3.6,19.253,0.46,0
ACC-2026-0176,0846231562,2026-05,Agriculteur,481.33,29,0.144,11,0,1.0,0,1,0,0,25.12,3.6,19.253,0.46,0
ACC-2026-0176,0846231562,2026-06,Agriculteur,481.33,30,0.144,12,0,1.0,0,1,0,0,25.59,3.6,19.253,0.46,0
ACC-2026-0176,0846231562,2026-07,Agriculteur,481.33,31,0.144,13,0,1.0,0,2,0,0,23.14,3.6,19.253,0.46,0
ACC-2026-0177,0842695035,2025-08,Infirmier,465.15,52,0.091,2,0,1.0,0,0,0,0,21.21,1.82,23.258,0.24,0
ACC-2026-0177,0842695035,2025-09,Infirmier,465.15,53,0.091,3,0,1.0,0,0,0,0,19.51,1.82,23.258,0.24,0
ACC-2026-0177,0842695035,2025-10,Infirmier,465.15,54,0.091,4,0,1.0,0,0,0,0,18.7,1.82,23.258,0.24,0
ACC-2026-0177,0842695035,2025-11,Infirmier,465.15,55,0.091,5,0,1.0,0,0,0,0,19.38,1.82,23.258,0.24,0
ACC-2026-0177,0842695035,2025-12,Infirmier,465.15,56,0.091,6,0,1.0,0,0,0,0,18.62,1.82,23.258,0.24,0
ACC-2026-0177,0842695035,2026-01,Infirmier,465.15,57,0.091,7,0,1.0,0,0,0,0,18.44,1.82,23.258,0.24,0
ACC-2026-0177,0842695035,2026-02,Infirmier,465.15,58,0.091,8,0,1.0,0,0,0,0,19.24,1.82,23.258,0.24,0
ACC-2026-0177,0842695035,2026-03,Infirmier,465.15,59,0.091,9,0,1.0,0,0,0,0,20.3,1.82,23.258,0.24,0
ACC-2026-0177,0842695035,2026-04,Infirmier,465.15,60,0.091,10,0,1.0,0,0,0,0,19.19,1.82,23.258,0.24,0
ACC-2026-0177,0842695035,2026-05,Infirmier,465.15,61,0.091,11,0,1.0,0,0,0,0,21.57,1.82,23.258,0.24,0
ACC-2026-0177,0842695035,2026-06,Infirmier,465.15,62,0.091,12,0,1.0,0,0,0,0,18.87,1.82,23.258,0.24,0
ACC-2026-0177,0842695035,2026-07,Infirmier,465.15,63,0.091,13,0,1.0,0,0,0,0,19.85,1.82,23.258,0.24,0
ACC-2026-0178,0845317440,2025-08,Chauffeur,232.15,33,0.182,3,0,1.0,0,0,0,0,14.6,2.74,15.477,0.42,0
ACC-2026-0178,0845317440,2025-09,Chauffeur,232.15,34,0.182,4,0,1.0,0,0,0,0,15.82,2.74,15.477,0.42,0
ACC-2026-0178,0845317440,2025-10,Chauffeur,232.15,35,0.182,5,0,1.0,0,0,0,0,15.34,2.74,15.477,0.42,0
ACC-2026-0178,0845317440,2025-11,Chauffeur,232.15,36,0.182,6,0,1.0,0,0,0,0,16.19,2.74,15.477,0.42,1
ACC-2026-0178,0845317440,2025-12,Chauffeur,232.15,37,0.182,7,0,1.0,0,0,0,0,15.47,2.74,15.477,0.42,0
ACC-2026-0178,0845317440,2026-01,Chauffeur,232.15,38,0.182,8,0,1.0,0,0,0,0,16.01,2.74,15.477,0.42,0
ACC-2026-0178,0845317440,2026-02,Chauffeur,232.15,39,0.182,9,0,1.0,0,0,0,0,15.3,2.74,15.477,0.42,0
ACC-2026-0178,0845317440,2026-03,Chauffeur,232.15,40,0.182,10,0,1.0,0,0,0,0,15.9,2.74,15.477,0.42,0
ACC-2026-0178,0845317440,2026-04,Chauffeur,232.15,41,0.182,11,0,1.0,0,0,0,0,14.59,2.74,15.477,0.42,0
ACC-2026-0178,0845317440,2026-05,Chauffeur,232.15,42,0.182,12,0,1.0,0,0,0,0,14.26,2.74,15.477,0.42,0
ACC-2026-0178,0845317440,2026-06,Chauffeur,232.15,43,0.182,13,0,1.0,0,0,0,0,14.1,2.74,15.477,0.42,0
ACC-2026-0178,0845317440,2026-07,Chauffeur,232.15,44,0.182,14,0,1.0,0,0,0,0,14.63,2.74,15.477,0.42,1
ACC-2026-0179,0843468450,2025-08,Commercant independant,466.45,72,0.108,4,0,1.0,0,0,0,0,31.44,3.24,15.548,0.36,0
ACC-2026-0179,0843468450,2025-09,Commercant independant,466.45,73,0.108,5,0,1.0,0,0,0,0,30.45,3.24,15.548,0.36,0
ACC-2026-0179,0843468450,2025-10,Commercant independant,466.45,74,0.108,6,0,1.0,0,0,0,0,30.77,3.24,15.548,0.36,0
ACC-2026-0179,0843468450,2025-11,Commercant independant,466.45,75,0.108,7,0,1.0,0,0,0,0,28.96,3.24,15.548,0.36,0
ACC-2026-0179,0843468450,2025-12,Commercant independant,466.45,76,0.108,8,0,1.0,0,0,0,0,28.34,3.24,15.548,0.36,0
ACC-2026-0179,0843468450,2026-01,Commercant independant,466.45,77,0.108,9,0,1.0,0,0,0,0,28.54,3.24,15.548,0.36,0
ACC-2026-0179,0843468450,2026-02,Commercant independant,466.45,78,0.108,10,0,1.0,0,0,0,0,29.87,3.24,15.548,0.36,0
ACC-2026-0179,0843468450,2026-03,Commercant independant,466.45,79,0.108,11,0,1.0,0,0,0,0,29.63,3.24,15.548,0.36,0
ACC-2026-0179,0843468450,2026-04,Commercant independant,466.45,80,0.108,12,0,1.0,0,0,0,0,29.05,3.24,15.548,0.36,0
ACC-2026-0179,0843468450,2026-05,Commercant independant,466.45,81,0.108,13,0,1.0,0,0,0,0,29.15,3.24,15.548,0.36,0
ACC-2026-0179,0843468450,2026-06,Commercant independant,466.45,82,0.108,14,0,1.0,0,0,0,0,28.25,3.24,15.548,0.36,0
ACC-2026-0179,0843468450,2026-07,Commercant independant,466.45,83,0.108,15,0,1.0,0,0,0,0,30.32,3.24,15.548,0.36,0
ACC-2026-0180,0847307661,2025-08,Agriculteur,489.94,56,0.149,4,0,1.0,0,0,0,0,8.0,1.19,61.242,0.46,0
ACC-2026-0180,0847307661,2025-09,Agriculteur,489.94,57,0.149,5,0,1.0,0,0,0,0,7.96,1.19,61.242,0.46,0
ACC-2026-0180,0847307661,2025-10,Agriculteur,489.94,58,0.149,6,0,1.0,0,0,0,0,7.39,1.19,61.242,0.46,0
ACC-2026-0180,0847307661,2025-11,Agriculteur,489.94,59,0.149,7,0,1.0,0,0,0,0,8.52,1.19,61.242,0.46,0
ACC-2026-0180,0847307661,2025-12,Agriculteur,489.94,60,0.149,8,0,1.0,0,0,0,0,8.15,1.19,61.242,0.46,0
ACC-2026-0180,0847307661,2026-01,Agriculteur,489.94,61,0.149,9,0,1.0,0,1,0,0,8.44,1.19,61.242,0.46,0
ACC-2026-0180,0847307661,2026-02,Agriculteur,489.94,62,0.149,10,0,1.0,0,1,0,0,8.34,1.19,61.242,0.46,0
ACC-2026-0180,0847307661,2026-03,Agriculteur,489.94,63,0.149,11,0,1.0,0,1,0,0,7.71,1.19,61.242,0.46,0
ACC-2026-0180,0847307661,2026-04,Agriculteur,489.94,64,0.149,12,0,1.0,0,1,0,0,8.41,1.19,61.242,0.46,0
ACC-2026-0180,0847307661,2026-05,Agriculteur,489.94,65,0.149,13,0,1.0,0,1,0,0,7.52,1.19,61.242,0.46,0
ACC-2026-0180,0847307661,2026-06,Agriculteur,489.94,66,0.149,14,0,1.0,0,1,0,0,8.26,1.19,61.242,0.46,0
ACC-2026-0180,0847307661,2026-07,Agriculteur,489.94,67,0.149,15,0,1.0,0,1,0,0,7.53,1.19,61.242,0.46,0
ACC-2026-0181,0843596701,2025-08,Infirmier,272.15,1,0.278,1,0,0.0,1,0,0,365,18.4,5.56,13.607,0.24,1
ACC-2026-0181,0843596701,2025-09,Infirmier,272.15,2,0.278,2,0,0.5,1,1,0,0,19.05,5.56,13.607,0.24,0
ACC-2026-0181,0843596701,2025-10,Infirmier,272.15,3,0.278,3,0,0.667,1,1,0,0,18.58,5.56,13.607,0.24,0
ACC-2026-0181,0843596701,2025-11,Infirmier,272.15,4,0.278,4,0,0.75,1,1,0,0,21.02,5.56,13.607,0.24,0
ACC-2026-0181,0843596701,2025-12,Infirmier,272.15,5,0.278,5,0,0.8,1,1,0,0,20.58,5.56,13.607,0.24,0
ACC-2026-0181,0843596701,2026-01,Infirmier,272.15,6,0.278,6,0,0.833,1,1,0,0,20.44,5.56,13.607,0.24,0
ACC-2026-0181,0843596701,2026-02,Infirmier,272.15,7,0.278,7,0,0.857,1,1,0,0,18.95,5.56,13.607,0.24,0
ACC-2026-0181,0843596701,2026-03,Infirmier,272.15,8,0.278,8,0,0.875,1,1,0,0,19.33,5.56,13.607,0.24,0
ACC-2026-0181,0843596701,2026-04,Infirmier,272.15,9,0.278,9,0,0.889,1,1,0,0,20.54,5.56,13.607,0.24,0
ACC-2026-0181,0843596701,2026-05,Infirmier,272.15,10,0.278,10,0,0.9,1,2,0,0,19.73,5.56,13.607,0.24,1
ACC-2026-0181,0843596701,2026-06,Infirmier,272.15,11,0.278,11,0,0.909,1,2,0,0,20.21,5.56,13.607,0.24,0
ACC-2026-0181,0843596701,2026-07,Infirmier,272.15,12,0.278,12,0,0.917,1,2,0,0,21.26,5.56,13.607,0.24,1
ACC-2026-0182,0846951329,2025-08,Sans emploi,464.4,60,0.344,1,0,1.0,0,0,0,0,29.32,10.33,15.48,0.78,0
ACC-2026-0182,0846951329,2025-09,Sans emploi,464.4,61,0.344,2,0,1.0,0,0,0,0,30.99,10.33,15.48,0.78,1
ACC-2026-0182,0846951329,2025-10,Sans emploi,464.4,62,0.344,3,0,1.0,0,0,0,0,29.29,10.33,15.48,0.78,0
ACC-2026-0182,0846951329,2025-11,Sans emploi,464.4,63,0.344,4,0,1.0,0,0,0,0,31.38,10.33,15.48,0.78,0
ACC-2026-0182,0846951329,2025-12,Sans emploi,464.4,64,0.344,5,0,1.0,0,0,0,0,29.49,10.33,15.48,0.78,0
ACC-2026-0182,0846951329,2026-01,Sans emploi,464.4,65,0.344,6,0,1.0,0,0,0,0,29.86,10.33,15.48,0.78,0
ACC-2026-0182,0846951329,2026-02,Sans emploi,464.4,66,0.344,7,0,1.0,0,0,0,0,31.32,10.33,15.48,0.78,1
ACC-2026-0182,0846951329,2026-03,Sans emploi,464.4,67,0.344,8,0,1.0,0,0,0,0,32.18,10.33,15.48,0.78,0
ACC-2026-0182,0846951329,2026-04,Sans emploi,464.4,68,0.344,9,0,1.0,0,0,0,0,27.82,10.33,15.48,0.78,0
ACC-2026-0182,0846951329,2026-05,Sans emploi,464.4,69,0.344,10,0,1.0,0,1,0,0,28.11,10.33,15.48,0.78,0
ACC-2026-0182,0846951329,2026-06,Sans emploi,464.4,70,0.344,11,0,1.0,0,1,0,0,32.31,10.33,15.48,0.78,0
ACC-2026-0182,0846951329,2026-07,Sans emploi,464.4,71,0.344,12,0,1.0,0,1,0,0,31.92,10.33,15.48,0.78,0
ACC-2026-0183,0848047372,2025-08,Vendeur de rue,328.52,5,0.361,3,0,1.0,0,0,0,0,31.64,10.82,10.951,0.62,0
ACC-2026-0183,0848047372,2025-09,Vendeur de rue,328.52,6,0.361,4,0,1.0,0,0,0,0,29.41,10.82,10.951,0.62,0
ACC-2026-0183,0848047372,2025-10,Vendeur de rue,328.52,7,0.361,5,0,1.0,0,0,0,0,28.81,10.82,10.951,0.62,0
ACC-2026-0183,0848047372,2025-11,Vendeur de rue,328.52,8,0.361,6,0,1.0,0,0,0,0,28.38,10.82,10.951,0.62,0
ACC-2026-0183,0848047372,2025-12,Vendeur de rue,328.52,9,0.361,7,0,1.0,0,0,0,0,30.39,10.82,10.951,0.62,0
ACC-2026-0183,0848047372,2026-01,Vendeur de rue,328.52,10,0.361,8,0,1.0,0,0,0,0,31.49,10.82,10.951,0.62,0
ACC-2026-0183,0848047372,2026-02,Vendeur de rue,328.52,11,0.361,9,0,1.0,0,0,0,0,30.22,10.82,10.951,0.62,0
ACC-2026-0183,0848047372,2026-03,Vendeur de rue,328.52,12,0.361,10,0,1.0,0,0,0,0,31.97,10.82,10.951,0.62,0
ACC-2026-0183,0848047372,2026-04,Vendeur de rue,328.52,13,0.361,11,0,1.0,0,0,0,0,30.34,10.82,10.951,0.62,0
ACC-2026-0183,0848047372,2026-05,Vendeur de rue,328.52,14,0.361,12,0,1.0,0,0,0,0,30.28,10.82,10.951,0.62,1
ACC-2026-0183,0848047372,2026-06,Vendeur de rue,328.52,15,0.361,13,0,1.0,0,0,0,0,29.41,10.82,10.951,0.62,1
ACC-2026-0183,0848047372,2026-07,Vendeur de rue,328.52,16,0.361,14,0,1.0,0,0,0,0,29.03,10.82,10.951,0.62,0
ACC-2026-0184,0846551912,2025-08,Fonctionnaire,407.69,38,0.063,3,0,1.0,0,0,0,0,15.89,0.95,27.179,0.18,0
ACC-2026-0184,0846551912,2025-09,Fonctionnaire,407.69,39,0.063,4,0,1.0,0,0,0,0,15.85,0.95,27.179,0.18,0
ACC-2026-0184,0846551912,2025-10,Fonctionnaire,407.69,40,0.063,5,0,1.0,0,0,0,0,13.94,0.95,27.179,0.18,0
ACC-2026-0184,0846551912,2025-11,Fonctionnaire,407.69,41,0.063,6,0,1.0,0,0,0,0,16.0,0.95,27.179,0.18,0
ACC-2026-0184,0846551912,2025-12,Fonctionnaire,407.69,42,0.063,7,0,1.0,0,0,0,0,14.43,0.95,27.179,0.18,0
ACC-2026-0184,0846551912,2026-01,Fonctionnaire,407.69,43,0.063,8,0,1.0,0,0,0,0,15.11,0.95,27.179,0.18,0
ACC-2026-0184,0846551912,2026-02,Fonctionnaire,407.69,44,0.063,9,0,1.0,0,0,0,0,15.91,0.95,27.179,0.18,0
ACC-2026-0184,0846551912,2026-03,Fonctionnaire,407.69,45,0.063,10,0,1.0,0,0,0,0,15.97,0.95,27.179,0.18,0
ACC-2026-0184,0846551912,2026-04,Fonctionnaire,407.69,46,0.063,11,0,1.0,0,0,0,0,16.15,0.95,27.179,0.18,0
ACC-2026-0184,0846551912,2026-05,Fonctionnaire,407.69,47,0.063,12,0,1.0,0,0,0,0,13.99,0.95,27.179,0.18,0
ACC-2026-0184,0846551912,2026-06,Fonctionnaire,407.69,48,0.063,13,0,1.0,0,0,0,0,13.9,0.95,27.179,0.18,0
ACC-2026-0184,0846551912,2026-07,Fonctionnaire,407.69,49,0.063,14,0,1.0,0,0,0,0,14.84,0.95,27.179,0.18,0
ACC-2026-0185,0844821097,2025-08,Fonctionnaire,520.94,26,0.098,4,0,1.0,0,0,0,0,25.95,2.46,20.838,0.18,0
ACC-2026-0185,0844821097,2025-09,Fonctionnaire,520.94,27,0.098,5,0,1.0,0,0,0,0,25.78,2.46,20.838,0.18,0
ACC-2026-0185,0844821097,2025-10,Fonctionnaire,520.94,28,0.098,6,0,1.0,0,0,0,0,24.75,2.46,20.838,0.18,0
ACC-2026-0185,0844821097,2025-11,Fonctionnaire,520.94,29,0.098,7,0,1.0,0,0,0,0,23.77,2.46,20.838,0.18,0
ACC-2026-0185,0844821097,2025-12,Fonctionnaire,520.94,30,0.098,8,0,1.0,0,0,0,0,25.35,2.46,20.838,0.18,0
ACC-2026-0185,0844821097,2026-01,Fonctionnaire,520.94,31,0.098,9,0,1.0,0,0,0,0,26.17,2.46,20.838,0.18,0
ACC-2026-0185,0844821097,2026-02,Fonctionnaire,520.94,32,0.098,9,0,0.857,0,0,1,30,25.88,2.46,20.838,0.18,0
ACC-2026-0185,0844821097,2026-03,Fonctionnaire,520.94,33,0.098,10,0,0.875,0,0,1,0,23.72,2.46,20.838,0.18,0
ACC-2026-0185,0844821097,2026-04,Fonctionnaire,520.94,34,0.098,11,0,0.889,0,0,1,0,23.98,2.46,20.838,0.18,0
ACC-2026-0185,0844821097,2026-05,Fonctionnaire,520.94,35,0.098,12,0,0.9,0,0,1,0,23.49,2.46,20.838,0.18,0
ACC-2026-0185,0844821097,2026-06,Fonctionnaire,520.94,36,0.098,13,0,0.909,0,0,1,0,24.98,2.46,20.838,0.18,0
ACC-2026-0185,0844821097,2026-07,Fonctionnaire,520.94,37,0.098,14,0,0.917,0,0,1,0,23.88,2.46,20.838,0.18,0
ACC-2026-0186,0845910412,2025-08,Vendeur de rue,318.74,32,0.342,3,0,1.0,0,0,0,0,25.01,8.55,12.75,0.62,0
ACC-2026-0186,0845910412,2025-09,Vendeur de rue,318.74,33,0.342,4,0,1.0,0,0,0,0,25.49,8.55,12.75,0.62,0
ACC-2026-0186,0845910412,2025-10,Vendeur de rue,318.74,34,0.342,4,0,0.667,1,0,0,30,26.9,8.55,12.75,0.62,0
ACC-2026-0186,0845910412,2025-11,Vendeur de rue,318.74,35,0.342,5,0,0.75,1,0,0,0,24.49,8.55,12.75,0.62,1
ACC-2026-0186,0845910412,2025-12,Vendeur de rue,318.74,36,0.342,6,0,0.8,1,0,0,0,25.79,8.55,12.75,0.62,0
ACC-2026-0186,0845910412,2026-01,Vendeur de rue,318.74,37,0.342,7,0,0.833,1,1,0,0,25.0,8.55,12.75,0.62,0
ACC-2026-0186,0845910412,2026-02,Vendeur de rue,318.74,38,0.342,8,0,0.857,1,1,0,0,26.31,8.55,12.75,0.62,0
ACC-2026-0186,0845910412,2026-03,Vendeur de rue,318.74,39,0.342,9,0,0.875,1,1,0,0,24.98,8.55,12.75,0.62,0
ACC-2026-0186,0845910412,2026-04,Vendeur de rue,318.74,40,0.342,9,0,0.778,1,1,1,30,23.82,8.55,12.75,0.62,0
ACC-2026-0186,0845910412,2026-05,Vendeur de rue,318.74,41,0.342,9,1,0.7,1,1,2,60,25.17,8.55,12.75,0.62,1
ACC-2026-0186,0845910412,2026-06,Vendeur de rue,318.74,42,0.342,10,0,0.727,1,1,2,0,26.69,14.55,12.75,0.62,0
ACC-2026-0186,0845910412,2026-07,Vendeur de rue,318.74,43,0.342,11,0,0.75,1,1,2,0,24.36,11.55,12.75,0.62,0
ACC-2026-0187,0848173085,2025-08,Agriculteur,438.36,14,0.189,3,0,1.0,0,0,0,0,26.75,4.73,17.534,0.46,0
ACC-2026-0187,0848173085,2025-09,Agriculteur,438.36,15,0.189,4,0,1.0,0,0,0,0,25.08,4.73,17.534,0.46,0
ACC-2026-0187,0848173085,2025-10,Agriculteur,438.36,16,0.189,5,0,1.0,0,0,0,0,26.7,4.73,17.534,0.46,1
ACC-2026-0187,0848173085,2025-11,Agriculteur,438.36,17,0.189,6,0,1.0,0,0,0,0,26.8,4.73,17.534,0.46,0
ACC-2026-0187,0848173085,2025-12,Agriculteur,438.36,18,0.189,7,0,1.0,0,0,0,0,24.35,4.73,17.534,0.46,0
ACC-2026-0187,0848173085,2026-01,Agriculteur,438.36,19,0.189,8,0,1.0,0,0,0,0,25.64,4.73,17.534,0.46,0
ACC-2026-0187,0848173085,2026-02,Agriculteur,438.36,20,0.189,9,0,1.0,0,0,0,0,23.5,4.73,17.534,0.46,0
ACC-2026-0187,0848173085,2026-03,Agriculteur,438.36,21,0.189,10,0,1.0,0,0,0,0,23.72,4.73,17.534,0.46,0
ACC-2026-0187,0848173085,2026-04,Agriculteur,438.36,22,0.189,11,0,1.0,0,0,0,0,26.86,4.73,17.534,0.46,0
ACC-2026-0187,0848173085,2026-05,Agriculteur,438.36,23,0.189,12,0,1.0,0,0,0,0,23.23,4.73,17.534,0.46,0
ACC-2026-0187,0848173085,2026-06,Agriculteur,438.36,24,0.189,13,0,1.0,0,0,0,0,24.26,4.73,17.534,0.46,0
ACC-2026-0187,0848173085,2026-07,Agriculteur,438.36,25,0.189,14,0,1.0,0,0,0,0,24.1,4.73,17.534,0.46,0
ACC-2026-0188,0843927545,2025-08,Enseignant,311.17,7,0.037,1,0,1.0,0,0,0,0,10.01,0.37,31.117,0.22,0
ACC-2026-0188,0843927545,2025-09,Enseignant,311.17,8,0.037,2,0,1.0,0,0,0,0,9.56,0.37,31.117,0.22,0
ACC-2026-0188,0843927545,2025-10,Enseignant,311.17,9,0.037,3,0,1.0,0,0,0,0,9.23,0.37,31.117,0.22,0
ACC-2026-0188,0843927545,2025-11,Enseignant,311.17,10,0.037,4,0,1.0,0,0,0,0,9.27,0.37,31.117,0.22,0
ACC-2026-0188,0843927545,2025-12,Enseignant,311.17,11,0.037,5,0,1.0,0,0,0,0,9.38,0.37,31.117,0.22,0
ACC-2026-0188,0843927545,2026-01,Enseignant,311.17,12,0.037,6,0,1.0,0,0,0,0,10.53,0.37,31.117,0.22,0
ACC-2026-0188,0843927545,2026-02,Enseignant,311.17,13,0.037,7,0,1.0,0,0,0,0,9.65,0.37,31.117,0.22,0
ACC-2026-0188,0843927545,2026-03,Enseignant,311.17,14,0.037,8,0,1.0,0,0,0,0,10.76,0.37,31.117,0.22,0
ACC-2026-0188,0843927545,2026-04,Enseignant,311.17,15,0.037,9,0,1.0,0,0,0,0,9.67,0.37,31.117,0.22,0
ACC-2026-0188,0843927545,2026-05,Enseignant,311.17,16,0.037,10,0,1.0,0,0,0,0,9.44,0.37,31.117,0.22,0
ACC-2026-0188,0843927545,2026-06,Enseignant,311.17,17,0.037,11,0,1.0,0,0,0,0,9.7,0.37,31.117,0.22,0
ACC-2026-0188,0843927545,2026-07,Enseignant,311.17,18,0.037,12,0,1.0,0,0,0,0,10.34,0.37,31.117,0.22,0
ACC-2026-0189,0841546929,2025-08,Chauffeur,405.48,11,0.262,2,0,1.0,0,0,0,0,8.64,2.1,50.685,0.42,0
ACC-2026-0189,0841546929,2025-09,Chauffeur,405.48,12,0.262,3,0,1.0,0,0,0,0,7.52,2.1,50.685,0.42,0
ACC-2026-0189,0841546929,2025-10,Chauffeur,405.48,13,0.262,4,0,1.0,0,0,0,0,8.2,2.1,50.685,0.42,0
ACC-2026-0189,0841546929,2025-11,Chauffeur,405.48,14,0.262,5,0,1.0,0,0,0,0,8.1,2.1,50.685,0.42,0
ACC-2026-0189,0841546929,2025-12,Chauffeur,405.48,15,0.262,6,0,1.0,0,0,0,0,8.61,2.1,50.685,0.42,0
ACC-2026-0189,0841546929,2026-01,Chauffeur,405.48,16,0.262,7,0,1.0,0,0,0,0,8.25,2.1,50.685,0.42,0
ACC-2026-0189,0841546929,2026-02,Chauffeur,405.48,17,0.262,8,0,1.0,0,0,0,0,7.46,2.1,50.685,0.42,1
ACC-2026-0189,0841546929,2026-03,Chauffeur,405.48,18,0.262,9,0,1.0,0,0,0,0,7.98,2.1,50.685,0.42,0
ACC-2026-0189,0841546929,2026-04,Chauffeur,405.48,19,0.262,10,0,1.0,0,0,0,0,8.42,2.1,50.685,0.42,0
ACC-2026-0189,0841546929,2026-05,Chauffeur,405.48,20,0.262,11,0,1.0,0,0,0,0,8.52,2.1,50.685,0.42,0
ACC-2026-0189,0841546929,2026-06,Chauffeur,405.48,21,0.262,12,0,1.0,0,0,0,0,8.38,2.1,50.685,0.42,0
ACC-2026-0189,0841546929,2026-07,Chauffeur,405.48,22,0.262,13,0,1.0,0,0,0,0,8.01,2.1,50.685,0.42,0
ACC-2026-0190,0844323637,2025-08,Vendeur de rue,385.46,59,0.226,4,0,1.0,0,0,0,0,8.07,1.81,48.182,0.62,0
ACC-2026-0190,0844323637,2025-09,Vendeur de rue,385.46,60,0.226,5,0,1.0,0,0,0,0,7.4,1.81,48.182,0.62,0
ACC-2026-0190,0844323637,2025-10,Vendeur de rue,385.46,61,0.226,6,0,1.0,0,0,0,0,7.53,1.81,48.182,0.62,0
ACC-2026-0190,0844323637,2025-11,Vendeur de rue,385.46,62,0.226,7,0,1.0,0,0,0,0,7.81,1.81,48.182,0.62,0
ACC-2026-0190,0844323637,2025-12,Vendeur de rue,385.46,63,0.226,8,0,1.0,0,0,0,0,7.51,1.81,48.182,0.62,0
ACC-2026-0190,0844323637,2026-01,Vendeur de rue,385.46,64,0.226,9,0,1.0,0,0,0,0,8.15,1.81,48.182,0.62,1
ACC-2026-0190,0844323637,2026-02,Vendeur de rue,385.46,65,0.226,10,0,1.0,0,0,0,0,7.81,1.81,48.182,0.62,0
ACC-2026-0190,0844323637,2026-03,Vendeur de rue,385.46,66,0.226,11,0,1.0,0,0,0,0,8.43,1.81,48.182,0.62,0
ACC-2026-0190,0844323637,2026-04,Vendeur de rue,385.46,67,0.226,12,0,1.0,0,0,0,0,7.59,1.81,48.182,0.62,0
ACC-2026-0190,0844323637,2026-05,Vendeur de rue,385.46,68,0.226,13,0,1.0,0,0,0,0,7.47,1.81,48.182,0.62,0
ACC-2026-0190,0844323637,2026-06,Vendeur de rue,385.46,69,0.226,14,0,1.0,0,0,0,0,8.19,1.81,48.182,0.62,0
ACC-2026-0190,0844323637,2026-07,Vendeur de rue,385.46,70,0.226,15,0,1.0,0,0,0,0,8.11,1.81,48.182,0.62,1
ACC-2026-0191,0845988680,2025-08,Commercant independant,434.36,68,0.163,4,0,1.0,0,0,0,0,24.54,4.08,17.374,0.36,0
ACC-2026-0191,0845988680,2025-09,Commercant independant,434.36,69,0.163,5,0,1.0,0,1,0,0,26.78,4.08,17.374,0.36,0
ACC-2026-0191,0845988680,2025-10,Commercant independant,434.36,70,0.163,6,0,1.0,0,1,0,0,24.11,4.08,17.374,0.36,0
ACC-2026-0191,0845988680,2025-11,Commercant independant,434.36,71,0.163,7,0,1.0,0,1,0,0,23.66,4.08,17.374,0.36,0
ACC-2026-0191,0845988680,2025-12,Commercant independant,434.36,72,0.163,8,0,1.0,0,1,0,0,23.68,4.08,17.374,0.36,0
ACC-2026-0191,0845988680,2026-01,Commercant independant,434.36,73,0.163,9,0,1.0,0,1,0,0,23.42,4.08,17.374,0.36,0
ACC-2026-0191,0845988680,2026-02,Commercant independant,434.36,74,0.163,10,0,1.0,0,1,0,0,25.21,4.08,17.374,0.36,0
ACC-2026-0191,0845988680,2026-03,Commercant independant,434.36,75,0.163,11,0,1.0,0,1,0,0,23.16,4.08,17.374,0.36,0
ACC-2026-0191,0845988680,2026-04,Commercant independant,434.36,76,0.163,12,0,1.0,0,1,0,0,24.95,4.08,17.374,0.36,0
ACC-2026-0191,0845988680,2026-05,Commercant independant,434.36,77,0.163,13,0,1.0,0,1,0,0,26.79,4.08,17.374,0.36,0
ACC-2026-0191,0845988680,2026-06,Commercant independant,434.36,78,0.163,14,0,1.0,0,1,0,0,24.82,4.08,17.374,0.36,0
ACC-2026-0191,0845988680,2026-07,Commercant independant,434.36,79,0.163,15,0,1.0,0,1,0,0,23.48,4.08,17.374,0.36,0
ACC-2026-0192,0842457333,2025-08,Vendeur de rue,299.47,36,0.306,3,0,1.0,0,0,0,0,31.17,9.18,9.982,0.62,1
ACC-2026-0192,0842457333,2025-09,Vendeur de rue,299.47,37,0.306,4,0,1.0,0,0,0,0,29.21,9.18,9.982,0.62,0
ACC-2026-0192,0842457333,2025-10,Vendeur de rue,299.47,38,0.306,5,0,1.0,0,0,0,0,27.96,9.18,9.982,0.62,0
ACC-2026-0192,0842457333,2025-11,Vendeur de rue,299.47,39,0.306,5,0,0.75,0,0,1,30,28.08,9.18,9.982,0.62,0
ACC-2026-0192,0842457333,2025-12,Vendeur de rue,299.47,40,0.306,6,0,0.8,0,0,1,0,30.28,9.18,9.982,0.62,0
ACC-2026-0192,0842457333,2026-01,Vendeur de rue,299.47,41,0.306,7,0,0.833,0,0,1,0,30.61,9.18,9.982,0.62,0
ACC-2026-0192,0842457333,2026-02,Vendeur de rue,299.47,42,0.306,8,0,0.857,0,0,1,0,28.66,9.18,9.982,0.62,0
ACC-2026-0192,0842457333,2026-03,Vendeur de rue,299.47,43,0.306,9,0,0.875,0,0,1,0,28.5,9.18,9.982,0.62,0
ACC-2026-0192,0842457333,2026-04,Vendeur de rue,299.47,44,0.306,10,0,0.889,0,0,1,0,28.03,9.18,9.982,0.62,0
ACC-2026-0192,0842457333,2026-05,Vendeur de rue,299.47,45,0.306,11,0,0.9,0,0,1,0,29.68,9.18,9.982,0.62,0
ACC-2026-0192,0842457333,2026-06,Vendeur de rue,299.47,46,0.306,12,0,0.909,0,0,1,0,27.79,9.18,9.982,0.62,0
ACC-2026-0192,0842457333,2026-07,Vendeur de rue,299.47,47,0.306,13,0,0.917,0,0,1,0,28.73,9.18,9.982,0.62,0
ACC-2026-0193,0844020978,2025-08,Vendeur de rue,362.32,63,0.326,4,0,1.0,0,0,0,0,20.14,6.53,18.116,0.62,0
ACC-2026-0193,0844020978,2025-09,Vendeur de rue,362.32,64,0.326,5,0,1.0,0,0,0,0,21.27,6.53,18.116,0.62,0
ACC-2026-0193,0844020978,2025-10,Vendeur de rue,362.32,65,0.326,6,0,1.0,0,0,0,0,19.19,6.53,18.116,0.62,0
ACC-2026-0193,0844020978,2025-11,Vendeur de rue,362.32,66,0.326,7,0,1.0,0,0,0,0,20.51,6.53,18.116,0.62,0
ACC-2026-0193,0844020978,2025-12,Vendeur de rue,362.32,67,0.326,8,0,1.0,0,1,0,0,21.22,6.53,18.116,0.62,0
ACC-2026-0193,0844020978,2026-01,Vendeur de rue,362.32,68,0.326,9,0,1.0,0,1,0,0,20.6,6.53,18.116,0.62,0
ACC-2026-0193,0844020978,2026-02,Vendeur de rue,362.32,69,0.326,10,0,1.0,0,1,0,0,21.12,6.53,18.116,0.62,0
ACC-2026-0193,0844020978,2026-03,Vendeur de rue,362.32,70,0.326,11,0,1.0,0,1,0,0,20.56,6.53,18.116,0.62,0
ACC-2026-0193,0844020978,2026-04,Vendeur de rue,362.32,71,0.326,12,0,1.0,0,1,0,0,19.23,6.53,18.116,0.62,0
ACC-2026-0193,0844020978,2026-05,Vendeur de rue,362.32,72,0.326,13,0,1.0,0,1,0,0,20.44,6.53,18.116,0.62,0
ACC-2026-0193,0844020978,2026-06,Vendeur de rue,362.32,73,0.326,14,0,1.0,0,1,0,0,21.2,6.53,18.116,0.62,0
ACC-2026-0193,0844020978,2026-07,Vendeur de rue,362.32,74,0.326,15,0,1.0,0,2,0,0,21.5,6.53,18.116,0.62,1
ACC-2026-0194,0841334200,2025-08,Sans emploi,81.24,3,0.635,3,0,1.0,0,0,0,0,20.85,12.0,4.062,0.78,0
ACC-2026-0194,0841334200,2025-09,Sans emploi,81.24,4,0.635,4,0,1.0,0,0,0,0,19.56,12.0,4.062,0.78,1
ACC-2026-0194,0841334200,2025-10,Sans emploi,81.24,5,0.635,5,0,1.0,0,0,0,0,21.15,12.0,4.062,0.78,0
ACC-2026-0194,0841334200,2025-11,Sans emploi,81.24,6,0.635,6,0,1.0,0,0,0,0,19.46,12.0,4.062,0.78,0
ACC-2026-0194,0841334200,2025-12,Sans emploi,81.24,7,0.635,7,0,1.0,0,0,0,0,18.52,12.0,4.062,0.78,0
ACC-2026-0194,0841334200,2026-01,Sans emploi,81.24,8,0.635,7,0,0.833,0,0,1,30,19.67,12.0,4.062,0.78,1
ACC-2026-0194,0841334200,2026-02,Sans emploi,81.24,9,0.635,8,0,0.857,0,1,1,0,19.14,12.0,4.062,0.78,1
ACC-2026-0194,0841334200,2026-03,Sans emploi,81.24,10,0.635,9,0,0.875,0,2,1,0,18.8,12.0,4.062,0.78,0
ACC-2026-0194,0841334200,2026-04,Sans emploi,81.24,11,0.635,9,0,0.778,0,2,2,30,19.26,12.0,4.062,0.78,1
ACC-2026-0194,0841334200,2026-05,Sans emploi,81.24,12,0.635,10,0,0.8,0,2,2,0,19.73,12.0,4.062,0.78,0
ACC-2026-0194,0841334200,2026-06,Sans emploi,81.24,13,0.635,11,1,0.818,0,2,2,0,20.75,12.0,4.062,0.78,1
ACC-2026-0194,0841334200,2026-07,Sans emploi,81.24,14,0.635,12,1,0.833,0,2,2,0,19.44,12.0,4.062,0.78,1
ACC-2026-0195,0845597791,2025-08,Commercant independant,518.14,61,0.129,1,0,1.0,0,0,0,0,19.7,2.57,25.907,0.36,0
ACC-2026-0195,0845597791,2025-09,Commercant independant,518.14,62,0.129,2,0,1.0,0,0,0,0,20.02,2.57,25.907,0.36,0
ACC-2026-0195,0845597791,2025-10,Commercant independant,518.14,63,0.129,3,0,1.0,0,0,0,0,21.44,2.57,25.907,0.36,0
ACC-2026-0195,0845597791,2025-11,Commercant independant,518.14,64,0.129,4,0,1.0,0,0,0,0,20.25,2.57,25.907,0.36,0
ACC-2026-0195,0845597791,2025-12,Commercant independant,518.14,65,0.129,5,0,1.0,0,0,0,0,19.93,2.57,25.907,0.36,0
ACC-2026-0195,0845597791,2026-01,Commercant independant,518.14,66,0.129,6,0,1.0,0,0,0,0,20.42,2.57,25.907,0.36,0
ACC-2026-0195,0845597791,2026-02,Commercant independant,518.14,67,0.129,7,0,1.0,0,0,0,0,21.41,2.57,25.907,0.36,0
ACC-2026-0195,0845597791,2026-03,Commercant independant,518.14,68,0.129,8,0,1.0,0,0,0,0,21.08,2.57,25.907,0.36,0
ACC-2026-0195,0845597791,2026-04,Commercant independant,518.14,69,0.129,9,0,1.0,0,0,0,0,18.59,2.57,25.907,0.36,0
ACC-2026-0195,0845597791,2026-05,Commercant independant,518.14,70,0.129,10,0,1.0,0,0,0,0,21.07,2.57,25.907,0.36,0
ACC-2026-0195,0845597791,2026-06,Commercant independant,518.14,71,0.129,11,0,1.0,0,0,0,0,21.19,2.57,25.907,0.36,0
ACC-2026-0195,0845597791,2026-07,Commercant independant,518.14,72,0.129,12,0,1.0,0,0,0,0,19.96,2.57,25.907,0.36,0
ACC-2026-0196,0844955049,2025-08,Commercant independant,467.89,62,0.171,1,0,1.0,0,0,0,0,24.7,4.27,18.716,0.36,0
ACC-2026-0196,0844955049,2025-09,Commercant independant,467.89,63,0.171,1,0,0.5,0,0,1,30,25.08,4.27,18.716,0.36,1
ACC-2026-0196,0844955049,2025-10,Commercant independant,467.89,64,0.171,2,0,0.667,0,0,1,0,23.45,4.27,18.716,0.36,0
ACC-2026-0196,0844955049,2025-11,Commercant independant,467.89,65,0.171,3,0,0.75,0,0,1,0,25.1,4.27,18.716,0.36,0
ACC-2026-0196,0844955049,2025-12,Commercant independant,467.89,66,0.171,4,0,0.8,0,0,1,0,23.04,4.27,18.716,0.36,0
ACC-2026-0196,0844955049,2026-01,Commercant independant,467.89,67,0.171,5,0,0.833,0,0,1,0,26.52,4.27,18.716,0.36,0
ACC-2026-0196,0844955049,2026-02,Commercant independant,467.89,68,0.171,6,0,0.857,0,0,1,0,25.26,4.27,18.716,0.36,0
ACC-2026-0196,0844955049,2026-03,Commercant independant,467.89,69,0.171,7,0,0.875,0,0,1,0,26.21,4.27,18.716,0.36,0
ACC-2026-0196,0844955049,2026-04,Commercant independant,467.89,70,0.171,8,0,0.889,0,0,1,0,24.89,4.27,18.716,0.36,0
ACC-2026-0196,0844955049,2026-05,Commercant independant,467.89,71,0.171,9,0,0.9,0,0,1,0,26.98,4.27,18.716,0.36,0
ACC-2026-0196,0844955049,2026-06,Commercant independant,467.89,72,0.171,10,0,0.909,0,0,1,0,24.9,4.27,18.716,0.36,0
ACC-2026-0196,0844955049,2026-07,Commercant independant,467.89,73,0.171,11,0,0.917,0,0,1,0,26.97,4.27,18.716,0.36,0
ACC-2026-0197,0844343156,2025-08,Agriculteur,236.31,8,0.202,2,0,1.0,0,1,0,0,25.55,5.05,9.452,0.46,0
ACC-2026-0197,0844343156,2025-09,Agriculteur,236.31,9,0.202,2,0,0.5,0,1,1,30,23.77,5.05,9.452,0.46,0
ACC-2026-0197,0844343156,2025-10,Agriculteur,236.31,10,0.202,3,0,0.667,0,1,1,0,25.92,5.05,9.452,0.46,0
ACC-2026-0197,0844343156,2025-11,Agriculteur,236.31,11,0.202,4,0,0.75,0,1,1,0,25.24,5.05,9.452,0.46,0
ACC-2026-0197,0844343156,2025-12,Agriculteur,236.31,12,0.202,5,0,0.8,0,1,1,0,23.41,5.05,9.452,0.46,0
ACC-2026-0197,0844343156,2026-01,Agriculteur,236.31,13,0.202,6,0,0.833,0,1,1,0,23.51,5.05,9.452,0.46,0
ACC-2026-0197,0844343156,2026-02,Agriculteur,236.31,14,0.202,7,0,0.857,0,1,1,0,25.3,5.05,9.452,0.46,0
ACC-2026-0197,0844343156,2026-03,Agriculteur,236.31,15,0.202,8,0,0.875,0,1,1,0,25.95,5.05,9.452,0.46,0
ACC-2026-0197,0844343156,2026-04,Agriculteur,236.31,16,0.202,9,0,0.889,0,1,1,0,23.01,5.05,9.452,0.46,0
ACC-2026-0197,0844343156,2026-05,Agriculteur,236.31,17,0.202,10,0,0.9,0,1,1,0,25.46,5.05,9.452,0.46,0
ACC-2026-0197,0844343156,2026-06,Agriculteur,236.31,18,0.202,10,0,0.818,0,1,2,30,23.31,5.05,9.452,0.46,0
ACC-2026-0197,0844343156,2026-07,Agriculteur,236.31,19,0.202,11,0,0.833,0,1,2,0,24.7,8.05,9.452,0.46,0
ACC-2026-0198,0842967908,2025-08,Infirmier,349.7,51,0.152,4,0,1.0,0,0,0,0,21.08,3.04,17.485,0.24,0
ACC-2026-0198,0842967908,2025-09,Infirmier,349.7,52,0.152,5,0,1.0,0,0,0,0,19.08,3.04,17.485,0.24,0
ACC-2026-0198,0842967908,2025-10,Infirmier,349.7,53,0.152,6,0,1.0,0,0,0,0,18.86,3.04,17.485,0.24,0
ACC-2026-0198,0842967908,2025-11,Infirmier,349.7,54,0.152,7,0,1.0,0,0,0,0,19.2,3.04,17.485,0.24,0
ACC-2026-0198,0842967908,2025-12,Infirmier,349.7,55,0.152,8,0,1.0,0,0,0,0,18.97,3.04,17.485,0.24,0
ACC-2026-0198,0842967908,2026-01,Infirmier,349.7,56,0.152,9,0,1.0,0,0,0,0,19.51,3.04,17.485,0.24,0
ACC-2026-0198,0842967908,2026-02,Infirmier,349.7,57,0.152,10,0,1.0,0,0,0,0,21.35,3.04,17.485,0.24,0
ACC-2026-0198,0842967908,2026-03,Infirmier,349.7,58,0.152,11,0,1.0,0,0,0,0,21.59,3.04,17.485,0.24,0
ACC-2026-0198,0842967908,2026-04,Infirmier,349.7,59,0.152,12,0,1.0,0,0,0,0,20.28,3.04,17.485,0.24,0
ACC-2026-0198,0842967908,2026-05,Infirmier,349.7,60,0.152,13,0,1.0,0,0,0,0,20.01,3.04,17.485,0.24,0
ACC-2026-0198,0842967908,2026-06,Infirmier,349.7,61,0.152,14,0,1.0,0,0,0,0,20.45,3.04,17.485,0.24,0
ACC-2026-0198,0842967908,2026-07,Infirmier,349.7,62,0.152,15,0,1.0,0,0,0,0,19.28,3.04,17.485,0.24,0
ACC-2026-0199,0841510471,2025-08,Vendeur de rue,530.84,59,0.227,5,0,1.0,0,0,0,0,18.52,4.54,26.542,0.62,0
ACC-2026-0199,0841510471,2025-09,Vendeur de rue,530.84,60,0.227,6,0,1.0,0,0,0,0,20.76,4.54,26.542,0.62,0
ACC-2026-0199,0841510471,2025-10,Vendeur de rue,530.84,61,0.227,7,0,1.0,0,0,0,0,21.11,4.54,26.542,0.62,0
ACC-2026-0199,0841510471,2025-11,Vendeur de rue,530.84,62,0.227,8,0,1.0,0,1,0,0,18.71,4.54,26.542,0.62,0
ACC-2026-0199,0841510471,2025-12,Vendeur de rue,530.84,63,0.227,9,0,1.0,0,1,0,0,20.36,4.54,26.542,0.62,0
ACC-2026-0199,0841510471,2026-01,Vendeur de rue,530.84,64,0.227,10,0,1.0,0,1,0,0,19.41,4.54,26.542,0.62,0
ACC-2026-0199,0841510471,2026-02,Vendeur de rue,530.84,65,0.227,11,0,1.0,0,1,0,0,21.42,4.54,26.542,0.62,0
ACC-2026-0199,0841510471,2026-03,Vendeur de rue,530.84,66,0.227,12,0,1.0,0,1,0,0,21.08,4.54,26.542,0.62,1
ACC-2026-0199,0841510471,2026-04,Vendeur de rue,530.84,67,0.227,13,0,1.0,0,1,0,0,20.0,4.54,26.542,0.62,1
ACC-2026-0199,0841510471,2026-05,Vendeur de rue,530.84,68,0.227,14,0,1.0,0,1,0,0,19.28,4.54,26.542,0.62,0
ACC-2026-0199,0841510471,2026-06,Vendeur de rue,530.84,69,0.227,15,0,1.0,0,1,0,0,20.79,4.54,26.542,0.62,1
ACC-2026-0199,0841510471,2026-07,Vendeur de rue,530.84,70,0.227,16,0,1.0,0,1,0,0,19.52,4.54,26.542,0.62,0
ACC-2026-0200,0842444438,2025-08,Chauffeur,192.58,60,0.128,1,0,1.0,0,0,0,0,7.47,1.02,24.073,0.42,0
ACC-2026-0200,0842444438,2025-09,Chauffeur,192.58,61,0.128,1,0,0.5,0,0,1,30,7.58,1.02,24.073,0.42,0
ACC-2026-0200,0842444438,2025-10,Chauffeur,192.58,62,0.128,2,0,0.667,0,0,1,0,8.48,1.02,24.073,0.42,0
ACC-2026-0200,0842444438,2025-11,Chauffeur,192.58,63,0.128,3,0,0.75,0,0,1,0,8.57,1.02,24.073,0.42,0
ACC-2026-0200,0842444438,2025-12,Chauffeur,192.58,64,0.128,4,0,0.8,0,0,1,0,7.76,1.02,24.073,0.42,0
ACC-2026-0200,0842444438,2026-01,Chauffeur,192.58,65,0.128,5,0,0.833,0,0,1,0,8.08,1.02,24.073,0.42,0
ACC-2026-0200,0842444438,2026-02,Chauffeur,192.58,66,0.128,6,0,0.857,0,0,1,0,7.62,1.02,24.073,0.42,0
ACC-2026-0200,0842444438,2026-03,Chauffeur,192.58,67,0.128,7,0,0.875,0,0,1,0,7.48,1.02,24.073,0.42,0
ACC-2026-0200,0842444438,2026-04,Chauffeur,192.58,68,0.128,8,0,0.889,0,0,1,0,8.03,1.02,24.073,0.42,0
ACC-2026-0200,0842444438,2026-05,Chauffeur,192.58,69,0.128,9,0,0.9,0,0,1,0,8.58,1.02,24.073,0.42,0
ACC-2026-0200,0842444438,2026-06,Chauffeur,192.58,70,0.128,10,0,0.909,0,0,1,0,8.63,1.02,24.073,0.42,0
ACC-2026-0200,0842444438,2026-07,Chauffeur,192.58,71,0.128,11,0,0.917,0,0,1,0,7.73,1.02,24.073,0.42,0
ACC-2026-0201,0845512234,2025-08,Fonctionnaire,392.83,60,0.03,1,0,1.0,0,0,0,0,15.31,0.45,26.189,0.18,0
ACC-2026-0201,0845512234,2025-09,Fonctionnaire,392.83,61,0.03,2,0,1.0,0,0,0,0,15.15,0.45,26.189,0.18,0
ACC-2026-0201,0845512234,2025-10,Fonctionnaire,392.83,62,0.03,3,0,1.0,0,0,0,0,14.05,0.45,26.189,0.18,0
ACC-2026-0201,0845512234,2025-11,Fonctionnaire,392.83,63,0.03,4,0,1.0,0,0,0,0,14.94,0.45,26.189,0.18,0
ACC-2026-0201,0845512234,2025-12,Fonctionnaire,392.83,64,0.03,5,0,1.0,0,0,0,0,14.66,0.45,26.189,0.18,0
ACC-2026-0201,0845512234,2026-01,Fonctionnaire,392.83,65,0.03,6,0,1.0,0,0,0,0,14.85,0.45,26.189,0.18,0
ACC-2026-0201,0845512234,2026-02,Fonctionnaire,392.83,66,0.03,7,0,1.0,0,0,0,0,15.55,0.45,26.189,0.18,0
ACC-2026-0201,0845512234,2026-03,Fonctionnaire,392.83,67,0.03,8,0,1.0,0,0,0,0,15.24,0.45,26.189,0.18,0
ACC-2026-0201,0845512234,2026-04,Fonctionnaire,392.83,68,0.03,9,0,1.0,0,0,0,0,16.03,0.45,26.189,0.18,0
ACC-2026-0201,0845512234,2026-05,Fonctionnaire,392.83,69,0.03,10,0,1.0,0,0,0,0,14.06,0.45,26.189,0.18,0
ACC-2026-0201,0845512234,2026-06,Fonctionnaire,392.83,70,0.03,11,0,1.0,0,0,0,0,15.22,0.45,26.189,0.18,0
ACC-2026-0201,0845512234,2026-07,Fonctionnaire,392.83,71,0.03,12,0,1.0,0,0,0,0,15.23,0.45,26.189,0.18,0
ACC-2026-0202,0843341247,2025-08,Enseignant,307.81,43,0.174,3,0,1.0,0,0,0,0,7.54,1.39,38.476,0.22,0
ACC-2026-0202,0843341247,2025-09,Enseignant,307.81,44,0.174,4,0,1.0,0,0,0,0,8.2,1.39,38.476,0.22,0
ACC-2026-0202,0843341247,2025-10,Enseignant,307.81,45,0.174,5,0,1.0,0,0,0,0,7.6,1.39,38.476,0.22,0
ACC-2026-0202,0843341247,2025-11,Enseignant,307.81,46,0.174,6,0,1.0,0,0,0,0,7.56,1.39,38.476,0.22,0
ACC-2026-0202,0843341247,2025-12,Enseignant,307.81,47,0.174,6,0,0.8,0,0,1,30,7.56,1.39,38.476,0.22,0
ACC-2026-0202,0843341247,2026-01,Enseignant,307.81,48,0.174,7,0,0.833,0,0,1,0,7.63,1.39,38.476,0.22,0
ACC-2026-0202,0843341247,2026-02,Enseignant,307.81,49,0.174,8,0,0.857,0,0,1,0,7.67,1.39,38.476,0.22,0
ACC-2026-0202,0843341247,2026-03,Enseignant,307.81,50,0.174,9,0,0.875,0,0,1,0,8.56,1.39,38.476,0.22,0
ACC-2026-0202,0843341247,2026-04,Enseignant,307.81,51,0.174,10,0,0.889,0,0,1,0,8.22,1.39,38.476,0.22,0
ACC-2026-0202,0843341247,2026-05,Enseignant,307.81,52,0.174,11,0,0.9,0,0,1,0,7.8,1.39,38.476,0.22,0
ACC-2026-0202,0843341247,2026-06,Enseignant,307.81,53,0.174,11,0,0.818,0,0,2,30,8.49,1.39,38.476,0.22,0
ACC-2026-0202,0843341247,2026-07,Enseignant,307.81,54,0.174,12,0,0.833,0,0,2,0,8.0,2.35,38.476,0.22,0
ACC-2026-0203,0847680364,2025-08,Vendeur de rue,240.53,25,0.233,4,0,1.0,0,1,0,0,7.85,1.86,30.066,0.62,0
ACC-2026-0203,0847680364,2025-09,Vendeur de rue,240.53,26,0.233,5,0,1.0,0,1,0,0,8.22,1.86,30.066,0.62,0
ACC-2026-0203,0847680364,2025-10,Vendeur de rue,240.53,27,0.233,6,0,1.0,0,1,0,0,7.59,1.86,30.066,0.62,0
ACC-2026-0203,0847680364,2025-11,Vendeur de rue,240.53,28,0.233,6,0,0.75,1,1,0,30,8.39,1.86,30.066,0.62,0
ACC-2026-0203,0847680364,2025-12,Vendeur de rue,240.53,29,0.233,7,0,0.8,1,1,0,0,7.88,1.86,30.066,0.62,0
ACC-2026-0203,0847680364,2026-01,Vendeur de rue,240.53,30,0.233,8,0,0.833,1,1,0,0,8.01,1.86,30.066,0.62,1
ACC-2026-0203,0847680364,2026-02,Vendeur de rue,240.53,31,0.233,9,0,0.857,1,1,0,0,8.22,1.86,30.066,0.62,1
ACC-2026-0203,0847680364,2026-03,Vendeur de rue,240.53,32,0.233,10,0,0.875,1,1,0,0,8.31,1.86,30.066,0.62,0
ACC-2026-0203,0847680364,2026-04,Vendeur de rue,240.53,33,0.233,11,0,0.889,1,1,0,0,8.0,1.86,30.066,0.62,0
ACC-2026-0203,0847680364,2026-05,Vendeur de rue,240.53,34,0.233,12,0,0.9,1,1,0,0,8.6,1.86,30.066,0.62,0
ACC-2026-0203,0847680364,2026-06,Vendeur de rue,240.53,35,0.233,13,0,0.909,1,1,0,0,8.33,1.86,30.066,0.62,1
ACC-2026-0203,0847680364,2026-07,Vendeur de rue,240.53,36,0.233,13,0,0.833,1,1,1,30,8.57,1.86,30.066,0.62,0
ACC-2026-0204,0849638526,2025-08,Vendeur de rue,232.08,59,0.207,2,0,0.0,0,0,1,365,21.18,4.14,11.604,0.62,1
ACC-2026-0204,0849638526,2025-09,Vendeur de rue,232.08,60,0.207,3,0,0.5,0,0,1,0,19.58,4.14,11.604,0.62,0
ACC-2026-0204,0849638526,2025-10,Vendeur de rue,232.08,61,0.207,4,0,0.667,0,0,1,0,18.48,4.14,11.604,0.62,0
ACC-2026-0204,0849638526,2025-11,Vendeur de rue,232.08,62,0.207,5,0,0.75,0,0,1,0,19.83,4.14,11.604,0.62,1
ACC-2026-0204,0849638526,2025-12,Vendeur de rue,232.08,63,0.207,6,0,0.8,0,0,1,0,20.74,4.14,11.604,0.62,0
ACC-2026-0204,0849638526,2026-01,Vendeur de rue,232.08,64,0.207,7,0,0.833,0,0,1,0,20.11,4.14,11.604,0.62,0
ACC-2026-0204,0849638526,2026-02,Vendeur de rue,232.08,65,0.207,8,0,0.857,0,0,1,0,21.26,4.14,11.604,0.62,0
ACC-2026-0204,0849638526,2026-03,Vendeur de rue,232.08,66,0.207,9,0,0.875,0,0,1,0,21.34,4.14,11.604,0.62,0
ACC-2026-0204,0849638526,2026-04,Vendeur de rue,232.08,67,0.207,10,0,0.889,0,0,1,0,20.22,4.14,11.604,0.62,0
ACC-2026-0204,0849638526,2026-05,Vendeur de rue,232.08,68,0.207,10,0,0.8,0,0,2,30,20.35,4.14,11.604,0.62,0
ACC-2026-0204,0849638526,2026-06,Vendeur de rue,232.08,69,0.207,11,0,0.818,0,1,2,0,20.04,6.54,11.604,0.62,0
ACC-2026-0204,0849638526,2026-07,Vendeur de rue,232.08,70,0.207,12,0,0.833,0,1,2,0,19.37,6.54,11.604,0.62,0
ACC-2026-0205,0845309362,2025-08,Agriculteur,308.81,56,0.254,5,0,1.0,0,0,0,0,7.75,2.03,38.601,0.46,0
ACC-2026-0205,0845309362,2025-09,Agriculteur,308.81,57,0.254,6,0,1.0,0,0,0,0,8.38,2.03,38.601,0.46,0
ACC-2026-0205,0845309362,2025-10,Agriculteur,308.81,58,0.254,7,0,1.0,0,0,0,0,7.92,2.03,38.601,0.46,0
ACC-2026-0205,0845309362,2025-11,Agriculteur,308.81,59,0.254,8,0,1.0,0,0,0,0,8.22,2.03,38.601,0.46,0
ACC-2026-0205,0845309362,2025-12,Agriculteur,308.81,60,0.254,9,0,1.0,0,0,0,0,7.71,2.03,38.601,0.46,1
ACC-2026-0205,0845309362,2026-01,Agriculteur,308.81,61,0.254,10,0,1.0,0,0,0,0,7.53,2.03,38.601,0.46,0
ACC-2026-0205,0845309362,2026-02,Agriculteur,308.81,62,0.254,11,0,1.0,0,0,0,0,7.77,2.03,38.601,0.46,1
ACC-2026-0205,0845309362,2026-03,Agriculteur,308.81,63,0.254,12,0,1.0,0,0,0,0,7.44,2.03,38.601,0.46,0
ACC-2026-0205,0845309362,2026-04,Agriculteur,308.81,64,0.254,13,0,1.0,0,0,0,0,8.11,2.03,38.601,0.46,0
ACC-2026-0205,0845309362,2026-05,Agriculteur,308.81,65,0.254,14,0,1.0,0,0,0,0,8.55,2.03,38.601,0.46,0
ACC-2026-0205,0845309362,2026-06,Agriculteur,308.81,66,0.254,15,0,1.0,0,0,0,0,7.93,2.03,38.601,0.46,0
ACC-2026-0205,0845309362,2026-07,Agriculteur,308.81,67,0.254,16,0,1.0,0,0,0,0,8.25,2.03,38.601,0.46,0
ACC-2026-0206,0841541342,2025-08,Chauffeur,286.29,11,0.187,2,0,0.0,1,0,0,365,31.19,5.61,9.543,0.42,1
ACC-2026-0206,0841541342,2025-09,Chauffeur,286.29,12,0.187,3,0,0.5,1,0,0,0,29.77,5.61,9.543,0.42,1
ACC-2026-0206,0841541342,2025-10,Chauffeur,286.29,13,0.187,4,0,0.667,1,0,0,0,30.6,5.61,9.543,0.42,0
ACC-2026-0206,0841541342,2025-11,Chauffeur,286.29,14,0.187,5,0,0.75,1,0,0,0,31.21,5.61,9.543,0.42,0
ACC-2026-0206,0841541342,2025-12,Chauffeur,286.29,15,0.187,6,0,0.8,1,0,0,0,29.4,5.61,9.543,0.42,0
ACC-2026-0206,0841541342,2026-01,Chauffeur,286.29,16,0.187,7,0,0.833,1,0,0,0,28.19,5.61,9.543,0.42,0
ACC-2026-0206,0841541342,2026-02,Chauffeur,286.29,17,0.187,8,0,0.857,1,0,0,0,28.99,5.61,9.543,0.42,0
ACC-2026-0206,0841541342,2026-03,Chauffeur,286.29,18,0.187,9,0,0.875,1,0,0,0,32.3,5.61,9.543,0.42,0
ACC-2026-0206,0841541342,2026-04,Chauffeur,286.29,19,0.187,10,0,0.889,1,0,0,0,31.92,5.61,9.543,0.42,0
ACC-2026-0206,0841541342,2026-05,Chauffeur,286.29,20,0.187,11,0,0.9,1,0,0,0,30.79,5.61,9.543,0.42,0
ACC-2026-0206,0841541342,2026-06,Chauffeur,286.29,21,0.187,12,0,0.909,1,0,0,0,30.01,5.61,9.543,0.42,0
ACC-2026-0206,0841541342,2026-07,Chauffeur,286.29,22,0.187,13,0,0.917,1,0,0,0,31.23,5.61,9.543,0.42,0
ACC-2026-0207,0843633482,2025-08,Vendeur de rue,299.6,69,0.321,2,0,1.0,0,0,0,0,14.04,4.82,19.973,0.62,0
ACC-2026-0207,0843633482,2025-09,Vendeur de rue,299.6,70,0.321,3,0,1.0,0,0,0,0,14.25,4.82,19.973,0.62,0
ACC-2026-0207,0843633482,2025-10,Vendeur de rue,299.6,71,0.321,4,0,1.0,0,0,0,0,15.01,4.82,19.973,0.62,0
ACC-2026-0207,0843633482,2025-11,Vendeur de rue,299.6,72,0.321,5,0,1.0,0,0,0,0,13.85,4.82,19.973,0.62,0
ACC-2026-0207,0843633482,2025-12,Vendeur de rue,299.6,73,0.321,6,0,1.0,0,0,0,0,15.44,4.82,19.973,0.62,1
ACC-2026-0207,0843633482,2026-01,Vendeur de rue,299.6,74,0.321,7,0,1.0,0,0,0,0,15.7,4.82,19.973,0.62,0
ACC-2026-0207,0843633482,2026-02,Vendeur de rue,299.6,75,0.321,8,0,1.0,0,0,0,0,15.99,4.82,19.973,0.62,0
ACC-2026-0207,0843633482,2026-03,Vendeur de rue,299.6,76,0.321,9,0,1.0,0,0,0,0,14.93,4.82,19.973,0.62,0
ACC-2026-0207,0843633482,2026-04,Vendeur de rue,299.6,77,0.321,9,0,0.889,1,0,0,30,13.96,4.82,19.973,0.62,0
ACC-2026-0207,0843633482,2026-05,Vendeur de rue,299.6,78,0.321,10,0,0.9,1,0,0,0,15.44,4.82,19.973,0.62,0
ACC-2026-0207,0843633482,2026-06,Vendeur de rue,299.6,79,0.321,11,0,0.909,1,0,0,0,14.91,4.82,19.973,0.62,0
ACC-2026-0207,0843633482,2026-07,Vendeur de rue,299.6,80,0.321,12,0,0.917,1,0,0,0,15.89,4.82,19.973,0.62,0
ACC-2026-0208,0842171758,2025-08,Fonctionnaire,446.19,5,0.259,5,0,1.0,0,0,0,0,31.74,7.78,14.873,0.18,0
ACC-2026-0208,0842171758,2025-09,Fonctionnaire,446.19,6,0.259,6,0,1.0,0,0,0,0,31.04,7.78,14.873,0.18,0
ACC-2026-0208,0842171758,2025-10,Fonctionnaire,446.19,7,0.259,7,0,1.0,0,0,0,0,30.16,7.78,14.873,0.18,0
ACC-2026-0208,0842171758,2025-11,Fonctionnaire,446.19,8,0.259,8,0,1.0,0,0,0,0,29.01,7.78,14.873,0.18,0
ACC-2026-0208,0842171758,2025-12,Fonctionnaire,446.19,9,0.259,9,0,1.0,0,0,0,0,29.34,7.78,14.873,0.18,0
ACC-2026-0208,0842171758,2026-01,Fonctionnaire,446.19,10,0.259,10,0,1.0,0,0,0,0,29.66,7.78,14.873,0.18,0
ACC-2026-0208,0842171758,2026-02,Fonctionnaire,446.19,11,0.259,11,0,1.0,0,0,0,0,31.56,7.78,14.873,0.18,0
ACC-2026-0208,0842171758,2026-03,Fonctionnaire,446.19,12,0.259,12,0,1.0,0,0,0,0,29.58,7.78,14.873,0.18,0
ACC-2026-0208,0842171758,2026-04,Fonctionnaire,446.19,13,0.259,13,0,1.0,0,0,0,0,28.61,7.78,14.873,0.18,0
ACC-2026-0208,0842171758,2026-05,Fonctionnaire,446.19,14,0.259,14,0,1.0,0,1,0,0,31.92,7.78,14.873,0.18,0
ACC-2026-0208,0842171758,2026-06,Fonctionnaire,446.19,15,0.259,15,0,1.0,0,1,0,0,29.02,7.78,14.873,0.18,0
ACC-2026-0208,0842171758,2026-07,Fonctionnaire,446.19,16,0.259,16,0,1.0,0,1,0,0,30.33,7.78,14.873,0.18,0
ACC-2026-0209,0843483430,2025-08,Commercant independant,509.17,47,0.129,2,0,1.0,0,0,0,0,29.06,3.86,16.972,0.36,0
ACC-2026-0209,0843483430,2025-09,Commercant independant,509.17,48,0.129,3,0,1.0,0,0,0,0,31.46,3.86,16.972,0.36,0
ACC-2026-0209,0843483430,2025-10,Commercant independant,509.17,49,0.129,4,0,1.0,0,0,0,0,28.84,3.86,16.972,0.36,0
ACC-2026-0209,0843483430,2025-11,Commercant independant,509.17,50,0.129,5,0,1.0,0,0,0,0,28.31,3.86,16.972,0.36,0
ACC-2026-0209,0843483430,2025-12,Commercant independant,509.17,51,0.129,6,0,1.0,0,0,0,0,31.78,3.86,16.972,0.36,0
ACC-2026-0209,0843483430,2026-01,Commercant independant,509.17,52,0.129,7,0,1.0,0,0,0,0,32.27,3.86,16.972,0.36,0
ACC-2026-0209,0843483430,2026-02,Commercant independant,509.17,53,0.129,8,0,1.0,0,0,0,0,30.11,3.86,16.972,0.36,0
ACC-2026-0209,0843483430,2026-03,Commercant independant,509.17,54,0.129,9,0,1.0,0,0,0,0,31.78,3.86,16.972,0.36,0
ACC-2026-0209,0843483430,2026-04,Commercant independant,509.17,55,0.129,10,0,1.0,0,0,0,0,30.81,3.86,16.972,0.36,0
ACC-2026-0209,0843483430,2026-05,Commercant independant,509.17,56,0.129,11,0,1.0,0,0,0,0,28.32,3.86,16.972,0.36,0
ACC-2026-0209,0843483430,2026-06,Commercant independant,509.17,57,0.129,12,0,1.0,0,0,0,0,28.55,3.86,16.972,0.36,0
ACC-2026-0209,0843483430,2026-07,Commercant independant,509.17,58,0.129,13,0,1.0,0,0,0,0,27.66,3.86,16.972,0.36,0
ACC-2026-0210,0849793246,2025-08,Vendeur de rue,297.21,26,0.305,4,0,1.0,0,0,0,0,16.08,4.58,19.814,0.62,0
ACC-2026-0210,0849793246,2025-09,Vendeur de rue,297.21,27,0.305,5,0,1.0,0,0,0,0,15.83,4.58,19.814,0.62,1
ACC-2026-0210,0849793246,2025-10,Vendeur de rue,297.21,28,0.305,6,0,1.0,0,0,0,0,14.87,4.58,19.814,0.62,0
ACC-2026-0210,0849793246,2025-11,Vendeur de rue,297.21,29,0.305,7,0,1.0,0,0,0,0,14.24,4.58,19.814,0.62,0
ACC-2026-0210,0849793246,2025-12,Vendeur de rue,297.21,30,0.305,8,0,1.0,0,0,0,0,15.52,4.58,19.814,0.62,0
ACC-2026-0210,0849793246,2026-01,Vendeur de rue,297.21,31,0.305,9,0,1.0,0,0,0,0,14.47,4.58,19.814,0.62,0
ACC-2026-0210,0849793246,2026-02,Vendeur de rue,297.21,32,0.305,10,0,1.0,0,0,0,0,15.97,4.58,19.814,0.62,0
ACC-2026-0210,0849793246,2026-03,Vendeur de rue,297.21,33,0.305,11,0,1.0,0,0,0,0,14.39,4.58,19.814,0.62,0
ACC-2026-0210,0849793246,2026-04,Vendeur de rue,297.21,34,0.305,12,0,1.0,0,1,0,0,15.92,4.58,19.814,0.62,0
ACC-2026-0210,0849793246,2026-05,Vendeur de rue,297.21,35,0.305,13,0,1.0,0,2,0,0,14.95,4.58,19.814,0.62,0
ACC-2026-0210,0849793246,2026-06,Vendeur de rue,297.21,36,0.305,14,0,1.0,0,3,0,0,15.21,4.58,19.814,0.62,0
ACC-2026-0210,0849793246,2026-07,Vendeur de rue,297.21,37,0.305,14,1,0.917,0,3,1,30,15.97,4.58,19.814,0.62,1
ACC-2026-0211,0844268180,2025-08,Chauffeur,226.4,1,0.38,5,0,1.0,0,0,0,0,15.31,5.7,15.093,0.42,0
ACC-2026-0211,0844268180,2025-09,Chauffeur,226.4,2,0.38,6,0,1.0,0,0,0,0,15.35,5.7,15.093,0.42,0
ACC-2026-0211,0844268180,2025-10,Chauffeur,226.4,3,0.38,7,0,1.0,0,0,0,0,15.43,5.7,15.093,0.42,0
ACC-2026-0211,0844268180,2025-11,Chauffeur,226.4,4,0.38,8,0,1.0,0,1,0,0,15.62,5.7,15.093,0.42,1
ACC-2026-0211,0844268180,2025-12,Chauffeur,226.4,5,0.38,9,0,1.0,0,1,0,0,15.02,5.7,15.093,0.42,1
ACC-2026-0211,0844268180,2026-01,Chauffeur,226.4,6,0.38,10,0,1.0,0,1,0,0,15.42,5.7,15.093,0.42,0
ACC-2026-0211,0844268180,2026-02,Chauffeur,226.4,7,0.38,11,0,1.0,0,1,0,0,15.45,5.7,15.093,0.42,0
ACC-2026-0211,0844268180,2026-03,Chauffeur,226.4,8,0.38,12,0,1.0,0,2,0,0,14.36,5.7,15.093,0.42,0
ACC-2026-0211,0844268180,2026-04,Chauffeur,226.4,9,0.38,13,0,1.0,0,2,0,0,14.93,5.7,15.093,0.42,0
ACC-2026-0211,0844268180,2026-05,Chauffeur,226.4,10,0.38,14,0,1.0,0,2,0,0,15.41,5.7,15.093,0.42,0
ACC-2026-0211,0844268180,2026-06,Chauffeur,226.4,11,0.38,15,0,1.0,0,2,0,0,14.21,5.7,15.093,0.42,0
ACC-2026-0211,0844268180,2026-07,Chauffeur,226.4,12,0.38,16,0,1.0,0,2,0,0,15.04,5.7,15.093,0.42,0
ACC-2026-0212,0847994575,2025-08,Agriculteur,203.42,35,0.276,4,0,1.0,0,0,0,0,10.54,2.76,20.342,0.46,0
ACC-2026-0212,0847994575,2025-09,Agriculteur,203.42,36,0.276,5,0,1.0,0,0,0,0,10.53,2.76,20.342,0.46,0
ACC-2026-0212,0847994575,2025-10,Agriculteur,203.42,37,0.276,6,0,1.0,0,0,0,0,10.42,2.76,20.342,0.46,0
ACC-2026-0212,0847994575,2025-11,Agriculteur,203.42,38,0.276,6,0,0.75,0,0,1,30,9.85,2.76,20.342,0.46,0
ACC-2026-0212,0847994575,2025-12,Agriculteur,203.42,39,0.276,7,0,0.8,0,0,1,0,9.64,2.76,20.342,0.46,0
ACC-2026-0212,0847994575,2026-01,Agriculteur,203.42,40,0.276,8,0,0.833,0,0,1,0,9.61,2.76,20.342,0.46,1
ACC-2026-0212,0847994575,2026-02,Agriculteur,203.42,41,0.276,9,0,0.857,0,0,1,0,9.81,2.76,20.342,0.46,0
ACC-2026-0212,0847994575,2026-03,Agriculteur,203.42,42,0.276,10,0,0.875,0,0,1,0,10.19,2.76,20.342,0.46,0
ACC-2026-0212,0847994575,2026-04,Agriculteur,203.42,43,0.276,11,0,0.889,0,1,1,0,9.46,2.76,20.342,0.46,0
ACC-2026-0212,0847994575,2026-05,Agriculteur,203.42,44,0.276,12,0,0.9,0,1,1,0,10.72,2.76,20.342,0.46,0
ACC-2026-0212,0847994575,2026-06,Agriculteur,203.42,45,0.276,13,0,0.909,0,1,1,0,10.74,2.76,20.342,0.46,0
ACC-2026-0212,0847994575,2026-07,Agriculteur,203.42,46,0.276,14,0,0.917,0,1,1,0,10.14,2.76,20.342,0.46,1
ACC-2026-0213,0846749416,2025-08,Infirmier,236.12,15,0.049,1,0,1.0,0,0,0,0,20.88,0.99,11.806,0.24,0
ACC-2026-0213,0846749416,2025-09,Infirmier,236.12,16,0.049,2,0,1.0,0,0,0,0,19.36,0.99,11.806,0.24,0
ACC-2026-0213,0846749416,2025-10,Infirmier,236.12,17,0.049,3,0,1.0,0,0,0,0,20.23,0.99,11.806,0.24,0
ACC-2026-0213,0846749416,2025-11,Infirmier,236.12,18,0.049,4,0,1.0,0,0,0,0,19.33,0.99,11.806,0.24,0
ACC-2026-0213,0846749416,2025-12,Infirmier,236.12,19,0.049,5,0,1.0,0,0,0,0,20.91,0.99,11.806,0.24,0
ACC-2026-0213,0846749416,2026-01,Infirmier,236.12,20,0.049,6,0,1.0,0,0,0,0,21.3,0.99,11.806,0.24,0
ACC-2026-0213,0846749416,2026-02,Infirmier,236.12,21,0.049,7,0,1.0,0,0,0,0,19.9,0.99,11.806,0.24,0
ACC-2026-0213,0846749416,2026-03,Infirmier,236.12,22,0.049,8,0,1.0,0,0,0,0,20.65,0.99,11.806,0.24,0
ACC-2026-0213,0846749416,2026-04,Infirmier,236.12,23,0.049,8,0,0.889,1,0,0,30,18.78,0.99,11.806,0.24,0
ACC-2026-0213,0846749416,2026-05,Infirmier,236.12,24,0.049,9,0,0.9,1,0,0,0,18.55,0.99,11.806,0.24,0
ACC-2026-0213,0846749416,2026-06,Infirmier,236.12,25,0.049,10,0,0.909,1,0,0,0,18.45,0.99,11.806,0.24,0
ACC-2026-0213,0846749416,2026-07,Infirmier,236.12,26,0.049,11,0,0.917,1,0,0,0,20.95,0.99,11.806,0.24,0
ACC-2026-0214,0846599438,2025-08,Chauffeur,461.79,10,0.124,5,0,1.0,0,0,0,0,25.13,3.09,18.472,0.42,0
ACC-2026-0214,0846599438,2025-09,Chauffeur,461.79,11,0.124,6,0,1.0,0,0,0,0,26.69,3.09,18.472,0.42,0
ACC-2026-0214,0846599438,2025-10,Chauffeur,461.79,12,0.124,7,0,1.0,0,0,0,0,26.07,3.09,18.472,0.42,0
ACC-2026-0214,0846599438,2025-11,Chauffeur,461.79,13,0.124,8,0,1.0,0,0,0,0,26.52,3.09,18.472,0.42,0
ACC-2026-0214,0846599438,2025-12,Chauffeur,461.79,14,0.124,9,0,1.0,0,0,0,0,25.59,3.09,18.472,0.42,0
ACC-2026-0214,0846599438,2026-01,Chauffeur,461.79,15,0.124,10,0,1.0,0,0,0,0,26.28,3.09,18.472,0.42,1
ACC-2026-0214,0846599438,2026-02,Chauffeur,461.79,16,0.124,11,0,1.0,0,0,0,0,23.03,3.09,18.472,0.42,1
ACC-2026-0214,0846599438,2026-03,Chauffeur,461.79,17,0.124,12,0,1.0,0,0,0,0,24.71,3.09,18.472,0.42,0
ACC-2026-0214,0846599438,2026-04,Chauffeur,461.79,18,0.124,13,0,1.0,0,0,0,0,24.31,3.09,18.472,0.42,0
ACC-2026-0214,0846599438,2026-05,Chauffeur,461.79,19,0.124,14,0,1.0,0,0,0,0,25.3,3.09,18.472,0.42,0
ACC-2026-0214,0846599438,2026-06,Chauffeur,461.79,20,0.124,15,0,1.0,0,0,0,0,23.61,3.09,18.472,0.42,0
ACC-2026-0214,0846599438,2026-07,Chauffeur,461.79,21,0.124,16,0,1.0,0,0,0,0,23.1,3.09,18.472,0.42,0
ACC-2026-0215,0843136134,2025-08,Commercant independant,409.06,41,0.187,2,0,1.0,0,0,0,0,9.88,1.87,40.906,0.36,0
ACC-2026-0215,0843136134,2025-09,Commercant independant,409.06,42,0.187,3,0,1.0,0,0,0,0,9.77,1.87,40.906,0.36,0
ACC-2026-0215,0843136134,2025-10,Commercant independant,409.06,43,0.187,4,0,1.0,0,0,0,0,10.53,1.87,40.906,0.36,0
ACC-2026-0215,0843136134,2025-11,Commercant independant,409.06,44,0.187,5,0,1.0,0,0,0,0,10.38,1.87,40.906,0.36,0
ACC-2026-0215,0843136134,2025-12,Commercant independant,409.06,45,0.187,6,0,1.0,0,0,0,0,9.53,1.87,40.906,0.36,0
ACC-2026-0215,0843136134,2026-01,Commercant independant,409.06,46,0.187,7,0,1.0,0,0,0,0,9.48,1.87,40.906,0.36,0
ACC-2026-0215,0843136134,2026-02,Commercant independant,409.06,47,0.187,8,0,1.0,0,0,0,0,10.41,1.87,40.906,0.36,0
ACC-2026-0215,0843136134,2026-03,Commercant independant,409.06,48,0.187,9,0,1.0,0,0,0,0,10.4,1.87,40.906,0.36,0
ACC-2026-0215,0843136134,2026-04,Commercant independant,409.06,49,0.187,10,0,1.0,0,0,0,0,10.48,1.87,40.906,0.36,0
ACC-2026-0215,0843136134,2026-05,Commercant independant,409.06,50,0.187,11,0,1.0,0,0,0,0,9.93,1.87,40.906,0.36,0
ACC-2026-0215,0843136134,2026-06,Commercant independant,409.06,51,0.187,12,0,1.0,0,0,0,0,10.57,1.87,40.906,0.36,0
ACC-2026-0215,0843136134,2026-07,Commercant independant,409.06,52,0.187,13,0,1.0,0,0,0,0,9.89,1.87,40.906,0.36,0
ACC-2026-0216,0842416860,2025-08,Chauffeur,299.52,50,0.112,3,0,1.0,0,0,0,0,21.27,2.23,14.976,0.42,0
ACC-2026-0216,0842416860,2025-09,Chauffeur,299.52,51,0.112,4,0,1.0,0,0,0,0,18.43,2.23,14.976,0.42,0
ACC-2026-0216,0842416860,2025-10,Chauffeur,299.52,52,0.112,5,0,1.0,0,0,0,0,18.52,2.23,14.976,0.42,0
ACC-2026-0216,0842416860,2025-11,Chauffeur,299.52,53,0.112,6,0,1.0,0,0,0,0,19.34,2.23,14.976,0.42,0
ACC-2026-0216,0842416860,2025-12,Chauffeur,299.52,54,0.112,7,0,1.0,0,0,0,0,18.96,2.23,14.976,0.42,0
ACC-2026-0216,0842416860,2026-01,Chauffeur,299.52,55,0.112,8,0,1.0,0,0,0,0,20.54,2.23,14.976,0.42,0
ACC-2026-0216,0842416860,2026-02,Chauffeur,299.52,56,0.112,9,0,1.0,0,0,0,0,18.5,2.23,14.976,0.42,0
ACC-2026-0216,0842416860,2026-03,Chauffeur,299.52,57,0.112,10,0,1.0,0,0,0,0,21.09,2.23,14.976,0.42,1
ACC-2026-0216,0842416860,2026-04,Chauffeur,299.52,58,0.112,11,0,1.0,0,1,0,0,18.49,2.23,14.976,0.42,0
ACC-2026-0216,0842416860,2026-05,Chauffeur,299.52,59,0.112,12,0,1.0,0,1,0,0,19.7,2.23,14.976,0.42,0
ACC-2026-0216,0842416860,2026-06,Chauffeur,299.52,60,0.112,13,0,1.0,0,1,0,0,18.94,2.23,14.976,0.42,0
ACC-2026-0216,0842416860,2026-07,Chauffeur,299.52,61,0.112,14,0,1.0,0,1,0,0,19.74,2.23,14.976,0.42,0
ACC-2026-0217,0848791898,2025-08,Sans emploi,292.42,18,0.401,1,0,1.0,0,0,0,0,24.88,10.01,11.697,0.78,1
ACC-2026-0217,0848791898,2025-09,Sans emploi,292.42,19,0.401,2,0,1.0,0,0,0,0,24.46,10.01,11.697,0.78,0
ACC-2026-0217,0848791898,2025-10,Sans emploi,292.42,20,0.401,3,0,1.0,0,0,0,0,25.99,10.01,11.697,0.78,0
ACC-2026-0217,0848791898,2025-11,Sans emploi,292.42,21,0.401,4,0,1.0,0,0,0,0,23.52,10.01,11.697,0.78,0
ACC-2026-0217,0848791898,2025-12,Sans emploi,292.42,22,0.401,4,0,0.8,0,0,1,30,23.38,10.01,11.697,0.78,0
ACC-2026-0217,0848791898,2026-01,Sans emploi,292.42,23,0.401,5,0,0.833,0,1,1,0,23.9,10.01,11.697,0.78,0
ACC-2026-0217,0848791898,2026-02,Sans emploi,292.42,24,0.401,6,0,0.857,0,1,1,0,26.9,10.01,11.697,0.78,0
ACC-2026-0217,0848791898,2026-03,Sans emploi,292.42,25,0.401,7,0,0.875,0,1,1,0,26.53,10.01,11.697,0.78,1
ACC-2026-0217,0848791898,2026-04,Sans emploi,292.42,26,0.401,8,0,0.889,0,1,1,0,25.64,10.01,11.697,0.78,0
ACC-2026-0217,0848791898,2026-05,Sans emploi,292.42,27,0.401,8,0,0.8,0,1,2,30,26.62,10.01,11.697,0.78,1
ACC-2026-0217,0848791898,2026-06,Sans emploi,292.42,28,0.401,9,1,0.818,0,2,2,0,23.57,13.01,11.697,0.78,0
ACC-2026-0217,0848791898,2026-07,Sans emploi,292.42,29,0.401,10,1,0.833,0,3,2,0,25.29,15.0,11.697,0.78,1
ACC-2026-0218,0847805792,2025-08,Commercant independant,253.55,28,0.181,5,0,1.0,0,0,0,0,20.78,3.63,12.678,0.36,0
ACC-2026-0218,0847805792,2025-09,Commercant independant,253.55,29,0.181,6,0,1.0,0,0,0,0,21.59,3.63,12.678,0.36,0
ACC-2026-0218,0847805792,2025-10,Commercant independant,253.55,30,0.181,7,0,1.0,0,0,0,0,20.87,3.63,12.678,0.36,0
ACC-2026-0218,0847805792,2025-11,Commercant independant,253.55,31,0.181,8,0,1.0,0,0,0,0,20.84,3.63,12.678,0.36,0
ACC-2026-0218,0847805792,2025-12,Commercant independant,253.55,32,0.181,9,0,1.0,0,0,0,0,18.48,3.63,12.678,0.36,0
ACC-2026-0218,0847805792,2026-01,Commercant independant,253.55,33,0.181,10,0,1.0,0,0,0,0,21.06,3.63,12.678,0.36,0
ACC-2026-0218,0847805792,2026-02,Commercant independant,253.55,34,0.181,11,0,1.0,0,0,0,0,19.51,3.63,12.678,0.36,0
ACC-2026-0218,0847805792,2026-03,Commercant independant,253.55,35,0.181,12,0,1.0,0,0,0,0,21.49,3.63,12.678,0.36,0
ACC-2026-0218,0847805792,2026-04,Commercant independant,253.55,36,0.181,13,0,1.0,0,0,0,0,21.23,3.63,12.678,0.36,0
ACC-2026-0218,0847805792,2026-05,Commercant independant,253.55,37,0.181,14,0,1.0,0,0,0,0,20.88,3.63,12.678,0.36,0
ACC-2026-0218,0847805792,2026-06,Commercant independant,253.55,38,0.181,15,0,1.0,0,0,0,0,20.9,3.63,12.678,0.36,0
ACC-2026-0218,0847805792,2026-07,Commercant independant,253.55,39,0.181,16,0,1.0,0,1,0,0,20.11,3.63,12.678,0.36,0
ACC-2026-0219,0849906521,2025-08,Enseignant,442.44,29,0.043,5,0,1.0,0,0,0,0,28.57,1.3,14.748,0.22,0
ACC-2026-0219,0849906521,2025-09,Enseignant,442.44,30,0.043,6,0,1.0,0,0,0,0,29.47,1.3,14.748,0.22,0
ACC-2026-0219,0849906521,2025-10,Enseignant,442.44,31,0.043,7,0,1.0,0,0,0,0,29.15,1.3,14.748,0.22,0
ACC-2026-0219,0849906521,2025-11,Enseignant,442.44,32,0.043,8,0,1.0,0,0,0,0,31.0,1.3,14.748,0.22,0
ACC-2026-0219,0849906521,2025-12,Enseignant,442.44,33,0.043,9,0,1.0,0,0,0,0,30.45,1.3,14.748,0.22,0
ACC-2026-0219,0849906521,2026-01,Enseignant,442.44,34,0.043,10,0,1.0,0,0,0,0,29.91,1.3,14.748,0.22,0
ACC-2026-0219,0849906521,2026-02,Enseignant,442.44,35,0.043,11,0,1.0,0,0,0,0,32.3,1.3,14.748,0.22,0
ACC-2026-0219,0849906521,2026-03,Enseignant,442.44,36,0.043,12,0,1.0,0,0,0,0,30.44,1.3,14.748,0.22,0
ACC-2026-0219,0849906521,2026-04,Enseignant,442.44,37,0.043,13,0,1.0,0,0,0,0,32.16,1.3,14.748,0.22,0
ACC-2026-0219,0849906521,2026-05,Enseignant,442.44,38,0.043,14,0,1.0,0,0,0,0,30.41,1.3,14.748,0.22,0
ACC-2026-0219,0849906521,2026-06,Enseignant,442.44,39,0.043,15,0,1.0,0,0,0,0,28.92,1.3,14.748,0.22,0
ACC-2026-0219,0849906521,2026-07,Enseignant,442.44,40,0.043,16,0,1.0,0,0,0,0,30.12,1.3,14.748,0.22,0
ACC-2026-0220,0844895353,2025-08,Chauffeur,428.66,39,0.196,5,0,1.0,0,0,0,0,7.45,1.56,53.583,0.42,0
ACC-2026-0220,0844895353,2025-09,Chauffeur,428.66,40,0.196,6,0,1.0,0,0,0,0,7.71,1.56,53.583,0.42,0
ACC-2026-0220,0844895353,2025-10,Chauffeur,428.66,41,0.196,7,0,1.0,0,0,0,0,7.5,1.56,53.583,0.42,0
ACC-2026-0220,0844895353,2025-11,Chauffeur,428.66,42,0.196,8,0,1.0,0,0,0,0,8.25,1.56,53.583,0.42,0
ACC-2026-0220,0844895353,2025-12,Chauffeur,428.66,43,0.196,9,0,1.0,0,0,0,0,7.49,1.56,53.583,0.42,0
ACC-2026-0220,0844895353,2026-01,Chauffeur,428.66,44,0.196,10,0,1.0,0,0,0,0,7.82,1.56,53.583,0.42,0
ACC-2026-0220,0844895353,2026-02,Chauffeur,428.66,45,0.196,11,0,1.0,0,0,0,0,8.59,1.56,53.583,0.42,0
ACC-2026-0220,0844895353,2026-03,Chauffeur,428.66,46,0.196,12,0,1.0,0,0,0,0,7.72,1.56,53.583,0.42,0
ACC-2026-0220,0844895353,2026-04,Chauffeur,428.66,47,0.196,13,0,1.0,0,0,0,0,8.01,1.56,53.583,0.42,0
ACC-2026-0220,0844895353,2026-05,Chauffeur,428.66,48,0.196,14,0,1.0,0,0,0,0,7.47,1.56,53.583,0.42,0
ACC-2026-0220,0844895353,2026-06,Chauffeur,428.66,49,0.196,15,0,1.0,0,0,0,0,7.99,1.56,53.583,0.42,0
ACC-2026-0220,0844895353,2026-07,Chauffeur,428.66,50,0.196,16,0,1.0,0,0,0,0,8.36,1.56,53.583,0.42,0
ACC-2026-0221,0847305252,2025-08,Chauffeur,407.38,6,0.126,1,0,1.0,0,0,0,0,23.47,3.16,16.295,0.42,0
ACC-2026-0221,0847305252,2025-09,Chauffeur,407.38,7,0.126,2,0,1.0,0,0,0,0,26.62,3.16,16.295,0.42,0
ACC-2026-0221,0847305252,2025-10,Chauffeur,407.38,8,0.126,3,0,1.0,0,0,0,0,24.39,3.16,16.295,0.42,0
ACC-2026-0221,0847305252,2025-11,Chauffeur,407.38,9,0.126,4,0,1.0,0,0,0,0,25.09,3.16,16.295,0.42,0
ACC-2026-0221,0847305252,2025-12,Chauffeur,407.38,10,0.126,5,0,1.0,0,0,0,0,26.11,3.16,16.295,0.42,1
ACC-2026-0221,0847305252,2026-01,Chauffeur,407.38,11,0.126,6,0,1.0,0,0,0,0,23.1,3.16,16.295,0.42,0
ACC-2026-0221,0847305252,2026-02,Chauffeur,407.38,12,0.126,7,0,1.0,0,0,0,0,26.21,3.16,16.295,0.42,0
ACC-2026-0221,0847305252,2026-03,Chauffeur,407.38,13,0.126,8,0,1.0,0,0,0,0,26.27,3.16,16.295,0.42,0
ACC-2026-0221,0847305252,2026-04,Chauffeur,407.38,14,0.126,9,0,1.0,0,0,0,0,24.78,3.16,16.295,0.42,0
ACC-2026-0221,0847305252,2026-05,Chauffeur,407.38,15,0.126,10,0,1.0,0,0,0,0,24.05,3.16,16.295,0.42,0
ACC-2026-0221,0847305252,2026-06,Chauffeur,407.38,16,0.126,11,0,1.0,0,0,0,0,25.19,3.16,16.295,0.42,0
ACC-2026-0221,0847305252,2026-07,Chauffeur,407.38,17,0.126,12,0,1.0,0,0,0,0,26.26,3.16,16.295,0.42,0
ACC-2026-0222,0846599618,2025-08,Commercant independant,244.66,69,0.211,2,0,1.0,0,0,0,0,29.07,6.32,8.155,0.36,1
ACC-2026-0222,0846599618,2025-09,Commercant independant,244.66,70,0.211,3,0,1.0,0,0,0,0,30.58,6.32,8.155,0.36,0
ACC-2026-0222,0846599618,2025-10,Commercant independant,244.66,71,0.211,4,0,1.0,0,0,0,0,31.71,6.32,8.155,0.36,0
ACC-2026-0222,0846599618,2025-11,Commercant independant,244.66,72,0.211,5,0,1.0,0,0,0,0,29.34,6.32,8.155,0.36,0
ACC-2026-0222,0846599618,2025-12,Commercant independant,244.66,73,0.211,5,0,0.8,0,0,1,30,28.51,6.32,8.155,0.36,0
ACC-2026-0222,0846599618,2026-01,Commercant independant,244.66,74,0.211,6,0,0.833,0,0,1,0,29.02,6.32,8.155,0.36,0
ACC-2026-0222,0846599618,2026-02,Commercant independant,244.66,75,0.211,7,0,0.857,0,0,1,0,27.96,6.32,8.155,0.36,0
ACC-2026-0222,0846599618,2026-03,Commercant independant,244.66,76,0.211,8,0,0.875,0,0,1,0,30.78,6.32,8.155,0.36,0
ACC-2026-0222,0846599618,2026-04,Commercant independant,244.66,77,0.211,9,0,0.889,0,0,1,0,29.3,6.32,8.155,0.36,0
ACC-2026-0222,0846599618,2026-05,Commercant independant,244.66,78,0.211,10,0,0.9,0,0,1,0,31.13,6.32,8.155,0.36,0
ACC-2026-0222,0846599618,2026-06,Commercant independant,244.66,79,0.211,11,0,0.909,0,0,1,0,32.26,6.32,8.155,0.36,0
ACC-2026-0222,0846599618,2026-07,Commercant independant,244.66,80,0.211,12,0,0.917,0,0,1,0,28.78,6.32,8.155,0.36,0
ACC-2026-0223,0841442233,2025-08,Commercant independant,457.84,32,0.152,2,0,1.0,0,0,0,0,9.67,1.52,45.784,0.36,0
ACC-2026-0223,0841442233,2025-09,Commercant independant,457.84,33,0.152,3,0,1.0,0,0,0,0,9.9,1.52,45.784,0.36,0
ACC-2026-0223,0841442233,2025-10,Commercant independant,457.84,34,0.152,4,0,1.0,0,0,0,0,9.5,1.52,45.784,0.36,0
ACC-2026-0223,0841442233,2025-11,Commercant independant,457.84,35,0.152,5,0,1.0,0,0,0,0,10.64,1.52,45.784,0.36,0
ACC-2026-0223,0841442233,2025-12,Commercant independant,457.84,36,0.152,6,0,1.0,0,0,0,0,9.78,1.52,45.784,0.36,0
ACC-2026-0223,0841442233,2026-01,Commercant independant,457.84,37,0.152,7,0,1.0,0,0,0,0,10.68,1.52,45.784,0.36,0
ACC-2026-0223,0841442233,2026-02,Commercant independant,457.84,38,0.152,8,0,1.0,0,0,0,0,10.31,1.52,45.784,0.36,0
ACC-2026-0223,0841442233,2026-03,Commercant independant,457.84,39,0.152,9,0,1.0,0,0,0,0,10.47,1.52,45.784,0.36,0
ACC-2026-0223,0841442233,2026-04,Commercant independant,457.84,40,0.152,10,0,1.0,0,0,0,0,10.78,1.52,45.784,0.36,0
ACC-2026-0223,0841442233,2026-05,Commercant independant,457.84,41,0.152,11,0,1.0,0,0,0,0,10.52,1.52,45.784,0.36,0
ACC-2026-0223,0841442233,2026-06,Commercant independant,457.84,42,0.152,12,0,1.0,0,0,0,0,10.76,1.52,45.784,0.36,0
ACC-2026-0223,0841442233,2026-07,Commercant independant,457.84,43,0.152,13,0,1.0,0,0,0,0,10.54,1.52,45.784,0.36,0
ACC-2026-0224,0848317957,2025-08,Fonctionnaire,172.6,22,0.091,5,0,1.0,0,0,0,0,8.51,0.72,21.575,0.18,0
ACC-2026-0224,0848317957,2025-09,Fonctionnaire,172.6,23,0.091,6,0,1.0,0,0,0,0,7.81,0.72,21.575,0.18,0
ACC-2026-0224,0848317957,2025-10,Fonctionnaire,172.6,24,0.091,7,0,1.0,0,0,0,0,8.51,0.72,21.575,0.18,0
ACC-2026-0224,0848317957,2025-11,Fonctionnaire,172.6,25,0.091,8,0,1.0,0,0,0,0,8.34,0.72,21.575,0.18,0
ACC-2026-0224,0848317957,2025-12,Fonctionnaire,172.6,26,0.091,9,0,1.0,0,0,0,0,7.76,0.72,21.575,0.18,0
ACC-2026-0224,0848317957,2026-01,Fonctionnaire,172.6,27,0.091,10,0,1.0,0,0,0,0,8.38,0.72,21.575,0.18,0
ACC-2026-0224,0848317957,2026-02,Fonctionnaire,172.6,28,0.091,11,0,1.0,0,0,0,0,8.61,0.72,21.575,0.18,0
ACC-2026-0224,0848317957,2026-03,Fonctionnaire,172.6,29,0.091,12,0,1.0,0,0,0,0,7.43,0.72,21.575,0.18,0
ACC-2026-0224,0848317957,2026-04,Fonctionnaire,172.6,30,0.091,13,0,1.0,0,0,0,0,7.45,0.72,21.575,0.18,0
ACC-2026-0224,0848317957,2026-05,Fonctionnaire,172.6,31,0.091,14,0,1.0,0,0,0,0,7.61,0.72,21.575,0.18,0
ACC-2026-0224,0848317957,2026-06,Fonctionnaire,172.6,32,0.091,15,0,1.0,0,0,0,0,8.43,0.72,21.575,0.18,0
ACC-2026-0224,0848317957,2026-07,Fonctionnaire,172.6,33,0.091,16,0,1.0,0,0,0,0,7.78,0.72,21.575,0.18,0
ACC-2026-0225,0847500351,2025-08,Vendeur de rue,197.99,44,0.214,3,0,1.0,0,0,0,0,9.89,2.14,19.799,0.62,0
ACC-2026-0225,0847500351,2025-09,Vendeur de rue,197.99,45,0.214,4,0,1.0,0,0,0,0,9.52,2.14,19.799,0.62,0
ACC-2026-0225,0847500351,2025-10,Vendeur de rue,197.99,46,0.214,5,0,1.0,0,1,0,0,9.92,2.14,19.799,0.62,0
ACC-2026-0225,0847500351,2025-11,Vendeur de rue,197.99,47,0.214,6,0,1.0,0,1,0,0,9.3,2.14,19.799,0.62,0
ACC-2026-0225,0847500351,2025-12,Vendeur de rue,197.99,48,0.214,6,0,0.8,1,1,0,30,9.2,2.14,19.799,0.62,1
ACC-2026-0225,0847500351,2026-01,Vendeur de rue,197.99,49,0.214,7,0,0.833,1,1,0,0,9.69,2.14,19.799,0.62,0
ACC-2026-0225,0847500351,2026-02,Vendeur de rue,197.99,50,0.214,8,0,0.857,1,1,0,0,9.31,2.14,19.799,0.62,0
ACC-2026-0225,0847500351,2026-03,Vendeur de rue,197.99,51,0.214,9,0,0.875,1,1,0,0,10.06,2.14,19.799,0.62,1
ACC-2026-0225,0847500351,2026-04,Vendeur de rue,197.99,52,0.214,10,0,0.889,1,1,0,0,9.45,2.14,19.799,0.62,0
ACC-2026-0225,0847500351,2026-05,Vendeur de rue,197.99,53,0.214,11,0,0.9,1,1,0,0,10.55,2.14,19.799,0.62,0
ACC-2026-0225,0847500351,2026-06,Vendeur de rue,197.99,54,0.214,12,0,0.909,1,1,0,0,9.91,2.14,19.799,0.62,0
ACC-2026-0225,0847500351,2026-07,Vendeur de rue,197.99,55,0.214,13,0,0.917,1,1,0,0,10.47,2.14,19.799,0.62,0
ACC-2026-0226,0845889399,2025-08,Fonctionnaire,448.62,24,0.084,1,0,1.0,0,0,0,0,25.41,2.1,17.945,0.18,0
ACC-2026-0226,0845889399,2025-09,Fonctionnaire,448.62,25,0.084,2,0,1.0,0,0,0,0,26.71,2.1,17.945,0.18,0
ACC-2026-0226,0845889399,2025-10,Fonctionnaire,448.62,26,0.084,3,0,1.0,0,0,0,0,23.47,2.1,17.945,0.18,0
ACC-2026-0226,0845889399,2025-11,Fonctionnaire,448.62,27,0.084,4,0,1.0,0,0,0,0,23.96,2.1,17.945,0.18,0
ACC-2026-0226,0845889399,2025-12,Fonctionnaire,448.62,28,0.084,5,0,1.0,0,0,0,0,24.43,2.1,17.945,0.18,0
ACC-2026-0226,0845889399,2026-01,Fonctionnaire,448.62,29,0.084,6,0,1.0,0,0,0,0,26.64,2.1,17.945,0.18,0
ACC-2026-0226,0845889399,2026-02,Fonctionnaire,448.62,30,0.084,7,0,1.0,0,0,0,0,25.08,2.1,17.945,0.18,0
ACC-2026-0226,0845889399,2026-03,Fonctionnaire,448.62,31,0.084,8,0,1.0,0,0,0,0,25.3,2.1,17.945,0.18,0
ACC-2026-0226,0845889399,2026-04,Fonctionnaire,448.62,32,0.084,9,0,1.0,0,0,0,0,23.8,2.1,17.945,0.18,0
ACC-2026-0226,0845889399,2026-05,Fonctionnaire,448.62,33,0.084,10,0,1.0,0,0,0,0,26.78,2.1,17.945,0.18,0
ACC-2026-0226,0845889399,2026-06,Fonctionnaire,448.62,34,0.084,11,0,1.0,0,0,0,0,23.1,2.1,17.945,0.18,0
ACC-2026-0226,0845889399,2026-07,Fonctionnaire,448.62,35,0.084,12,0,1.0,0,0,0,0,24.22,2.1,17.945,0.18,0
ACC-2026-0227,0841924685,2025-08,Commercant independant,535.28,40,0.202,5,0,1.0,0,0,0,0,25.56,5.04,21.411,0.36,0
ACC-2026-0227,0841924685,2025-09,Commercant independant,535.28,41,0.202,6,0,1.0,0,1,0,0,24.21,5.04,21.411,0.36,0
ACC-2026-0227,0841924685,2025-10,Commercant independant,535.28,42,0.202,7,0,1.0,0,2,0,0,26.3,5.04,21.411,0.36,0
ACC-2026-0227,0841924685,2025-11,Commercant independant,535.28,43,0.202,8,0,1.0,0,2,0,0,23.71,5.04,21.411,0.36,0
ACC-2026-0227,0841924685,2025-12,Commercant independant,535.28,44,0.202,9,0,1.0,0,2,0,0,23.39,5.04,21.411,0.36,0
ACC-2026-0227,0841924685,2026-01,Commercant independant,535.28,45,0.202,10,0,1.0,0,2,0,0,23.29,5.04,21.411,0.36,0
ACC-2026-0227,0841924685,2026-02,Commercant independant,535.28,46,0.202,11,0,1.0,0,2,0,0,23.06,5.04,21.411,0.36,0
ACC-2026-0227,0841924685,2026-03,Commercant independant,535.28,47,0.202,12,0,1.0,0,2,0,0,26.7,5.04,21.411,0.36,0
ACC-2026-0227,0841924685,2026-04,Commercant independant,535.28,48,0.202,13,0,1.0,0,2,0,0,26.33,5.04,21.411,0.36,0
ACC-2026-0227,0841924685,2026-05,Commercant independant,535.28,49,0.202,14,0,1.0,0,2,0,0,24.49,5.04,21.411,0.36,1
ACC-2026-0227,0841924685,2026-06,Commercant independant,535.28,50,0.202,15,0,1.0,0,2,0,0,23.98,5.04,21.411,0.36,0
ACC-2026-0227,0841924685,2026-07,Commercant independant,535.28,51,0.202,16,0,1.0,0,2,0,0,25.28,5.04,21.411,0.36,0
ACC-2026-0228,0844437253,2025-08,Vendeur de rue,322.04,35,0.309,4,0,1.0,0,0,0,0,19.61,6.19,16.102,0.62,0
ACC-2026-0228,0844437253,2025-09,Vendeur de rue,322.04,36,0.309,5,0,1.0,0,0,0,0,19.21,6.19,16.102,0.62,0
ACC-2026-0228,0844437253,2025-10,Vendeur de rue,322.04,37,0.309,5,0,0.667,0,0,1,30,20.85,6.19,16.102,0.62,0
ACC-2026-0228,0844437253,2025-11,Vendeur de rue,322.04,38,0.309,6,0,0.75,0,1,1,0,18.77,6.19,16.102,0.62,0
ACC-2026-0228,0844437253,2025-12,Vendeur de rue,322.04,39,0.309,6,0,0.6,0,1,2,30,20.12,6.19,16.102,0.62,0
ACC-2026-0228,0844437253,2026-01,Vendeur de rue,322.04,40,0.309,7,0,0.667,0,1,2,0,20.69,8.59,16.102,0.62,0
ACC-2026-0228,0844437253,2026-02,Vendeur de rue,322.04,41,0.309,8,0,0.714,0,1,2,0,21.14,8.59,16.102,0.62,0
ACC-2026-0228,0844437253,2026-03,Vendeur de rue,322.04,42,0.309,9,0,0.75,0,1,2,0,21.23,8.59,16.102,0.62,1
ACC-2026-0228,0844437253,2026-04,Vendeur de rue,322.04,43,0.309,10,0,0.778,0,1,2,0,19.04,8.59,16.102,0.62,1
ACC-2026-0228,0844437253,2026-05,Vendeur de rue,322.04,44,0.309,11,0,0.8,0,1,2,0,18.76,8.59,16.102,0.62,0
ACC-2026-0228,0844437253,2026-06,Vendeur de rue,322.04,45,0.309,11,0,0.727,0,1,3,30,18.62,8.59,16.102,0.62,0
ACC-2026-0228,0844437253,2026-07,Vendeur de rue,322.04,46,0.309,12,1,0.75,0,1,3,0,20.86,8.59,16.102,0.62,1
ACC-2026-0229,0844170380,2025-08,Agriculteur,306.41,2,0.332,3,0,1.0,0,0,0,0,9.76,3.32,30.641,0.46,0
ACC-2026-0229,0844170380,2025-09,Agriculteur,306.41,3,0.332,4,0,1.0,0,0,0,0,9.44,3.32,30.641,0.46,1
ACC-2026-0229,0844170380,2025-10,Agriculteur,306.41,4,0.332,5,0,1.0,0,0,0,0,9.51,3.32,30.641,0.46,0
ACC-2026-0229,0844170380,2025-11,Agriculteur,306.41,5,0.332,6,0,1.0,0,0,0,0,9.31,3.32,30.641,0.46,0
ACC-2026-0229,0844170380,2025-12,Agriculteur,306.41,6,0.332,7,0,1.0,0,0,0,0,9.43,3.32,30.641,0.46,1
ACC-2026-0229,0844170380,2026-01,Agriculteur,306.41,7,0.332,8,0,1.0,0,0,0,0,9.86,3.32,30.641,0.46,0
ACC-2026-0229,0844170380,2026-02,Agriculteur,306.41,8,0.332,9,0,1.0,0,0,0,0,10.69,3.32,30.641,0.46,0
ACC-2026-0229,0844170380,2026-03,Agriculteur,306.41,9,0.332,10,0,1.0,0,1,0,0,9.57,3.32,30.641,0.46,0
ACC-2026-0229,0844170380,2026-04,Agriculteur,306.41,10,0.332,11,0,1.0,0,1,0,0,10.43,3.32,30.641,0.46,0
ACC-2026-0229,0844170380,2026-05,Agriculteur,306.41,11,0.332,12,0,1.0,0,1,0,0,10.1,3.32,30.641,0.46,0
ACC-2026-0229,0844170380,2026-06,Agriculteur,306.41,12,0.332,13,0,1.0,0,1,0,0,10.7,3.32,30.641,0.46,0
ACC-2026-0229,0844170380,2026-07,Agriculteur,306.41,13,0.332,14,0,1.0,0,1,0,0,9.92,3.32,30.641,0.46,0
ACC-2026-0230,0845195013,2025-08,Commercant independant,311.29,59,0.229,2,0,1.0,0,0,0,0,21.21,4.58,15.565,0.36,0
ACC-2026-0230,0845195013,2025-09,Commercant independant,311.29,60,0.229,3,0,1.0,0,0,0,0,21.48,4.58,15.565,0.36,0
ACC-2026-0230,0845195013,2025-10,Commercant independant,311.29,61,0.229,4,0,1.0,0,0,0,0,20.77,4.58,15.565,0.36,0
ACC-2026-0230,0845195013,2025-11,Commercant independant,311.29,62,0.229,4,0,0.75,0,0,1,30,19.71,4.58,15.565,0.36,0
ACC-2026-0230,0845195013,2025-12,Commercant independant,311.29,63,0.229,5,0,0.8,0,0,1,0,18.8,4.58,15.565,0.36,0
ACC-2026-0230,0845195013,2026-01,Commercant independant,311.29,64,0.229,6,0,0.833,0,0,1,0,21.23,4.58,15.565,0.36,0
ACC-2026-0230,0845195013,2026-02,Commercant independant,311.29,65,0.229,7,0,0.857,0,0,1,0,19.88,4.58,15.565,0.36,0
ACC-2026-0230,0845195013,2026-03,Commercant independant,311.29,66,0.229,8,0,0.875,0,0,1,0,20.1,4.58,15.565,0.36,0
ACC-2026-0230,0845195013,2026-04,Commercant independant,311.29,67,0.229,9,0,0.889,0,0,1,0,21.43,4.58,15.565,0.36,0
ACC-2026-0230,0845195013,2026-05,Commercant independant,311.29,68,0.229,10,0,0.9,0,0,1,0,19.88,4.58,15.565,0.36,0
ACC-2026-0230,0845195013,2026-06,Commercant independant,311.29,69,0.229,11,0,0.909,0,0,1,0,19.38,4.58,15.565,0.36,0
ACC-2026-0230,0845195013,2026-07,Commercant independant,311.29,70,0.229,12,0,0.917,0,0,1,0,19.85,4.58,15.565,0.36,0
ACC-2026-0231,0847914190,2025-08,Fonctionnaire,405.25,21,0.062,5,0,1.0,0,0,0,0,32.13,1.87,13.508,0.18,0
ACC-2026-0231,0847914190,2025-09,Fonctionnaire,405.25,22,0.062,6,0,1.0,0,0,0,0,28.43,1.87,13.508,0.18,0
ACC-2026-0231,0847914190,2025-10,Fonctionnaire,405.25,23,0.062,7,0,1.0,0,0,0,0,30.68,1.87,13.508,0.18,0
ACC-2026-0231,0847914190,2025-11,Fonctionnaire,405.25,24,0.062,8,0,1.0,0,0,0,0,29.12,1.87,13.508,0.18,0
ACC-2026-0231,0847914190,2025-12,Fonctionnaire,405.25,25,0.062,9,0,1.0,0,0,0,0,29.94,1.87,13.508,0.18,0
ACC-2026-0231,0847914190,2026-01,Fonctionnaire,405.25,26,0.062,10,0,1.0,0,0,0,0,30.61,1.87,13.508,0.18,0
ACC-2026-0231,0847914190,2026-02,Fonctionnaire,405.25,27,0.062,11,0,1.0,0,0,0,0,27.7,1.87,13.508,0.18,0
ACC-2026-0231,0847914190,2026-03,Fonctionnaire,405.25,28,0.062,12,0,1.0,0,0,0,0,28.03,1.87,13.508,0.18,0
ACC-2026-0231,0847914190,2026-04,Fonctionnaire,405.25,29,0.062,13,0,1.0,0,0,0,0,32.2,1.87,13.508,0.18,0
ACC-2026-0231,0847914190,2026-05,Fonctionnaire,405.25,30,0.062,14,0,1.0,0,0,0,0,29.11,1.87,13.508,0.18,0
ACC-2026-0231,0847914190,2026-06,Fonctionnaire,405.25,31,0.062,15,0,1.0,0,0,0,0,28.44,1.87,13.508,0.18,0
ACC-2026-0231,0847914190,2026-07,Fonctionnaire,405.25,32,0.062,16,0,1.0,0,0,0,0,31.83,1.87,13.508,0.18,0
ACC-2026-0232,0847873288,2025-08,Enseignant,478.19,71,0.094,3,0,1.0,0,0,0,0,31.94,2.82,15.94,0.22,0
ACC-2026-0232,0847873288,2025-09,Enseignant,478.19,72,0.094,4,0,1.0,0,0,0,0,29.74,2.82,15.94,0.22,0
ACC-2026-0232,0847873288,2025-10,Enseignant,478.19,73,0.094,5,0,1.0,0,0,0,0,29.42,2.82,15.94,0.22,0
ACC-2026-0232,0847873288,2025-11,Enseignant,478.19,74,0.094,6,0,1.0,0,0,0,0,31.53,2.82,15.94,0.22,0
ACC-2026-0232,0847873288,2025-12,Enseignant,478.19,75,0.094,7,0,1.0,0,0,0,0,31.89,2.82,15.94,0.22,0
ACC-2026-0232,0847873288,2026-01,Enseignant,478.19,76,0.094,8,0,1.0,0,0,0,0,31.85,2.82,15.94,0.22,0
ACC-2026-0232,0847873288,2026-02,Enseignant,478.19,77,0.094,9,0,1.0,0,0,0,0,28.25,2.82,15.94,0.22,0
ACC-2026-0232,0847873288,2026-03,Enseignant,478.19,78,0.094,10,0,1.0,0,0,0,0,32.37,2.82,15.94,0.22,0
ACC-2026-0232,0847873288,2026-04,Enseignant,478.19,79,0.094,11,0,1.0,0,0,0,0,29.14,2.82,15.94,0.22,0
ACC-2026-0232,0847873288,2026-05,Enseignant,478.19,80,0.094,12,0,1.0,0,0,0,0,30.49,2.82,15.94,0.22,1
ACC-2026-0232,0847873288,2026-06,Enseignant,478.19,81,0.094,13,0,1.0,0,0,0,0,29.61,2.82,15.94,0.22,0
ACC-2026-0232,0847873288,2026-07,Enseignant,478.19,82,0.094,14,0,1.0,0,0,0,0,28.95,2.82,15.94,0.22,0
ACC-2026-0233,0849214276,2025-08,Infirmier,428.99,40,0.1,4,0,1.0,0,0,0,0,14.45,1.5,28.599,0.24,0
ACC-2026-0233,0849214276,2025-09,Infirmier,428.99,41,0.1,5,0,1.0,0,0,0,0,14.6,1.5,28.599,0.24,0
ACC-2026-0233,0849214276,2025-10,Infirmier,428.99,42,0.1,6,0,1.0,0,0,0,0,13.83,1.5,28.599,0.24,0
ACC-2026-0233,0849214276,2025-11,Infirmier,428.99,43,0.1,7,0,1.0,0,0,0,0,14.93,1.5,28.599,0.24,0
ACC-2026-0233,0849214276,2025-12,Infirmier,428.99,44,0.1,8,0,1.0,0,0,0,0,14.7,1.5,28.599,0.24,0
ACC-2026-0233,0849214276,2026-01,Infirmier,428.99,45,0.1,9,0,1.0,0,0,0,0,14.82,1.5,28.599,0.24,0
ACC-2026-0233,0849214276,2026-02,Infirmier,428.99,46,0.1,10,0,1.0,0,0,0,0,14.43,1.5,28.599,0.24,0
ACC-2026-0233,0849214276,2026-03,Infirmier,428.99,47,0.1,11,0,1.0,0,0,0,0,14.88,1.5,28.599,0.24,0
ACC-2026-0233,0849214276,2026-04,Infirmier,428.99,48,0.1,12,0,1.0,0,0,0,0,15.87,1.5,28.599,0.24,1
ACC-2026-0233,0849214276,2026-05,Infirmier,428.99,49,0.1,13,0,1.0,0,0,0,0,15.63,1.5,28.599,0.24,0
ACC-2026-0233,0849214276,2026-06,Infirmier,428.99,50,0.1,14,0,1.0,0,0,0,0,15.17,1.5,28.599,0.24,0
ACC-2026-0233,0849214276,2026-07,Infirmier,428.99,51,0.1,15,0,1.0,0,0,0,0,15.54,1.5,28.599,0.24,0
ACC-2026-0234,0842180827,2025-08,Enseignant,479.46,59,0.159,1,0,1.0,0,0,0,0,27.87,4.76,15.982,0.22,0
ACC-2026-0234,0842180827,2025-09,Enseignant,479.46,60,0.159,2,0,1.0,0,0,0,0,28.49,4.76,15.982,0.22,0
ACC-2026-0234,0842180827,2025-10,Enseignant,479.46,61,0.159,3,0,1.0,0,0,0,0,30.89,4.76,15.982,0.22,0
ACC-2026-0234,0842180827,2025-11,Enseignant,479.46,62,0.159,4,0,1.0,0,0,0,0,30.6,4.76,15.982,0.22,0
ACC-2026-0234,0842180827,2025-12,Enseignant,479.46,63,0.159,5,0,1.0,0,0,0,0,29.98,4.76,15.982,0.22,0
ACC-2026-0234,0842180827,2026-01,Enseignant,479.46,64,0.159,6,0,1.0,0,0,0,0,30.44,4.76,15.982,0.22,0
ACC-2026-0234,0842180827,2026-02,Enseignant,479.46,65,0.159,7,0,1.0,0,0,0,0,27.98,4.76,15.982,0.22,0
ACC-2026-0234,0842180827,2026-03,Enseignant,479.46,66,0.159,8,0,1.0,0,0,0,0,30.36,4.76,15.982,0.22,0
ACC-2026-0234,0842180827,2026-04,Enseignant,479.46,67,0.159,9,0,1.0,0,0,0,0,28.5,4.76,15.982,0.22,0
ACC-2026-0234,0842180827,2026-05,Enseignant,479.46,68,0.159,10,0,1.0,0,0,0,0,29.49,4.76,15.982,0.22,0
ACC-2026-0234,0842180827,2026-06,Enseignant,479.46,69,0.159,11,0,1.0,0,0,0,0,30.67,4.76,15.982,0.22,0
ACC-2026-0234,0842180827,2026-07,Enseignant,479.46,70,0.159,12,0,1.0,0,0,0,0,28.76,4.76,15.982,0.22,0
ACC-2026-0235,0845222291,2025-08,Infirmier,383.64,64,0.172,1,0,1.0,0,0,0,0,15.76,2.59,25.576,0.24,0
ACC-2026-0235,0845222291,2025-09,Infirmier,383.64,65,0.172,2,0,1.0,0,0,0,0,13.83,2.59,25.576,0.24,0
ACC-2026-0235,0845222291,2025-10,Infirmier,383.64,66,0.172,3,0,1.0,0,0,0,0,16.0,2.59,25.576,0.24,0
ACC-2026-0235,0845222291,2025-11,Infirmier,383.64,67,0.172,4,0,1.0,0,0,0,0,13.96,2.59,25.576,0.24,0
ACC-2026-0235,0845222291,2025-12,Infirmier,383.64,68,0.172,5,0,1.0,0,0,0,0,15.58,2.59,25.576,0.24,0
ACC-2026-0235,0845222291,2026-01,Infirmier,383.64,69,0.172,6,0,1.0,0,0,0,0,14.55,2.59,25.576,0.24,0
ACC-2026-0235,0845222291,2026-02,Infirmier,383.64,70,0.172,7,0,1.0,0,0,0,0,13.9,2.59,25.576,0.24,0
ACC-2026-0235,0845222291,2026-03,Infirmier,383.64,71,0.172,8,0,1.0,0,0,0,0,16.02,2.59,25.576,0.24,0
ACC-2026-0235,0845222291,2026-04,Infirmier,383.64,72,0.172,9,0,1.0,0,0,0,0,15.96,2.59,25.576,0.24,0
ACC-2026-0235,0845222291,2026-05,Infirmier,383.64,73,0.172,10,0,1.0,0,0,0,0,14.81,2.59,25.576,0.24,0
ACC-2026-0235,0845222291,2026-06,Infirmier,383.64,74,0.172,11,0,1.0,0,0,0,0,16.18,2.59,25.576,0.24,0
ACC-2026-0235,0845222291,2026-07,Infirmier,383.64,75,0.172,11,0,0.917,0,0,1,30,15.7,2.59,25.576,0.24,0
ACC-2026-0236,0844085491,2025-08,Enseignant,398.52,3,0.245,3,0,1.0,0,0,0,0,18.47,4.89,19.926,0.22,0
ACC-2026-0236,0844085491,2025-09,Enseignant,398.52,4,0.245,4,0,1.0,0,0,0,0,20.16,4.89,19.926,0.22,0
ACC-2026-0236,0844085491,2025-10,Enseignant,398.52,5,0.245,5,0,1.0,0,0,0,0,19.79,4.89,19.926,0.22,1
ACC-2026-0236,0844085491,2025-11,Enseignant,398.52,6,0.245,6,0,1.0,0,0,0,0,18.59,4.89,19.926,0.22,1
ACC-2026-0236,0844085491,2025-12,Enseignant,398.52,7,0.245,7,0,1.0,0,0,0,0,19.93,4.89,19.926,0.22,0
ACC-2026-0236,0844085491,2026-01,Enseignant,398.52,8,0.245,8,0,1.0,0,0,0,0,20.97,4.89,19.926,0.22,1
ACC-2026-0236,0844085491,2026-02,Enseignant,398.52,9,0.245,9,0,1.0,0,0,0,0,18.91,4.89,19.926,0.22,0
ACC-2026-0236,0844085491,2026-03,Enseignant,398.52,10,0.245,10,0,1.0,0,0,0,0,18.79,4.89,19.926,0.22,0
ACC-2026-0236,0844085491,2026-04,Enseignant,398.52,11,0.245,11,0,1.0,0,0,0,0,20.98,4.89,19.926,0.22,0
ACC-2026-0236,0844085491,2026-05,Enseignant,398.52,12,0.245,12,0,1.0,0,0,0,0,18.6,4.89,19.926,0.22,0
ACC-2026-0236,0844085491,2026-06,Enseignant,398.52,13,0.245,13,0,1.0,0,0,0,0,19.44,4.89,19.926,0.22,0
ACC-2026-0236,0844085491,2026-07,Enseignant,398.52,14,0.245,14,0,1.0,0,0,0,0,21.33,4.89,19.926,0.22,0
ACC-2026-0237,0846716959,2025-08,Chauffeur,293.55,17,0.234,5,0,1.0,0,0,0,0,14.35,3.51,19.57,0.42,0
ACC-2026-0237,0846716959,2025-09,Chauffeur,293.55,18,0.234,6,0,1.0,0,0,0,0,14.97,3.51,19.57,0.42,1
ACC-2026-0237,0846716959,2025-10,Chauffeur,293.55,19,0.234,7,0,1.0,0,0,0,0,14.03,3.51,19.57,0.42,0
ACC-2026-0237,0846716959,2025-11,Chauffeur,293.55,20,0.234,8,0,1.0,0,1,0,0,14.98,3.51,19.57,0.42,0
ACC-2026-0237,0846716959,2025-12,Chauffeur,293.55,21,0.234,9,0,1.0,0,1,0,0,14.44,3.51,19.57,0.42,0
ACC-2026-0237,0846716959,2026-01,Chauffeur,293.55,22,0.234,10,0,1.0,0,1,0,0,14.46,3.51,19.57,0.42,0
ACC-2026-0237,0846716959,2026-02,Chauffeur,293.55,23,0.234,11,0,1.0,0,2,0,0,14.39,3.51,19.57,0.42,0
ACC-2026-0237,0846716959,2026-03,Chauffeur,293.55,24,0.234,12,0,1.0,0,2,0,0,14.96,3.51,19.57,0.42,0
ACC-2026-0237,0846716959,2026-04,Chauffeur,293.55,25,0.234,13,0,1.0,0,2,0,0,16.16,3.51,19.57,0.42,0
ACC-2026-0237,0846716959,2026-05,Chauffeur,293.55,26,0.234,14,0,1.0,0,2,0,0,15.35,3.51,19.57,0.42,0
ACC-2026-0237,0846716959,2026-06,Chauffeur,293.55,27,0.234,15,0,1.0,0,2,0,0,15.56,3.51,19.57,0.42,0
ACC-2026-0237,0846716959,2026-07,Chauffeur,293.55,28,0.234,16,0,1.0,0,2,0,0,14.48,3.51,19.57,0.42,0
ACC-2026-0238,0841183106,2025-08,Infirmier,416.39,27,0.075,1,0,1.0,0,0,0,0,10.42,0.75,41.639,0.24,0
ACC-2026-0238,0841183106,2025-09,Infirmier,416.39,28,0.075,2,0,1.0,0,0,0,0,9.44,0.75,41.639,0.24,0
ACC-2026-0238,0841183106,2025-10,Infirmier,416.39,29,0.075,3,0,1.0,0,0,0,0,10.41,0.75,41.639,0.24,0
ACC-2026-0238,0841183106,2025-11,Infirmier,416.39,30,0.075,4,0,1.0,0,0,0,0,10.33,0.75,41.639,0.24,0
ACC-2026-0238,0841183106,2025-12,Infirmier,416.39,31,0.075,5,0,1.0,0,0,0,0,10.73,0.75,41.639,0.24,0
ACC-2026-0238,0841183106,2026-01,Infirmier,416.39,32,0.075,6,0,1.0,0,0,0,0,9.79,0.75,41.639,0.24,0
ACC-2026-0238,0841183106,2026-02,Infirmier,416.39,33,0.075,7,0,1.0,0,0,0,0,10.21,0.75,41.639,0.24,0
ACC-2026-0238,0841183106,2026-03,Infirmier,416.39,34,0.075,8,0,1.0,0,0,0,0,10.54,0.75,41.639,0.24,0
ACC-2026-0238,0841183106,2026-04,Infirmier,416.39,35,0.075,9,0,1.0,0,0,0,0,10.11,0.75,41.639,0.24,0
ACC-2026-0238,0841183106,2026-05,Infirmier,416.39,36,0.075,10,0,1.0,0,0,0,0,9.41,0.75,41.639,0.24,0
ACC-2026-0238,0841183106,2026-06,Infirmier,416.39,37,0.075,11,0,1.0,0,0,0,0,10.04,0.75,41.639,0.24,0
ACC-2026-0238,0841183106,2026-07,Infirmier,416.39,38,0.075,12,0,1.0,0,0,0,0,10.76,0.75,41.639,0.24,0
ACC-2026-0239,0842167300,2025-08,Commercant independant,236.87,51,0.107,1,0,1.0,0,0,0,0,29.75,8.6,7.896,0.36,0
ACC-2026-0239,0842167300,2025-09,Commercant independant,236.87,52,0.107,2,0,1.0,0,0,0,0,28.75,8.6,7.896,0.36,0
ACC-2026-0239,0842167300,2025-10,Commercant independant,236.87,53,0.107,2,0,0.667,0,0,1,30,31.65,8.6,7.896,0.36,1
ACC-2026-0239,0842167300,2025-11,Commercant independant,236.87,54,0.107,3,0,0.75,0,0,1,0,28.72,8.6,7.896,0.36,0
ACC-2026-0239,0842167300,2025-12,Commercant independant,236.87,55,0.107,4,0,0.8,0,0,1,0,29.15,8.6,7.896,0.36,0
ACC-2026-0239,0842167300,2026-01,Commercant independant,236.87,56,0.107,4,0,0.667,0,0,2,30,31.27,8.6,7.896,0.36,0
ACC-2026-0239,0842167300,2026-02,Commercant independant,236.87,57,0.107,5,0,0.714,0,0,2,0,30.24,12.2,7.896,0.36,0
ACC-2026-0239,0842167300,2026-03,Commercant independant,236.87,58,0.107,6,0,0.75,0,0,2,0,30.4,12.2,7.896,0.36,0
ACC-2026-0239,0842167300,2026-04,Commercant independant,236.87,59,0.107,7,0,0.778,0,0,2,0,29.37,12.2,7.896,0.36,1
ACC-2026-0239,0842167300,2026-05,Commercant independant,236.87,60,0.107,8,0,0.8,0,0,2,0,30.17,12.2,7.896,0.36,0
ACC-2026-0239,0842167300,2026-06,Commercant independant,236.87,61,0.107,9,0,0.818,0,0,2,0,30.27,12.2,7.896,0.36,1
ACC-2026-0239,0842167300,2026-07,Commercant independant,236.87,62,0.107,10,0,0.833,0,0,2,0,30.52,12.2,7.896,0.36,0
ACC-2026-0240,0845367811,2025-08,Commercant independant,307.41,37,0.087,5,0,1.0,0,0,0,0,20.55,1.73,15.371,0.36,0
ACC-2026-0240,0845367811,2025-09,Commercant independant,307.41,38,0.087,6,0,1.0,0,0,0,0,19.64,1.73,15.371,0.36,0
ACC-2026-0240,0845367811,2025-10,Commercant independant,307.41,39,0.087,7,0,1.0,0,0,0,0,20.83,1.73,15.371,0.36,0
ACC-2026-0240,0845367811,2025-11,Commercant independant,307.41,40,0.087,8,0,1.0,0,0,0,0,19.09,1.73,15.371,0.36,0
ACC-2026-0240,0845367811,2025-12,Commercant independant,307.41,41,0.087,9,0,1.0,0,0,0,0,20.47,1.73,15.371,0.36,0
ACC-2026-0240,0845367811,2026-01,Commercant independant,307.41,42,0.087,10,0,1.0,0,0,0,0,19.09,1.73,15.371,0.36,0
ACC-2026-0240,0845367811,2026-02,Commercant independant,307.41,43,0.087,11,0,1.0,0,0,0,0,21.15,1.73,15.371,0.36,0
ACC-2026-0240,0845367811,2026-03,Commercant independant,307.41,44,0.087,12,0,1.0,0,0,0,0,19.45,1.73,15.371,0.36,0
ACC-2026-0240,0845367811,2026-04,Commercant independant,307.41,45,0.087,13,0,1.0,0,0,0,0,19.97,1.73,15.371,0.36,0
ACC-2026-0240,0845367811,2026-05,Commercant independant,307.41,46,0.087,14,0,1.0,0,0,0,0,21.14,1.73,15.371,0.36,0
ACC-2026-0240,0845367811,2026-06,Commercant independant,307.41,47,0.087,15,0,1.0,0,0,0,0,21.13,1.73,15.371,0.36,0
ACC-2026-0240,0845367811,2026-07,Commercant independant,307.41,48,0.087,16,0,1.0,0,0,0,0,21.38,1.73,15.371,0.36,0
ACC-2026-0241,0843675751,2025-08,Fonctionnaire,300.47,55,0.141,1,0,1.0,0,0,0,0,30.74,4.24,10.016,0.18,1
ACC-2026-0241,0843675751,2025-09,Fonctionnaire,300.47,56,0.141,2,0,1.0,0,0,0,0,28.28,4.24,10.016,0.18,0
ACC-2026-0241,0843675751,2025-10,Fonctionnaire,300.47,57,0.141,3,0,1.0,0,0,0,0,31.99,4.24,10.016,0.18,0
ACC-2026-0241,0843675751,2025-11,Fonctionnaire,300.47,58,0.141,4,0,1.0,0,0,0,0,31.41,4.24,10.016,0.18,0
ACC-2026-0241,0843675751,2025-12,Fonctionnaire,300.47,59,0.141,5,0,1.0,0,0,0,0,28.14,4.24,10.016,0.18,0
ACC-2026-0241,0843675751,2026-01,Fonctionnaire,300.47,60,0.141,6,0,1.0,0,0,0,0,30.94,4.24,10.016,0.18,1
ACC-2026-0241,0843675751,2026-02,Fonctionnaire,300.47,61,0.141,7,0,1.0,0,0,0,0,27.9,4.24,10.016,0.18,0
ACC-2026-0241,0843675751,2026-03,Fonctionnaire,300.47,62,0.141,8,0,1.0,0,0,0,0,29.41,4.24,10.016,0.18,0
ACC-2026-0241,0843675751,2026-04,Fonctionnaire,300.47,63,0.141,9,0,1.0,0,0,0,0,28.44,4.24,10.016,0.18,0
ACC-2026-0241,0843675751,2026-05,Fonctionnaire,300.47,64,0.141,10,0,1.0,0,0,0,0,32.21,4.24,10.016,0.18,0
ACC-2026-0241,0843675751,2026-06,Fonctionnaire,300.47,65,0.141,11,0,1.0,0,0,0,0,28.57,4.24,10.016,0.18,0
ACC-2026-0241,0843675751,2026-07,Fonctionnaire,300.47,66,0.141,12,0,1.0,0,0,0,0,28.5,4.24,10.016,0.18,0
ACC-2026-0242,0841740262,2025-08,Vendeur de rue,359.09,56,0.351,4,0,1.0,0,0,0,0,25.86,8.78,14.364,0.62,0
ACC-2026-0242,0841740262,2025-09,Vendeur de rue,359.09,57,0.351,5,0,1.0,0,1,0,0,24.47,8.78,14.364,0.62,0
ACC-2026-0242,0841740262,2025-10,Vendeur de rue,359.09,58,0.351,6,0,1.0,0,1,0,0,26.61,8.78,14.364,0.62,0
ACC-2026-0242,0841740262,2025-11,Vendeur de rue,359.09,59,0.351,7,0,1.0,0,1,0,0,25.56,8.78,14.364,0.62,0
ACC-2026-0242,0841740262,2025-12,Vendeur de rue,359.09,60,0.351,8,0,1.0,0,1,0,0,26.93,8.78,14.364,0.62,0
ACC-2026-0242,0841740262,2026-01,Vendeur de rue,359.09,61,0.351,9,0,1.0,0,1,0,0,26.56,8.78,14.364,0.62,0
ACC-2026-0242,0841740262,2026-02,Vendeur de rue,359.09,62,0.351,10,0,1.0,0,1,0,0,23.35,8.78,14.364,0.62,0
ACC-2026-0242,0841740262,2026-03,Vendeur de rue,359.09,63,0.351,11,0,1.0,0,1,0,0,25.58,8.78,14.364,0.62,0
ACC-2026-0242,0841740262,2026-04,Vendeur de rue,359.09,64,0.351,12,0,1.0,0,1,0,0,26.56,8.78,14.364,0.62,0
ACC-2026-0242,0841740262,2026-05,Vendeur de rue,359.09,65,0.351,13,0,1.0,0,1,0,0,23.58,8.78,14.364,0.62,0
ACC-2026-0242,0841740262,2026-06,Vendeur de rue,359.09,66,0.351,14,0,1.0,0,1,0,0,26.4,8.78,14.364,0.62,0
ACC-2026-0242,0841740262,2026-07,Vendeur de rue,359.09,67,0.351,15,0,1.0,0,1,0,0,26.3,8.78,14.364,0.62,0
ACC-2026-0243,0842877034,2025-08,Sans emploi,128.19,1,0.771,2,0,1.0,0,0,0,0,15.44,9.0,8.546,0.78,0
ACC-2026-0243,0842877034,2025-09,Sans emploi,128.19,2,0.771,2,0,0.5,1,0,0,30,15.81,9.0,8.546,0.78,0
ACC-2026-0243,0842877034,2025-10,Sans emploi,128.19,3,0.771,3,0,0.667,1,0,0,0,15.77,9.0,8.546,0.78,1
ACC-2026-0243,0842877034,2025-11,Sans emploi,128.19,4,0.771,4,0,0.75,1,0,0,0,15.6,9.0,8.546,0.78,0
ACC-2026-0243,0842877034,2025-12,Sans emploi,128.19,5,0.771,5,0,0.8,1,0,0,0,15.8,9.0,8.546,0.78,1
ACC-2026-0243,0842877034,2026-01,Sans emploi,128.19,6,0.771,5,0,0.667,1,0,1,30,15.7,9.0,8.546,0.78,1
ACC-2026-0243,0842877034,2026-02,Sans emploi,128.19,7,0.771,5,1,0.571,1,0,2,60,16.08,9.0,8.546,0.78,1
ACC-2026-0243,0842877034,2026-03,Sans emploi,128.19,8,0.771,6,1,0.625,1,0,2,0,14.03,9.0,8.546,0.78,1
ACC-2026-0243,0842877034,2026-04,Sans emploi,128.19,9,0.771,6,1,0.556,1,0,3,30,14.25,9.0,8.546,0.78,1
ACC-2026-0243,0842877034,2026-05,Sans emploi,128.19,10,0.771,7,0,0.6,1,1,3,0,14.81,9.0,8.546,0.78,1
ACC-2026-0243,0842877034,2026-06,Sans emploi,128.19,11,0.771,8,1,0.636,1,1,3,0,14.73,9.0,8.546,0.78,1
ACC-2026-0243,0842877034,2026-07,Sans emploi,128.19,12,0.771,9,1,0.667,1,1,3,0,15.28,9.0,8.546,0.78,1
ACC-2026-0244,0841528784,2025-08,Commercant independant,308.31,45,0.123,4,0,1.0,0,0,0,0,7.85,0.98,38.539,0.36,0
ACC-2026-0244,0841528784,2025-09,Commercant independant,308.31,46,0.123,5,0,1.0,0,0,0,0,8.15,0.98,38.539,0.36,0
ACC-2026-0244,0841528784,2025-10,Commercant independant,308.31,47,0.123,6,0,1.0,0,0,0,0,7.39,0.98,38.539,0.36,0
ACC-2026-0244,0841528784,2025-11,Commercant independant,308.31,48,0.123,7,0,1.0,0,0,0,0,7.97,0.98,38.539,0.36,0
ACC-2026-0244,0841528784,2025-12,Commercant independant,308.31,49,0.123,8,0,1.0,0,0,0,0,8.28,0.98,38.539,0.36,0
ACC-2026-0244,0841528784,2026-01,Commercant independant,308.31,50,0.123,9,0,1.0,0,0,0,0,7.67,0.98,38.539,0.36,1
ACC-2026-0244,0841528784,2026-02,Commercant independant,308.31,51,0.123,10,0,1.0,0,0,0,0,8.35,0.98,38.539,0.36,0
ACC-2026-0244,0841528784,2026-03,Commercant independant,308.31,52,0.123,11,0,1.0,0,0,0,0,7.37,0.98,38.539,0.36,0
ACC-2026-0244,0841528784,2026-04,Commercant independant,308.31,53,0.123,12,0,1.0,0,0,0,0,8.56,0.98,38.539,0.36,0
ACC-2026-0244,0841528784,2026-05,Commercant independant,308.31,54,0.123,13,0,1.0,0,0,0,0,8.25,0.98,38.539,0.36,0
ACC-2026-0244,0841528784,2026-06,Commercant independant,308.31,55,0.123,14,0,1.0,0,0,0,0,7.42,0.98,38.539,0.36,0
ACC-2026-0244,0841528784,2026-07,Commercant independant,308.31,56,0.123,15,0,1.0,0,0,0,0,8.51,0.98,38.539,0.36,0
ACC-2026-0245,0845870201,2025-08,Chauffeur,204.76,10,0.186,1,0,0.0,0,0,1,365,10.44,1.86,20.476,0.42,0
ACC-2026-0245,0845870201,2025-09,Chauffeur,204.76,11,0.186,2,0,0.5,0,0,1,0,9.27,1.86,20.476,0.42,0
ACC-2026-0245,0845870201,2025-10,Chauffeur,204.76,12,0.186,3,0,0.667,0,0,1,0,10.55,1.86,20.476,0.42,0
ACC-2026-0245,0845870201,2025-11,Chauffeur,204.76,13,0.186,4,0,0.75,0,0,1,0,10.66,1.86,20.476,0.42,0
ACC-2026-0245,0845870201,2025-12,Chauffeur,204.76,14,0.186,5,0,0.8,0,0,1,0,10.71,1.86,20.476,0.42,0
ACC-2026-0245,0845870201,2026-01,Chauffeur,204.76,15,0.186,6,0,0.833,0,0,1,0,10.32,1.86,20.476,0.42,0
ACC-2026-0245,0845870201,2026-02,Chauffeur,204.76,16,0.186,7,0,0.857,0,0,1,0,10.22,1.86,20.476,0.42,0
ACC-2026-0245,0845870201,2026-03,Chauffeur,204.76,17,0.186,8,0,0.875,0,0,1,0,10.09,1.86,20.476,0.42,1
ACC-2026-0245,0845870201,2026-04,Chauffeur,204.76,18,0.186,9,0,0.889,0,0,1,0,10.72,1.86,20.476,0.42,0
ACC-2026-0245,0845870201,2026-05,Chauffeur,204.76,19,0.186,10,0,0.9,0,0,1,0,10.65,1.86,20.476,0.42,0
ACC-2026-0245,0845870201,2026-06,Chauffeur,204.76,20,0.186,11,0,0.909,0,0,1,0,10.11,1.86,20.476,0.42,0
ACC-2026-0245,0845870201,2026-07,Chauffeur,204.76,21,0.186,12,0,0.917,0,0,1,0,9.8,1.86,20.476,0.42,0
ACC-2026-0246,0844112344,2025-08,Chauffeur,378.34,15,0.115,2,0,1.0,0,0,0,0,23.53,2.88,15.134,0.42,1
ACC-2026-0246,0844112344,2025-09,Chauffeur,378.34,16,0.115,3,0,1.0,0,0,0,0,26.15,2.88,15.134,0.42,0
ACC-2026-0246,0844112344,2025-10,Chauffeur,378.34,17,0.115,4,0,1.0,0,0,0,0,23.04,2.88,15.134,0.42,0
ACC-2026-0246,0844112344,2025-11,Chauffeur,378.34,18,0.115,5,0,1.0,0,0,0,0,26.44,2.88,15.134,0.42,0
ACC-2026-0246,0844112344,2025-12,Chauffeur,378.34,19,0.115,6,0,1.0,0,0,0,0,24.91,2.88,15.134,0.42,0
ACC-2026-0246,0844112344,2026-01,Chauffeur,378.34,20,0.115,7,0,1.0,0,0,0,0,25.17,2.88,15.134,0.42,0
ACC-2026-0246,0844112344,2026-02,Chauffeur,378.34,21,0.115,8,0,1.0,0,0,0,0,25.04,2.88,15.134,0.42,0
ACC-2026-0246,0844112344,2026-03,Chauffeur,378.34,22,0.115,9,0,1.0,0,0,0,0,26.95,2.88,15.134,0.42,0
ACC-2026-0246,0844112344,2026-04,Chauffeur,378.34,23,0.115,10,0,1.0,0,0,0,0,26.36,2.88,15.134,0.42,0
ACC-2026-0246,0844112344,2026-05,Chauffeur,378.34,24,0.115,11,0,1.0,0,0,0,0,23.24,2.88,15.134,0.42,0
ACC-2026-0246,0844112344,2026-06,Chauffeur,378.34,25,0.115,12,0,1.0,0,0,0,0,23.11,2.88,15.134,0.42,0
ACC-2026-0246,0844112344,2026-07,Chauffeur,378.34,26,0.115,13,0,1.0,0,0,0,0,25.43,2.88,15.134,0.42,0
ACC-2026-0247,0843136181,2025-08,Commercant independant,432.77,53,0.221,2,0,1.0,0,0,0,0,30.1,6.64,14.426,0.36,1
ACC-2026-0247,0843136181,2025-09,Commercant independant,432.77,54,0.221,3,0,1.0,0,0,0,0,29.6,6.64,14.426,0.36,0
ACC-2026-0247,0843136181,2025-10,Commercant independant,432.77,55,0.221,4,0,1.0,0,0,0,0,31.31,6.64,14.426,0.36,0
ACC-2026-0247,0843136181,2025-11,Commercant independant,432.77,56,0.221,5,0,1.0,0,0,0,0,30.72,6.64,14.426,0.36,0
ACC-2026-0247,0843136181,2025-12,Commercant independant,432.77,57,0.221,6,0,1.0,0,0,0,0,30.51,6.64,14.426,0.36,0
ACC-2026-0247,0843136181,2026-01,Commercant independant,432.77,58,0.221,7,0,1.0,0,0,0,0,29.94,6.64,14.426,0.36,0
ACC-2026-0247,0843136181,2026-02,Commercant independant,432.77,59,0.221,8,0,1.0,0,0,0,0,30.29,6.64,14.426,0.36,0
ACC-2026-0247,0843136181,2026-03,Commercant independant,432.77,60,0.221,9,0,1.0,0,0,0,0,28.26,6.64,14.426,0.36,0
ACC-2026-0247,0843136181,2026-04,Commercant independant,432.77,61,0.221,10,0,1.0,0,0,0,0,30.16,6.64,14.426,0.36,1
ACC-2026-0247,0843136181,2026-05,Commercant independant,432.77,62,0.221,11,0,1.0,0,0,0,0,32.08,6.64,14.426,0.36,0
ACC-2026-0247,0843136181,2026-06,Commercant independant,432.77,63,0.221,12,0,1.0,0,0,0,0,32.05,6.64,14.426,0.36,0
ACC-2026-0247,0843136181,2026-07,Commercant independant,432.77,64,0.221,13,0,1.0,0,0,0,0,32.27,6.64,14.426,0.36,0
ACC-2026-0248,0847904482,2025-08,Infirmier,335.88,55,0.133,5,0,1.0,0,0,0,0,28.27,4.0,11.196,0.24,0
ACC-2026-0248,0847904482,2025-09,Infirmier,335.88,56,0.133,6,0,1.0,0,0,0,0,29.34,4.0,11.196,0.24,0
ACC-2026-0248,0847904482,2025-10,Infirmier,335.88,57,0.133,7,0,1.0,0,0,0,0,30.39,4.0,11.196,0.24,0
ACC-2026-0248,0847904482,2025-11,Infirmier,335.88,58,0.133,8,0,1.0,0,0,0,0,30.67,4.0,11.196,0.24,0
ACC-2026-0248,0847904482,2025-12,Infirmier,335.88,59,0.133,9,0,1.0,0,0,0,0,28.48,4.0,11.196,0.24,0
ACC-2026-0248,0847904482,2026-01,Infirmier,335.88,60,0.133,10,0,1.0,0,0,0,0,29.92,4.0,11.196,0.24,0
ACC-2026-0248,0847904482,2026-02,Infirmier,335.88,61,0.133,11,0,1.0,0,0,0,0,28.3,4.0,11.196,0.24,0
ACC-2026-0248,0847904482,2026-03,Infirmier,335.88,62,0.133,12,0,1.0,0,0,0,0,31.5,4.0,11.196,0.24,1
ACC-2026-0248,0847904482,2026-04,Infirmier,335.88,63,0.133,13,0,1.0,0,0,0,0,32.08,4.0,11.196,0.24,0
ACC-2026-0248,0847904482,2026-05,Infirmier,335.88,64,0.133,14,0,1.0,0,0,0,0,30.4,4.0,11.196,0.24,0
ACC-2026-0248,0847904482,2026-06,Infirmier,335.88,65,0.133,15,0,1.0,0,0,0,0,27.84,4.0,11.196,0.24,0
ACC-2026-0248,0847904482,2026-07,Infirmier,335.88,66,0.133,16,0,1.0,0,0,0,0,29.89,4.0,11.196,0.24,0
ACC-2026-0249,0844038433,2025-08,Enseignant,390.14,6,0.063,5,0,1.0,0,0,0,0,7.52,0.51,48.767,0.22,0
ACC-2026-0249,0844038433,2025-09,Enseignant,390.14,7,0.063,6,0,1.0,0,0,0,0,7.41,0.51,48.767,0.22,0
ACC-2026-0249,0844038433,2025-10,Enseignant,390.14,8,0.063,7,0,1.0,0,0,0,0,8.61,0.51,48.767,0.22,0
ACC-2026-0249,0844038433,2025-11,Enseignant,390.14,9,0.063,8,0,1.0,0,0,0,0,7.64,0.51,48.767,0.22,0
ACC-2026-0249,0844038433,2025-12,Enseignant,390.14,10,0.063,9,0,1.0,0,0,0,0,7.81,0.51,48.767,0.22,0
ACC-2026-0249,0844038433,2026-01,Enseignant,390.14,11,0.063,10,0,1.0,0,0,0,0,8.34,0.51,48.767,0.22,0
ACC-2026-0249,0844038433,2026-02,Enseignant,390.14,12,0.063,11,0,1.0,0,0,0,0,8.05,0.51,48.767,0.22,0
ACC-2026-0249,0844038433,2026-03,Enseignant,390.14,13,0.063,12,0,1.0,0,0,0,0,8.15,0.51,48.767,0.22,0
ACC-2026-0249,0844038433,2026-04,Enseignant,390.14,14,0.063,13,0,1.0,0,0,0,0,7.68,0.51,48.767,0.22,0
ACC-2026-0249,0844038433,2026-05,Enseignant,390.14,15,0.063,14,0,1.0,0,0,0,0,8.5,0.51,48.767,0.22,0
ACC-2026-0249,0844038433,2026-06,Enseignant,390.14,16,0.063,14,0,0.909,0,0,1,30,8.22,0.51,48.767,0.22,0
ACC-2026-0249,0844038433,2026-07,Enseignant,390.14,17,0.063,15,0,0.917,0,0,1,0,7.93,0.51,48.767,0.22,0
ACC-2026-0250,0847854073,2025-08,Agriculteur,55.0,57,0.445,4,0,1.0,0,0,0,0,10.4,6.0,5.5,0.46,0
ACC-2026-0250,0847854073,2025-09,Agriculteur,55.0,58,0.445,5,0,1.0,0,1,0,0,10.28,6.0,5.5,0.46,0
ACC-2026-0250,0847854073,2025-10,Agriculteur,55.0,59,0.445,6,0,1.0,0,1,0,0,9.23,6.0,5.5,0.46,0
ACC-2026-0250,0847854073,2025-11,Agriculteur,55.0,60,0.445,7,0,1.0,0,1,0,0,9.53,6.0,5.5,0.46,1
ACC-2026-0250,0847854073,2025-12,Agriculteur,55.0,61,0.445,8,0,1.0,0,1,0,0,10.29,6.0,5.5,0.46,0
ACC-2026-0250,0847854073,2026-01,Agriculteur,55.0,62,0.445,9,0,1.0,0,2,0,0,9.77,6.0,5.5,0.46,0
ACC-2026-0250,0847854073,2026-02,Agriculteur,55.0,63,0.445,10,0,1.0,0,2,0,0,9.81,6.0,5.5,0.46,0
ACC-2026-0250,0847854073,2026-03,Agriculteur,55.0,64,0.445,11,0,1.0,0,2,0,0,10.1,6.0,5.5,0.46,1
ACC-2026-0250,0847854073,2026-04,Agriculteur,55.0,65,0.445,12,0,1.0,0,2,0,0,9.24,6.0,5.5,0.46,1
ACC-2026-0250,0847854073,2026-05,Agriculteur,55.0,66,0.445,12,0,0.9,0,2,1,30,9.9,6.0,5.5,0.46,0
ACC-2026-0250,0847854073,2026-06,Agriculteur,55.0,67,0.445,13,0,0.909,0,2,1,0,9.76,6.0,5.5,0.46,0
ACC-2026-0250,0847854073,2026-07,Agriculteur,55.0,68,0.445,13,1,0.833,1,2,1,30,9.55,6.0,5.5,0.46,1
ACC-2026-0251,0849907637,2025-08,Vendeur de rue,402.84,47,0.321,1,0,1.0,0,0,0,0,7.56,2.57,50.355,0.62,0
ACC-2026-0251,0849907637,2025-09,Vendeur de rue,402.84,48,0.321,2,0,1.0,0,0,0,0,8.03,2.57,50.355,0.62,0
ACC-2026-0251,0849907637,2025-10,Vendeur de rue,402.84,49,0.321,2,0,0.667,1,0,0,30,7.92,2.57,50.355,0.62,0
ACC-2026-0251,0849907637,2025-11,Vendeur de rue,402.84,50,0.321,3,0,0.75,1,0,0,0,7.57,2.57,50.355,0.62,0
ACC-2026-0251,0849907637,2025-12,Vendeur de rue,402.84,51,0.321,4,0,0.8,1,0,0,0,8.09,2.57,50.355,0.62,0
ACC-2026-0251,0849907637,2026-01,Vendeur de rue,402.84,52,0.321,5,0,0.833,1,0,0,0,8.31,2.57,50.355,0.62,0
ACC-2026-0251,0849907637,2026-02,Vendeur de rue,402.84,53,0.321,6,0,0.857,1,0,0,0,7.57,2.57,50.355,0.62,0
ACC-2026-0251,0849907637,2026-03,Vendeur de rue,402.84,54,0.321,7,0,0.875,1,0,0,0,7.46,2.57,50.355,0.62,0
ACC-2026-0251,0849907637,2026-04,Vendeur de rue,402.84,55,0.321,8,0,0.889,1,0,0,0,8.04,2.57,50.355,0.62,0
ACC-2026-0251,0849907637,2026-05,Vendeur de rue,402.84,56,0.321,9,0,0.9,1,0,0,0,7.59,2.57,50.355,0.62,0
ACC-2026-0251,0849907637,2026-06,Vendeur de rue,402.84,57,0.321,10,0,0.909,1,0,0,0,7.78,2.57,50.355,0.62,0
ACC-2026-0251,0849907637,2026-07,Vendeur de rue,402.84,58,0.321,11,0,0.917,1,0,0,0,8.0,2.57,50.355,0.62,0
ACC-2026-0252,0843801816,2025-08,Fonctionnaire,188.35,20,0.04,5,0,1.0,0,0,0,0,10.12,0.4,18.835,0.18,0
ACC-2026-0252,0843801816,2025-09,Fonctionnaire,188.35,21,0.04,6,0,1.0,0,0,0,0,9.38,0.4,18.835,0.18,0
ACC-2026-0252,0843801816,2025-10,Fonctionnaire,188.35,22,0.04,7,0,1.0,0,0,0,0,9.31,0.4,18.835,0.18,1
ACC-2026-0252,0843801816,2025-11,Fonctionnaire,188.35,23,0.04,8,0,1.0,0,0,0,0,10.48,0.4,18.835,0.18,0
ACC-2026-0252,0843801816,2025-12,Fonctionnaire,188.35,24,0.04,9,0,1.0,0,0,0,0,9.85,0.4,18.835,0.18,0
ACC-2026-0252,0843801816,2026-01,Fonctionnaire,188.35,25,0.04,10,0,1.0,0,0,0,0,9.77,0.4,18.835,0.18,0
ACC-2026-0252,0843801816,2026-02,Fonctionnaire,188.35,26,0.04,11,0,1.0,0,0,0,0,10.4,0.4,18.835,0.18,0
ACC-2026-0252,0843801816,2026-03,Fonctionnaire,188.35,27,0.04,12,0,1.0,0,0,0,0,10.0,0.4,18.835,0.18,0
ACC-2026-0252,0843801816,2026-04,Fonctionnaire,188.35,28,0.04,13,0,1.0,0,0,0,0,9.79,0.4,18.835,0.18,0
ACC-2026-0252,0843801816,2026-05,Fonctionnaire,188.35,29,0.04,14,0,1.0,0,0,0,0,9.8,0.4,18.835,0.18,0
ACC-2026-0252,0843801816,2026-06,Fonctionnaire,188.35,30,0.04,15,0,1.0,0,0,0,0,9.23,0.4,18.835,0.18,0
ACC-2026-0252,0843801816,2026-07,Fonctionnaire,188.35,31,0.04,16,0,1.0,0,0,0,0,10.58,0.4,18.835,0.18,0
ACC-2026-0253,0846066251,2025-08,Commercant independant,450.74,57,0.16,4,0,1.0,0,0,0,0,14.69,2.4,30.049,0.36,0
ACC-2026-0253,0846066251,2025-09,Commercant independant,450.74,58,0.16,5,0,1.0,0,0,0,0,14.39,2.4,30.049,0.36,0
ACC-2026-0253,0846066251,2025-10,Commercant independant,450.74,59,0.16,6,0,1.0,0,0,0,0,14.7,2.4,30.049,0.36,0
ACC-2026-0253,0846066251,2025-11,Commercant independant,450.74,60,0.16,7,0,1.0,0,0,0,0,15.89,2.4,30.049,0.36,0
ACC-2026-0253,0846066251,2025-12,Commercant independant,450.74,61,0.16,8,0,1.0,0,0,0,0,15.12,2.4,30.049,0.36,0
ACC-2026-0253,0846066251,2026-01,Commercant independant,450.74,62,0.16,9,0,1.0,0,0,0,0,13.96,2.4,30.049,0.36,0
ACC-2026-0253,0846066251,2026-02,Commercant independant,450.74,63,0.16,10,0,1.0,0,0,0,0,13.83,2.4,30.049,0.36,0
ACC-2026-0253,0846066251,2026-03,Commercant independant,450.74,64,0.16,11,0,1.0,0,0,0,0,13.94,2.4,30.049,0.36,0
ACC-2026-0253,0846066251,2026-04,Commercant independant,450.74,65,0.16,12,0,1.0,0,0,0,0,14.88,2.4,30.049,0.36,0
ACC-2026-0253,0846066251,2026-05,Commercant independant,450.74,66,0.16,13,0,1.0,0,0,0,0,14.58,2.4,30.049,0.36,0
ACC-2026-0253,0846066251,2026-06,Commercant independant,450.74,67,0.16,14,0,1.0,0,0,0,0,15.92,2.4,30.049,0.36,0
ACC-2026-0253,0846066251,2026-07,Commercant independant,450.74,68,0.16,15,0,1.0,0,0,0,0,15.4,2.4,30.049,0.36,0
ACC-2026-0254,0849488394,2025-08,Fonctionnaire,525.58,20,0.054,4,0,1.0,0,0,0,0,20.43,1.08,26.279,0.18,0
ACC-2026-0254,0849488394,2025-09,Fonctionnaire,525.58,21,0.054,5,0,1.0,0,0,0,0,20.37,1.08,26.279,0.18,0
ACC-2026-0254,0849488394,2025-10,Fonctionnaire,525.58,22,0.054,6,0,1.0,0,0,0,0,18.44,1.08,26.279,0.18,0
ACC-2026-0254,0849488394,2025-11,Fonctionnaire,525.58,23,0.054,7,0,1.0,0,0,0,0,20.96,1.08,26.279,0.18,0
ACC-2026-0254,0849488394,2025-12,Fonctionnaire,525.58,24,0.054,8,0,1.0,0,0,0,0,21.57,1.08,26.279,0.18,0
ACC-2026-0254,0849488394,2026-01,Fonctionnaire,525.58,25,0.054,9,0,1.0,0,0,0,0,18.52,1.08,26.279,0.18,0
ACC-2026-0254,0849488394,2026-02,Fonctionnaire,525.58,26,0.054,10,0,1.0,0,0,0,0,21.33,1.08,26.279,0.18,0
ACC-2026-0254,0849488394,2026-03,Fonctionnaire,525.58,27,0.054,11,0,1.0,0,0,0,0,20.54,1.08,26.279,0.18,0
ACC-2026-0254,0849488394,2026-04,Fonctionnaire,525.58,28,0.054,12,0,1.0,0,0,0,0,19.59,1.08,26.279,0.18,0
ACC-2026-0254,0849488394,2026-05,Fonctionnaire,525.58,29,0.054,13,0,1.0,0,0,0,0,20.15,1.08,26.279,0.18,0
ACC-2026-0254,0849488394,2026-06,Fonctionnaire,525.58,30,0.054,14,0,1.0,0,0,0,0,19.44,1.08,26.279,0.18,0
ACC-2026-0254,0849488394,2026-07,Fonctionnaire,525.58,31,0.054,15,0,1.0,0,0,0,0,20.06,1.08,26.279,0.18,0
ACC-2026-0255,0845115393,2025-08,Enseignant,469.54,43,0.067,4,0,1.0,0,0,0,0,25.37,1.68,18.782,0.22,0
ACC-2026-0255,0845115393,2025-09,Enseignant,469.54,44,0.067,5,0,1.0,0,0,0,0,25.22,1.68,18.782,0.22,0
ACC-2026-0255,0845115393,2025-10,Enseignant,469.54,45,0.067,6,0,1.0,0,0,0,0,24.86,1.68,18.782,0.22,0
ACC-2026-0255,0845115393,2025-11,Enseignant,469.54,46,0.067,7,0,1.0,0,0,0,0,24.45,1.68,18.782,0.22,0
ACC-2026-0255,0845115393,2025-12,Enseignant,469.54,47,0.067,8,0,1.0,0,0,0,0,23.32,1.68,18.782,0.22,0
ACC-2026-0255,0845115393,2026-01,Enseignant,469.54,48,0.067,9,0,1.0,0,0,0,0,23.27,1.68,18.782,0.22,0
ACC-2026-0255,0845115393,2026-02,Enseignant,469.54,49,0.067,10,0,1.0,0,0,0,0,26.26,1.68,18.782,0.22,0
ACC-2026-0255,0845115393,2026-03,Enseignant,469.54,50,0.067,10,0,0.875,1,0,0,30,26.75,1.68,18.782,0.22,0
ACC-2026-0255,0845115393,2026-04,Enseignant,469.54,51,0.067,11,0,0.889,1,0,0,0,24.97,1.68,18.782,0.22,0
ACC-2026-0255,0845115393,2026-05,Enseignant,469.54,52,0.067,12,0,0.9,1,0,0,0,26.4,1.68,18.782,0.22,0
ACC-2026-0255,0845115393,2026-06,Enseignant,469.54,53,0.067,13,0,0.909,1,0,0,0,23.64,1.68,18.782,0.22,0
ACC-2026-0255,0845115393,2026-07,Enseignant,469.54,54,0.067,14,0,0.917,1,0,0,0,23.33,1.68,18.782,0.22,1
ACC-2026-0256,0848189752,2025-08,Commercant independant,350.0,12,0.186,0,0,0.0,0,0,1,365,28.45,5.57,11.667,0.36,0
ACC-2026-0256,0848189752,2025-09,Commercant independant,350.0,13,0.186,1,0,0.5,0,0,1,0,30.89,5.57,11.667,0.36,0
ACC-2026-0256,0848189752,2025-10,Commercant independant,350.0,14,0.186,2,0,0.667,0,0,1,0,27.79,5.57,11.667,0.36,0
ACC-2026-0256,0848189752,2025-11,Commercant independant,350.0,15,0.186,2,0,0.5,0,0,2,30,30.4,5.57,11.667,0.36,0
ACC-2026-0256,0848189752,2025-12,Commercant independant,350.0,16,0.186,3,0,0.6,0,0,2,0,28.52,9.17,11.667,0.36,0
ACC-2026-0256,0848189752,2026-01,Commercant independant,350.0,17,0.186,4,0,0.667,0,0,2,0,28.12,9.17,11.667,0.36,0
ACC-2026-0256,0848189752,2026-02,Commercant independant,350.0,18,0.186,5,0,0.714,0,0,2,0,31.59,9.17,11.667,0.36,1
ACC-2026-0256,0848189752,2026-03,Commercant independant,350.0,19,0.186,6,0,0.75,0,0,2,0,28.85,9.17,11.667,0.36,0
ACC-2026-0256,0848189752,2026-04,Commercant independant,350.0,20,0.186,7,0,0.778,0,1,2,0,30.51,9.17,11.667,0.36,1
ACC-2026-0256,0848189752,2026-05,Commercant independant,350.0,21,0.186,8,0,0.8,0,1,2,0,30.79,9.17,11.667,0.36,0
ACC-2026-0256,0848189752,2026-06,Commercant independant,350.0,22,0.186,9,0,0.818,0,1,2,0,30.04,9.17,11.667,0.36,0
ACC-2026-0256,0848189752,2026-07,Commercant independant,350.0,23,0.186,10,0,0.833,0,1,2,0,31.47,9.17,11.667,0.36,0
ACC-2026-0257,0846189630,2025-08,Chauffeur,344.0,20,0.122,5,0,1.0,0,0,0,0,7.55,0.97,43.0,0.42,0
ACC-2026-0257,0846189630,2025-09,Chauffeur,344.0,21,0.122,6,0,1.0,0,0,0,0,7.72,0.97,43.0,0.42,0
ACC-2026-0257,0846189630,2025-10,Chauffeur,344.0,22,0.122,7,0,1.0,0,0,0,0,7.98,0.97,43.0,0.42,0
ACC-2026-0257,0846189630,2025-11,Chauffeur,344.0,23,0.122,8,0,1.0,0,0,0,0,8.22,0.97,43.0,0.42,0
ACC-2026-0257,0846189630,2025-12,Chauffeur,344.0,24,0.122,9,0,1.0,0,0,0,0,8.51,0.97,43.0,0.42,0
ACC-2026-0257,0846189630,2026-01,Chauffeur,344.0,25,0.122,10,0,1.0,0,0,0,0,7.8,0.97,43.0,0.42,0
ACC-2026-0257,0846189630,2026-02,Chauffeur,344.0,26,0.122,11,0,1.0,0,0,0,0,7.86,0.97,43.0,0.42,0
ACC-2026-0257,0846189630,2026-03,Chauffeur,344.0,27,0.122,12,0,1.0,0,0,0,0,8.36,0.97,43.0,0.42,0
ACC-2026-0257,0846189630,2026-04,Chauffeur,344.0,28,0.122,13,0,1.0,0,0,0,0,8.31,0.97,43.0,0.42,0
ACC-2026-0257,0846189630,2026-05,Chauffeur,344.0,29,0.122,14,0,1.0,0,0,0,0,8.32,0.97,43.0,0.42,0
ACC-2026-0257,0846189630,2026-06,Chauffeur,344.0,30,0.122,15,0,1.0,0,0,0,0,7.57,0.97,43.0,0.42,0
ACC-2026-0257,0846189630,2026-07,Chauffeur,344.0,31,0.122,16,0,1.0,0,0,0,0,7.79,0.97,43.0,0.42,0
ACC-2026-0258,0849603094,2025-08,Chauffeur,412.45,36,0.224,3,0,0.0,0,0,1,365,9.21,2.24,41.245,0.42,1
ACC-2026-0258,0849603094,2025-09,Chauffeur,412.45,37,0.224,4,0,0.5,0,0,1,0,9.74,2.24,41.245,0.42,0
ACC-2026-0258,0849603094,2025-10,Chauffeur,412.45,38,0.224,5,0,0.667,0,0,1,0,9.52,2.24,41.245,0.42,0
ACC-2026-0258,0849603094,2025-11,Chauffeur,412.45,39,0.224,6,0,0.75,0,0,1,0,10.39,2.24,41.245,0.42,0
ACC-2026-0258,0849603094,2025-12,Chauffeur,412.45,40,0.224,7,0,0.8,0,0,1,0,10.14,2.24,41.245,0.42,0
ACC-2026-0258,0849603094,2026-01,Chauffeur,412.45,41,0.224,8,0,0.833,0,0,1,0,10.37,2.24,41.245,0.42,0
ACC-2026-0258,0849603094,2026-02,Chauffeur,412.45,42,0.224,9,0,0.857,0,0,1,0,9.66,2.24,41.245,0.42,0
ACC-2026-0258,0849603094,2026-03,Chauffeur,412.45,43,0.224,10,0,0.875,0,0,1,0,9.23,2.24,41.245,0.42,0
ACC-2026-0258,0849603094,2026-04,Chauffeur,412.45,44,0.224,11,0,0.889,0,1,1,0,10.53,2.24,41.245,0.42,0
ACC-2026-0258,0849603094,2026-05,Chauffeur,412.45,45,0.224,12,0,0.9,0,1,1,0,10.12,2.24,41.245,0.42,0
ACC-2026-0258,0849603094,2026-06,Chauffeur,412.45,46,0.224,13,0,0.909,0,1,1,0,9.62,2.24,41.245,0.42,0
ACC-2026-0258,0849603094,2026-07,Chauffeur,412.45,47,0.224,14,0,0.917,0,1,1,0,10.27,2.24,41.245,0.42,0
ACC-2026-0259,0841071890,2025-08,Commercant independant,539.12,58,0.146,4,0,1.0,0,1,0,0,9.32,1.46,53.912,0.36,0
ACC-2026-0259,0841071890,2025-09,Commercant independant,539.12,59,0.146,5,0,1.0,0,1,0,0,10.7,1.46,53.912,0.36,0
ACC-2026-0259,0841071890,2025-10,Commercant independant,539.12,60,0.146,6,0,1.0,0,1,0,0,10.43,1.46,53.912,0.36,0
ACC-2026-0259,0841071890,2025-11,Commercant independant,539.12,61,0.146,7,0,1.0,0,1,0,0,9.99,1.46,53.912,0.36,0
ACC-2026-0259,0841071890,2025-12,Commercant independant,539.12,62,0.146,8,0,1.0,0,1,0,0,10.45,1.46,53.912,0.36,0
ACC-2026-0259,0841071890,2026-01,Commercant independant,539.12,63,0.146,9,0,1.0,0,1,0,0,10.36,1.46,53.912,0.36,0
ACC-2026-0259,0841071890,2026-02,Commercant independant,539.12,64,0.146,9,0,0.857,0,1,1,30,9.89,1.46,53.912,0.36,0
ACC-2026-0259,0841071890,2026-03,Commercant independant,539.12,65,0.146,10,0,0.875,0,1,1,0,9.36,1.46,53.912,0.36,0
ACC-2026-0259,0841071890,2026-04,Commercant independant,539.12,66,0.146,11,0,0.889,0,1,1,0,9.67,1.46,53.912,0.36,0
ACC-2026-0259,0841071890,2026-05,Commercant independant,539.12,67,0.146,12,0,0.9,0,1,1,0,10.37,1.46,53.912,0.36,0
ACC-2026-0259,0841071890,2026-06,Commercant independant,539.12,68,0.146,13,0,0.909,0,1,1,0,10.8,1.46,53.912,0.36,0
ACC-2026-0259,0841071890,2026-07,Commercant independant,539.12,69,0.146,14,0,0.917,0,1,1,0,9.45,1.46,53.912,0.36,0
ACC-2026-0260,0845019005,2025-08,Fonctionnaire,435.99,35,0.03,4,0,1.0,0,0,0,0,10.0,0.3,43.599,0.18,0
ACC-2026-0260,0845019005,2025-09,Fonctionnaire,435.99,36,0.03,5,0,1.0,0,0,0,0,9.97,0.3,43.599,0.18,0
ACC-2026-0260,0845019005,2025-10,Fonctionnaire,435.99,37,0.03,6,0,1.0,0,0,0,0,9.35,0.3,43.599,0.18,0
ACC-2026-0260,0845019005,2025-11,Fonctionnaire,435.99,38,0.03,7,0,1.0,0,0,0,0,9.6,0.3,43.599,0.18,0
ACC-2026-0260,0845019005,2025-12,Fonctionnaire,435.99,39,0.03,8,0,1.0,0,0,0,0,10.47,0.3,43.599,0.18,0
ACC-2026-0260,0845019005,2026-01,Fonctionnaire,435.99,40,0.03,9,0,1.0,0,0,0,0,9.46,0.3,43.599,0.18,0
ACC-2026-0260,0845019005,2026-02,Fonctionnaire,435.99,41,0.03,10,0,1.0,0,0,0,0,10.68,0.3,43.599,0.18,0
ACC-2026-0260,0845019005,2026-03,Fonctionnaire,435.99,42,0.03,11,0,1.0,0,0,0,0,10.47,0.3,43.599,0.18,0
ACC-2026-0260,0845019005,2026-04,Fonctionnaire,435.99,43,0.03,12,0,1.0,0,0,0,0,9.84,0.3,43.599,0.18,0
ACC-2026-0260,0845019005,2026-05,Fonctionnaire,435.99,44,0.03,13,0,1.0,0,0,0,0,10.14,0.3,43.599,0.18,0
ACC-2026-0260,0845019005,2026-06,Fonctionnaire,435.99,45,0.03,14,0,1.0,0,0,0,0,10.54,0.3,43.599,0.18,0
ACC-2026-0260,0845019005,2026-07,Fonctionnaire,435.99,46,0.03,15,0,1.0,0,0,0,0,9.93,0.3,43.599,0.18,0
ACC-2026-0261,0841704049,2025-08,Fonctionnaire,425.14,3,0.3,3,0,1.0,0,0,0,0,31.62,9.01,14.171,0.18,0
ACC-2026-0261,0841704049,2025-09,Fonctionnaire,425.14,4,0.3,4,0,1.0,0,1,0,0,31.65,9.01,14.171,0.18,0
ACC-2026-0261,0841704049,2025-10,Fonctionnaire,425.14,5,0.3,5,0,1.0,0,2,0,0,28.25,9.01,14.171,0.18,0
ACC-2026-0261,0841704049,2025-11,Fonctionnaire,425.14,6,0.3,6,0,1.0,0,2,0,0,29.24,9.01,14.171,0.18,1
ACC-2026-0261,0841704049,2025-12,Fonctionnaire,425.14,7,0.3,7,0,1.0,0,2,0,0,29.12,9.01,14.171,0.18,0
ACC-2026-0261,0841704049,2026-01,Fonctionnaire,425.14,8,0.3,8,0,1.0,0,2,0,0,31.72,9.01,14.171,0.18,0
ACC-2026-0261,0841704049,2026-02,Fonctionnaire,425.14,9,0.3,9,0,1.0,0,2,0,0,28.26,9.01,14.171,0.18,0
ACC-2026-0261,0841704049,2026-03,Fonctionnaire,425.14,10,0.3,10,0,1.0,0,2,0,0,29.23,9.01,14.171,0.18,1
ACC-2026-0261,0841704049,2026-04,Fonctionnaire,425.14,11,0.3,11,0,1.0,0,2,0,0,27.96,9.01,14.171,0.18,0
ACC-2026-0261,0841704049,2026-05,Fonctionnaire,425.14,12,0.3,11,0,0.9,0,2,1,30,32.31,9.01,14.171,0.18,0
ACC-2026-0261,0841704049,2026-06,Fonctionnaire,425.14,13,0.3,12,0,0.909,0,2,1,0,32.07,9.01,14.171,0.18,0
ACC-2026-0261,0841704049,2026-07,Fonctionnaire,425.14,14,0.3,13,0,0.917,0,2,1,0,28.06,9.01,14.171,0.18,0
ACC-2026-0262,0843075794,2025-08,Enseignant,475.11,28,0.147,2,0,1.0,0,1,0,0,24.25,3.68,19.004,0.22,0
ACC-2026-0262,0843075794,2025-09,Enseignant,475.11,29,0.147,3,0,1.0,0,1,0,0,23.32,3.68,19.004,0.22,0
ACC-2026-0262,0843075794,2025-10,Enseignant,475.11,30,0.147,4,0,1.0,0,1,0,0,25.18,3.68,19.004,0.22,0
ACC-2026-0262,0843075794,2025-11,Enseignant,475.11,31,0.147,5,0,1.0,0,1,0,0,24.61,3.68,19.004,0.22,0
ACC-2026-0262,0843075794,2025-12,Enseignant,475.11,32,0.147,6,0,1.0,0,1,0,0,23.37,3.68,19.004,0.22,0
ACC-2026-0262,0843075794,2026-01,Enseignant,475.11,33,0.147,7,0,1.0,0,1,0,0,23.38,3.68,19.004,0.22,1
ACC-2026-0262,0843075794,2026-02,Enseignant,475.11,34,0.147,8,0,1.0,0,1,0,0,23.17,3.68,19.004,0.22,0
ACC-2026-0262,0843075794,2026-03,Enseignant,475.11,35,0.147,9,0,1.0,0,1,0,0,23.64,3.68,19.004,0.22,0
ACC-2026-0262,0843075794,2026-04,Enseignant,475.11,36,0.147,10,0,1.0,0,1,0,0,24.34,3.68,19.004,0.22,0
ACC-2026-0262,0843075794,2026-05,Enseignant,475.11,37,0.147,11,0,1.0,0,1,0,0,23.42,3.68,19.004,0.22,0
ACC-2026-0262,0843075794,2026-06,Enseignant,475.11,38,0.147,12,0,1.0,0,1,0,0,23.51,3.68,19.004,0.22,0
ACC-2026-0262,0843075794,2026-07,Enseignant,475.11,39,0.147,13,0,1.0,0,1,0,0,23.95,3.68,19.004,0.22,0
ACC-2026-0263,0845585454,2025-08,Chauffeur,300.19,64,0.147,4,0,1.0,0,0,0,0,25.67,3.68,12.008,0.42,0
ACC-2026-0263,0845585454,2025-09,Chauffeur,300.19,65,0.147,5,0,1.0,0,0,0,0,24.62,3.68,12.008,0.42,0
ACC-2026-0263,0845585454,2025-10,Chauffeur,300.19,66,0.147,6,0,1.0,0,0,0,0,24.0,3.68,12.008,0.42,0
ACC-2026-0263,0845585454,2025-11,Chauffeur,300.19,67,0.147,7,0,1.0,0,0,0,0,25.59,3.68,12.008,0.42,0
ACC-2026-0263,0845585454,2025-12,Chauffeur,300.19,68,0.147,8,0,1.0,0,0,0,0,23.76,3.68,12.008,0.42,0
ACC-2026-0263,0845585454,2026-01,Chauffeur,300.19,69,0.147,9,0,1.0,0,0,0,0,25.56,3.68,12.008,0.42,0
ACC-2026-0263,0845585454,2026-02,Chauffeur,300.19,70,0.147,10,0,1.0,0,0,0,0,23.16,3.68,12.008,0.42,0
ACC-2026-0263,0845585454,2026-03,Chauffeur,300.19,71,0.147,11,0,1.0,0,0,0,0,25.74,3.68,12.008,0.42,0
ACC-2026-0263,0845585454,2026-04,Chauffeur,300.19,72,0.147,12,0,1.0,0,0,0,0,25.3,3.68,12.008,0.42,0
ACC-2026-0263,0845585454,2026-05,Chauffeur,300.19,73,0.147,13,0,1.0,0,0,0,0,23.06,3.68,12.008,0.42,0
ACC-2026-0263,0845585454,2026-06,Chauffeur,300.19,74,0.147,14,0,1.0,0,0,0,0,25.9,3.68,12.008,0.42,0
ACC-2026-0263,0845585454,2026-07,Chauffeur,300.19,75,0.147,15,0,1.0,0,0,0,0,24.64,3.68,12.008,0.42,0
ACC-2026-0264,0848439215,2025-08,Chauffeur,158.86,19,0.171,2,0,1.0,0,0,0,0,10.57,1.71,15.886,0.42,0
ACC-2026-0264,0848439215,2025-09,Chauffeur,158.86,20,0.171,3,0,1.0,0,0,0,0,9.9,1.71,15.886,0.42,0
ACC-2026-0264,0848439215,2025-10,Chauffeur,158.86,21,0.171,4,0,1.0,0,0,0,0,10.45,1.71,15.886,0.42,0
ACC-2026-0264,0848439215,2025-11,Chauffeur,158.86,22,0.171,5,0,1.0,0,0,0,0,9.53,1.71,15.886,0.42,0
ACC-2026-0264,0848439215,2025-12,Chauffeur,158.86,23,0.171,6,0,1.0,0,0,0,0,9.48,1.71,15.886,0.42,0
ACC-2026-0264,0848439215,2026-01,Chauffeur,158.86,24,0.171,7,0,1.0,0,0,0,0,9.3,1.71,15.886,0.42,0
ACC-2026-0264,0848439215,2026-02,Chauffeur,158.86,25,0.171,8,0,1.0,0,0,0,0,9.52,1.71,15.886,0.42,0
ACC-2026-0264,0848439215,2026-03,Chauffeur,158.86,26,0.171,9,0,1.0,0,0,0,0,9.63,1.71,15.886,0.42,0
ACC-2026-0264,0848439215,2026-04,Chauffeur,158.86,27,0.171,10,0,1.0,0,0,0,0,10.45,1.71,15.886,0.42,0
ACC-2026-0264,0848439215,2026-05,Chauffeur,158.86,28,0.171,11,0,1.0,0,0,0,0,10.08,1.71,15.886,0.42,0
ACC-2026-0264,0848439215,2026-06,Chauffeur,158.86,29,0.171,12,0,1.0,0,0,0,0,9.79,1.71,15.886,0.42,0
ACC-2026-0264,0848439215,2026-07,Chauffeur,158.86,30,0.171,13,0,1.0,0,0,0,0,10.03,1.71,15.886,0.42,0
ACC-2026-0265,0842056423,2025-08,Chauffeur,368.13,37,0.239,5,0,1.0,0,0,0,0,15.18,3.58,24.542,0.42,0
ACC-2026-0265,0842056423,2025-09,Chauffeur,368.13,38,0.239,6,0,1.0,0,0,0,0,16.15,3.58,24.542,0.42,0
ACC-2026-0265,0842056423,2025-10,Chauffeur,368.13,39,0.239,7,0,1.0,0,0,0,0,15.46,3.58,24.542,0.42,0
ACC-2026-0265,0842056423,2025-11,Chauffeur,368.13,40,0.239,7,0,0.75,0,0,1,30,14.26,3.58,24.542,0.42,0
ACC-2026-0265,0842056423,2025-12,Chauffeur,368.13,41,0.239,8,0,0.8,0,0,1,0,14.4,3.58,24.542,0.42,0
ACC-2026-0265,0842056423,2026-01,Chauffeur,368.13,42,0.239,9,0,0.833,0,0,1,0,15.41,3.58,24.542,0.42,0
ACC-2026-0265,0842056423,2026-02,Chauffeur,368.13,43,0.239,10,0,0.857,0,0,1,0,14.71,3.58,24.542,0.42,0
ACC-2026-0265,0842056423,2026-03,Chauffeur,368.13,44,0.239,11,0,0.875,0,0,1,0,15.86,3.58,24.542,0.42,0
ACC-2026-0265,0842056423,2026-04,Chauffeur,368.13,45,0.239,12,0,0.889,0,0,1,0,14.98,3.58,24.542,0.42,0
ACC-2026-0265,0842056423,2026-05,Chauffeur,368.13,46,0.239,13,0,0.9,0,0,1,0,14.05,3.58,24.542,0.42,0
ACC-2026-0265,0842056423,2026-06,Chauffeur,368.13,47,0.239,14,0,0.909,0,0,1,0,14.29,3.58,24.542,0.42,0
ACC-2026-0265,0842056423,2026-07,Chauffeur,368.13,48,0.239,15,0,0.917,0,1,1,0,15.43,3.58,24.542,0.42,0
ACC-2026-0266,0843277024,2025-08,Enseignant,330.98,28,0.078,1,0,1.0,0,0,0,0,10.67,0.78,33.098,0.22,0
ACC-2026-0266,0843277024,2025-09,Enseignant,330.98,29,0.078,2,0,1.0,0,0,0,0,10.62,0.78,33.098,0.22,0
ACC-2026-0266,0843277024,2025-10,Enseignant,330.98,30,0.078,3,0,1.0,0,0,0,0,10.18,0.78,33.098,0.22,0
ACC-2026-0266,0843277024,2025-11,Enseignant,330.98,31,0.078,4,0,1.0,0,0,0,0,10.39,0.78,33.098,0.22,0
ACC-2026-0266,0843277024,2025-12,Enseignant,330.98,32,0.078,5,0,1.0,0,0,0,0,9.64,0.78,33.098,0.22,0
ACC-2026-0266,0843277024,2026-01,Enseignant,330.98,33,0.078,6,0,1.0,0,0,0,0,10.68,0.78,33.098,0.22,0
ACC-2026-0266,0843277024,2026-02,Enseignant,330.98,34,0.078,7,0,1.0,0,0,0,0,10.62,0.78,33.098,0.22,0
ACC-2026-0266,0843277024,2026-03,Enseignant,330.98,35,0.078,8,0,1.0,0,0,0,0,10.12,0.78,33.098,0.22,0
ACC-2026-0266,0843277024,2026-04,Enseignant,330.98,36,0.078,9,0,1.0,0,0,0,0,10.41,0.78,33.098,0.22,0
ACC-2026-0266,0843277024,2026-05,Enseignant,330.98,37,0.078,10,0,1.0,0,0,0,0,10.77,0.78,33.098,0.22,0
ACC-2026-0266,0843277024,2026-06,Enseignant,330.98,38,0.078,11,0,1.0,0,0,0,0,10.52,0.78,33.098,0.22,0
ACC-2026-0266,0843277024,2026-07,Enseignant,330.98,39,0.078,12,0,1.0,0,0,0,0,10.52,0.78,33.098,0.22,0
ACC-2026-0267,0842028026,2025-08,Chauffeur,327.77,16,0.255,2,0,1.0,0,0,0,0,31.23,7.65,10.926,0.42,0
ACC-2026-0267,0842028026,2025-09,Chauffeur,327.77,17,0.255,3,0,1.0,0,0,0,0,30.9,7.65,10.926,0.42,0
ACC-2026-0267,0842028026,2025-10,Chauffeur,327.77,18,0.255,4,0,1.0,0,0,0,0,28.42,7.65,10.926,0.42,0
ACC-2026-0267,0842028026,2025-11,Chauffeur,327.77,19,0.255,5,0,1.0,0,0,0,0,29.62,7.65,10.926,0.42,0
ACC-2026-0267,0842028026,2025-12,Chauffeur,327.77,20,0.255,6,0,1.0,0,1,0,0,29.59,7.65,10.926,0.42,0
ACC-2026-0267,0842028026,2026-01,Chauffeur,327.77,21,0.255,7,0,1.0,0,1,0,0,31.03,7.65,10.926,0.42,0
ACC-2026-0267,0842028026,2026-02,Chauffeur,327.77,22,0.255,8,0,1.0,0,1,0,0,31.92,7.65,10.926,0.42,0
ACC-2026-0267,0842028026,2026-03,Chauffeur,327.77,23,0.255,9,0,1.0,0,1,0,0,29.18,7.65,10.926,0.42,0
ACC-2026-0267,0842028026,2026-04,Chauffeur,327.77,24,0.255,10,0,1.0,0,1,0,0,30.77,7.65,10.926,0.42,0
ACC-2026-0267,0842028026,2026-05,Chauffeur,327.77,25,0.255,11,0,1.0,0,1,0,0,31.62,7.65,10.926,0.42,0
ACC-2026-0267,0842028026,2026-06,Chauffeur,327.77,26,0.255,12,0,1.0,0,1,0,0,32.05,7.65,10.926,0.42,0
ACC-2026-0267,0842028026,2026-07,Chauffeur,327.77,27,0.255,13,0,1.0,0,1,0,0,29.02,7.65,10.926,0.42,0
ACC-2026-0268,0842527141,2025-08,Vendeur de rue,313.95,15,0.219,1,0,1.0,0,0,0,0,30.96,6.58,10.465,0.62,0
ACC-2026-0268,0842527141,2025-09,Vendeur de rue,313.95,16,0.219,2,0,1.0,0,0,0,0,31.96,6.58,10.465,0.62,0
ACC-2026-0268,0842527141,2025-10,Vendeur de rue,313.95,17,0.219,3,0,1.0,0,0,0,0,30.09,6.58,10.465,0.62,0
ACC-2026-0268,0842527141,2025-11,Vendeur de rue,313.95,18,0.219,4,0,1.0,0,0,0,0,31.96,6.58,10.465,0.62,0
ACC-2026-0268,0842527141,2025-12,Vendeur de rue,313.95,19,0.219,5,0,1.0,0,0,0,0,28.76,6.58,10.465,0.62,0
ACC-2026-0268,0842527141,2026-01,Vendeur de rue,313.95,20,0.219,6,0,1.0,0,0,0,0,28.85,6.58,10.465,0.62,0
ACC-2026-0268,0842527141,2026-02,Vendeur de rue,313.95,21,0.219,7,0,1.0,0,0,0,0,29.65,6.58,10.465,0.62,0
ACC-2026-0268,0842527141,2026-03,Vendeur de rue,313.95,22,0.219,8,0,1.0,0,0,0,0,28.66,6.58,10.465,0.62,0
ACC-2026-0268,0842527141,2026-04,Vendeur de rue,313.95,23,0.219,9,0,1.0,0,0,0,0,27.94,6.58,10.465,0.62,0
ACC-2026-0268,0842527141,2026-05,Vendeur de rue,313.95,24,0.219,10,0,1.0,0,0,0,0,29.14,6.58,10.465,0.62,0
ACC-2026-0268,0842527141,2026-06,Vendeur de rue,313.95,25,0.219,11,0,1.0,0,0,0,0,27.74,6.58,10.465,0.62,0
ACC-2026-0268,0842527141,2026-07,Vendeur de rue,313.95,26,0.219,12,0,1.0,0,0,0,0,30.92,6.58,10.465,0.62,0
ACC-2026-0269,0842403142,2025-08,Commercant independant,343.73,11,0.192,4,0,1.0,0,0,0,0,7.49,1.54,42.966,0.36,0
ACC-2026-0269,0842403142,2025-09,Commercant independant,343.73,12,0.192,5,0,1.0,0,0,0,0,8.37,1.54,42.966,0.36,0
ACC-2026-0269,0842403142,2025-10,Commercant independant,343.73,13,0.192,6,0,1.0,0,0,0,0,8.63,1.54,42.966,0.36,0
ACC-2026-0269,0842403142,2025-11,Commercant independant,343.73,14,0.192,7,0,1.0,0,0,0,0,8.01,1.54,42.966,0.36,0
ACC-2026-0269,0842403142,2025-12,Commercant independant,343.73,15,0.192,8,0,1.0,0,0,0,0,8.06,1.54,42.966,0.36,0
ACC-2026-0269,0842403142,2026-01,Commercant independant,343.73,16,0.192,9,0,1.0,0,0,0,0,7.73,1.54,42.966,0.36,0
ACC-2026-0269,0842403142,2026-02,Commercant independant,343.73,17,0.192,10,0,1.0,0,0,0,0,8.42,1.54,42.966,0.36,0
ACC-2026-0269,0842403142,2026-03,Commercant independant,343.73,18,0.192,11,0,1.0,0,1,0,0,7.85,1.54,42.966,0.36,0
ACC-2026-0269,0842403142,2026-04,Commercant independant,343.73,19,0.192,11,0,0.889,0,1,1,30,8.13,1.54,42.966,0.36,0
ACC-2026-0269,0842403142,2026-05,Commercant independant,343.73,20,0.192,12,0,0.9,0,1,1,0,7.8,1.54,42.966,0.36,0
ACC-2026-0269,0842403142,2026-06,Commercant independant,343.73,21,0.192,13,0,0.909,0,1,1,0,8.04,1.54,42.966,0.36,0
ACC-2026-0269,0842403142,2026-07,Commercant independant,343.73,22,0.192,14,0,0.917,0,1,1,0,7.55,1.54,42.966,0.36,0
ACC-2026-0270,0846396230,2025-08,Commercant independant,182.16,7,0.132,2,0,1.0,0,0,0,0,14.7,1.97,12.144,0.36,0
ACC-2026-0270,0846396230,2025-09,Commercant independant,182.16,8,0.132,3,0,1.0,0,0,0,0,13.93,1.97,12.144,0.36,0
ACC-2026-0270,0846396230,2025-10,Commercant independant,182.16,9,0.132,4,0,1.0,0,0,0,0,15.14,1.97,12.144,0.36,0
ACC-2026-0270,0846396230,2025-11,Commercant independant,182.16,10,0.132,4,0,0.75,0,0,1,30,15.3,1.97,12.144,0.36,0
ACC-2026-0270,0846396230,2025-12,Commercant independant,182.16,11,0.132,5,0,0.8,0,0,1,0,14.24,1.97,12.144,0.36,0
ACC-2026-0270,0846396230,2026-01,Commercant independant,182.16,12,0.132,6,0,0.833,0,1,1,0,14.09,1.97,12.144,0.36,0
ACC-2026-0270,0846396230,2026-02,Commercant independant,182.16,13,0.132,7,0,0.857,0,1,1,0,15.13,1.97,12.144,0.36,1
ACC-2026-0270,0846396230,2026-03,Commercant independant,182.16,14,0.132,8,0,0.875,0,1,1,0,14.42,1.97,12.144,0.36,0
ACC-2026-0270,0846396230,2026-04,Commercant independant,182.16,15,0.132,9,0,0.889,0,1,1,0,15.0,1.97,12.144,0.36,0
ACC-2026-0270,0846396230,2026-05,Commercant independant,182.16,16,0.132,10,0,0.9,0,1,1,0,15.63,1.97,12.144,0.36,0
ACC-2026-0270,0846396230,2026-06,Commercant independant,182.16,17,0.132,11,0,0.909,0,1,1,0,14.17,1.97,12.144,0.36,0
ACC-2026-0270,0846396230,2026-07,Commercant independant,182.16,18,0.132,12,0,0.917,0,1,1,0,14.51,1.97,12.144,0.36,0
ACC-2026-0271,0846158936,2025-08,Commercant independant,370.83,54,0.103,5,0,1.0,0,0,0,0,28.1,3.09,12.361,0.36,0
ACC-2026-0271,0846158936,2025-09,Commercant independant,370.83,55,0.103,6,0,1.0,0,0,0,0,27.8,3.09,12.361,0.36,0
ACC-2026-0271,0846158936,2025-10,Commercant independant,370.83,56,0.103,7,0,1.0,0,0,0,0,28.35,3.09,12.361,0.36,0
ACC-2026-0271,0846158936,2025-11,Commercant independant,370.83,57,0.103,8,0,1.0,0,0,0,0,31.79,3.09,12.361,0.36,0
ACC-2026-0271,0846158936,2025-12,Commercant independant,370.83,58,0.103,9,0,1.0,0,0,0,0,29.37,3.09,12.361,0.36,0
ACC-2026-0271,0846158936,2026-01,Commercant independant,370.83,59,0.103,10,0,1.0,0,0,0,0,31.75,3.09,12.361,0.36,0
ACC-2026-0271,0846158936,2026-02,Commercant independant,370.83,60,0.103,11,0,1.0,0,0,0,0,29.08,3.09,12.361,0.36,0
ACC-2026-0271,0846158936,2026-03,Commercant independant,370.83,61,0.103,12,0,1.0,0,0,0,0,32.21,3.09,12.361,0.36,0
ACC-2026-0271,0846158936,2026-04,Commercant independant,370.83,62,0.103,12,0,0.889,0,0,1,30,28.68,3.09,12.361,0.36,0
ACC-2026-0271,0846158936,2026-05,Commercant independant,370.83,63,0.103,13,0,0.9,0,0,1,0,30.09,3.09,12.361,0.36,0
ACC-2026-0271,0846158936,2026-06,Commercant independant,370.83,64,0.103,14,0,0.909,0,0,1,0,28.24,3.09,12.361,0.36,0
ACC-2026-0271,0846158936,2026-07,Commercant independant,370.83,65,0.103,15,0,0.917,0,0,1,0,29.23,3.09,12.361,0.36,0
ACC-2026-0272,0845888482,2025-08,Enseignant,426.01,28,0.174,3,0,1.0,0,0,0,0,10.04,1.74,42.601,0.22,0
ACC-2026-0272,0845888482,2025-09,Enseignant,426.01,29,0.174,4,0,1.0,0,0,0,0,10.37,1.74,42.601,0.22,0
ACC-2026-0272,0845888482,2025-10,Enseignant,426.01,30,0.174,5,0,1.0,0,0,0,0,10.34,1.74,42.601,0.22,0
ACC-2026-0272,0845888482,2025-11,Enseignant,426.01,31,0.174,6,0,1.0,0,0,0,0,9.4,1.74,42.601,0.22,0
ACC-2026-0272,0845888482,2025-12,Enseignant,426.01,32,0.174,7,0,1.0,0,0,0,0,9.35,1.74,42.601,0.22,0
ACC-2026-0272,0845888482,2026-01,Enseignant,426.01,33,0.174,8,0,1.0,0,0,0,0,10.23,1.74,42.601,0.22,1
ACC-2026-0272,0845888482,2026-02,Enseignant,426.01,34,0.174,9,0,1.0,0,0,0,0,9.26,1.74,42.601,0.22,0
ACC-2026-0272,0845888482,2026-03,Enseignant,426.01,35,0.174,10,0,1.0,0,0,0,0,10.42,1.74,42.601,0.22,0
ACC-2026-0272,0845888482,2026-04,Enseignant,426.01,36,0.174,11,0,1.0,0,0,0,0,9.35,1.74,42.601,0.22,0
ACC-2026-0272,0845888482,2026-05,Enseignant,426.01,37,0.174,12,0,1.0,0,0,0,0,10.35,1.74,42.601,0.22,1
ACC-2026-0272,0845888482,2026-06,Enseignant,426.01,38,0.174,13,0,1.0,0,0,0,0,9.53,1.74,42.601,0.22,0
ACC-2026-0272,0845888482,2026-07,Enseignant,426.01,39,0.174,14,0,1.0,0,0,0,0,9.74,1.74,42.601,0.22,0
ACC-2026-0273,0849789075,2025-08,Vendeur de rue,271.72,61,0.311,3,0,1.0,0,0,0,0,31.55,9.34,9.057,0.62,0
ACC-2026-0273,0849789075,2025-09,Vendeur de rue,271.72,62,0.311,4,0,1.0,0,0,0,0,32.0,9.34,9.057,0.62,0
ACC-2026-0273,0849789075,2025-10,Vendeur de rue,271.72,63,0.311,5,0,1.0,0,0,0,0,30.53,9.34,9.057,0.62,0
ACC-2026-0273,0849789075,2025-11,Vendeur de rue,271.72,64,0.311,6,0,1.0,0,1,0,0,30.5,9.34,9.057,0.62,0
ACC-2026-0273,0849789075,2025-12,Vendeur de rue,271.72,65,0.311,7,0,1.0,0,1,0,0,30.36,9.34,9.057,0.62,0
ACC-2026-0273,0849789075,2026-01,Vendeur de rue,271.72,66,0.311,8,0,1.0,0,1,0,0,30.14,9.34,9.057,0.62,1
ACC-2026-0273,0849789075,2026-02,Vendeur de rue,271.72,67,0.311,8,0,0.857,1,1,0,30,32.39,9.34,9.057,0.62,0
ACC-2026-0273,0849789075,2026-03,Vendeur de rue,271.72,68,0.311,9,0,0.875,1,1,0,0,28.63,9.34,9.057,0.62,0
ACC-2026-0273,0849789075,2026-04,Vendeur de rue,271.72,69,0.311,10,0,0.889,1,1,0,0,28.92,9.34,9.057,0.62,1
ACC-2026-0273,0849789075,2026-05,Vendeur de rue,271.72,70,0.311,11,0,0.9,1,1,0,0,27.78,9.34,9.057,0.62,0
ACC-2026-0273,0849789075,2026-06,Vendeur de rue,271.72,71,0.311,11,0,0.818,2,1,0,30,30.17,9.34,9.057,0.62,1
ACC-2026-0273,0849789075,2026-07,Vendeur de rue,271.72,72,0.311,12,0,0.833,2,1,0,0,27.7,12.34,9.057,0.62,0
ACC-2026-0274,0847635331,2025-08,Commercant independant,419.08,6,0.193,1,0,1.0,0,0,0,0,24.71,4.82,16.763,0.36,0
ACC-2026-0274,0847635331,2025-09,Commercant independant,419.08,7,0.193,2,0,1.0,0,0,0,0,26.5,4.82,16.763,0.36,0
ACC-2026-0274,0847635331,2025-10,Commercant independant,419.08,8,0.193,3,0,1.0,0,0,0,0,24.59,4.82,16.763,0.36,0
ACC-2026-0274,0847635331,2025-11,Commercant independant,419.08,9,0.193,4,0,1.0,0,0,0,0,24.55,4.82,16.763,0.36,1
ACC-2026-0274,0847635331,2025-12,Commercant independant,419.08,10,0.193,5,0,1.0,0,0,0,0,23.85,4.82,16.763,0.36,0
ACC-2026-0274,0847635331,2026-01,Commercant independant,419.08,11,0.193,6,0,1.0,0,0,0,0,24.36,4.82,16.763,0.36,0
ACC-2026-0274,0847635331,2026-02,Commercant independant,419.08,12,0.193,7,0,1.0,0,0,0,0,24.74,4.82,16.763,0.36,0
ACC-2026-0274,0847635331,2026-03,Commercant independant,419.08,13,0.193,8,0,1.0,0,0,0,0,26.05,4.82,16.763,0.36,0
ACC-2026-0274,0847635331,2026-04,Commercant independant,419.08,14,0.193,9,0,1.0,0,0,0,0,25.1,4.82,16.763,0.36,0
ACC-2026-0274,0847635331,2026-05,Commercant independant,419.08,15,0.193,9,0,0.9,0,0,1,30,23.97,4.82,16.763,0.36,1
ACC-2026-0274,0847635331,2026-06,Commercant independant,419.08,16,0.193,10,0,0.909,0,0,1,0,24.79,4.82,16.763,0.36,0
ACC-2026-0274,0847635331,2026-07,Commercant independant,419.08,17,0.193,11,0,0.917,0,0,1,0,25.67,4.82,16.763,0.36,0
ACC-2026-0275,0843290010,2025-08,Commercant independant,365.37,16,0.098,3,0,1.0,0,0,0,0,8.25,0.79,45.671,0.36,0
ACC-2026-0275,0843290010,2025-09,Commercant independant,365.37,17,0.098,4,0,1.0,0,0,0,0,8.08,0.79,45.671,0.36,0
ACC-2026-0275,0843290010,2025-10,Commercant independant,365.37,18,0.098,5,0,1.0,0,0,0,0,7.59,0.79,45.671,0.36,0
ACC-2026-0275,0843290010,2025-11,Commercant independant,365.37,19,0.098,6,0,1.0,0,0,0,0,8.11,0.79,45.671,0.36,0
ACC-2026-0275,0843290010,2025-12,Commercant independant,365.37,20,0.098,7,0,1.0,0,0,0,0,8.16,0.79,45.671,0.36,0
ACC-2026-0275,0843290010,2026-01,Commercant independant,365.37,21,0.098,8,0,1.0,0,0,0,0,7.84,0.79,45.671,0.36,0
ACC-2026-0275,0843290010,2026-02,Commercant independant,365.37,22,0.098,9,0,1.0,0,0,0,0,8.13,0.79,45.671,0.36,0
ACC-2026-0275,0843290010,2026-03,Commercant independant,365.37,23,0.098,10,0,1.0,0,0,0,0,8.62,0.79,45.671,0.36,0
ACC-2026-0275,0843290010,2026-04,Commercant independant,365.37,24,0.098,11,0,1.0,0,0,0,0,8.05,0.79,45.671,0.36,0
ACC-2026-0275,0843290010,2026-05,Commercant independant,365.37,25,0.098,12,0,1.0,0,0,0,0,7.68,0.79,45.671,0.36,0
ACC-2026-0275,0843290010,2026-06,Commercant independant,365.37,26,0.098,12,0,0.909,0,0,1,30,8.0,0.79,45.671,0.36,0
ACC-2026-0275,0843290010,2026-07,Commercant independant,365.37,27,0.098,13,0,0.917,0,0,1,0,7.61,0.79,45.671,0.36,0
ACC-2026-0276,0844103023,2025-08,Vendeur de rue,387.68,29,0.324,4,0,1.0,0,0,0,0,15.14,4.86,25.845,0.62,0
ACC-2026-0276,0844103023,2025-09,Vendeur de rue,387.68,30,0.324,5,0,1.0,0,0,0,0,16.18,4.86,25.845,0.62,0
ACC-2026-0276,0844103023,2025-10,Vendeur de rue,387.68,31,0.324,6,0,1.0,0,1,0,0,15.63,4.86,25.845,0.62,1
ACC-2026-0276,0844103023,2025-11,Vendeur de rue,387.68,32,0.324,7,0,1.0,0,1,0,0,15.6,4.86,25.845,0.62,0
ACC-2026-0276,0844103023,2025-12,Vendeur de rue,387.68,33,0.324,8,0,1.0,0,1,0,0,15.05,4.86,25.845,0.62,0
ACC-2026-0276,0844103023,2026-01,Vendeur de rue,387.68,34,0.324,9,0,1.0,0,1,0,0,14.67,4.86,25.845,0.62,0
ACC-2026-0276,0844103023,2026-02,Vendeur de rue,387.68,35,0.324,9,0,0.857,1,1,0,30,15.95,4.86,25.845,0.62,0
ACC-2026-0276,0844103023,2026-03,Vendeur de rue,387.68,36,0.324,10,0,0.875,1,1,0,0,15.79,4.86,25.845,0.62,0
ACC-2026-0276,0844103023,2026-04,Vendeur de rue,387.68,37,0.324,11,0,0.889,1,1,0,0,14.08,4.86,25.845,0.62,0
ACC-2026-0276,0844103023,2026-05,Vendeur de rue,387.68,38,0.324,12,0,0.9,1,1,0,0,14.62,4.86,25.845,0.62,0
ACC-2026-0276,0844103023,2026-06,Vendeur de rue,387.68,39,0.324,12,0,0.818,2,1,0,30,15.22,4.86,25.845,0.62,0
ACC-2026-0276,0844103023,2026-07,Vendeur de rue,387.68,40,0.324,13,0,0.833,2,1,0,0,14.44,6.36,25.845,0.62,0
ACC-2026-0277,0847346755,2025-08,Commercant independant,204.79,28,0.172,4,0,1.0,0,0,0,0,8.42,1.38,25.599,0.36,0
ACC-2026-0277,0847346755,2025-09,Commercant independant,204.79,29,0.172,5,0,1.0,0,0,0,0,7.76,1.38,25.599,0.36,0
ACC-2026-0277,0847346755,2025-10,Commercant independant,204.79,30,0.172,6,0,1.0,0,0,0,0,8.44,1.38,25.599,0.36,0
ACC-2026-0277,0847346755,2025-11,Commercant independant,204.79,31,0.172,7,0,1.0,0,0,0,0,8.11,1.38,25.599,0.36,0
ACC-2026-0277,0847346755,2025-12,Commercant independant,204.79,32,0.172,8,0,1.0,0,0,0,0,8.51,1.38,25.599,0.36,0
ACC-2026-0277,0847346755,2026-01,Commercant independant,204.79,33,0.172,9,0,1.0,0,0,0,0,8.32,1.38,25.599,0.36,0
ACC-2026-0277,0847346755,2026-02,Commercant independant,204.79,34,0.172,10,0,1.0,0,0,0,0,8.13,1.38,25.599,0.36,0
ACC-2026-0277,0847346755,2026-03,Commercant independant,204.79,35,0.172,11,0,1.0,0,0,0,0,7.51,1.38,25.599,0.36,0
ACC-2026-0277,0847346755,2026-04,Commercant independant,204.79,36,0.172,12,0,1.0,0,0,0,0,7.46,1.38,25.599,0.36,0
ACC-2026-0277,0847346755,2026-05,Commercant independant,204.79,37,0.172,13,0,1.0,0,0,0,0,8.41,1.38,25.599,0.36,0
ACC-2026-0277,0847346755,2026-06,Commercant independant,204.79,38,0.172,14,0,1.0,0,0,0,0,7.43,1.38,25.599,0.36,0
ACC-2026-0277,0847346755,2026-07,Commercant independant,204.79,39,0.172,15,0,1.0,0,0,0,0,7.45,1.38,25.599,0.36,1
ACC-2026-0278,0847841598,2025-08,Agriculteur,169.63,67,0.266,4,0,1.0,0,0,0,0,10.2,2.66,16.963,0.46,0
ACC-2026-0278,0847841598,2025-09,Agriculteur,169.63,68,0.266,5,0,1.0,0,0,0,0,9.63,2.66,16.963,0.46,0
ACC-2026-0278,0847841598,2025-10,Agriculteur,169.63,69,0.266,6,0,1.0,0,0,0,0,9.83,2.66,16.963,0.46,0
ACC-2026-0278,0847841598,2025-11,Agriculteur,169.63,70,0.266,7,0,1.0,0,0,0,0,10.36,2.66,16.963,0.46,0
ACC-2026-0278,0847841598,2025-12,Agriculteur,169.63,71,0.266,8,0,1.0,0,0,0,0,9.42,2.66,16.963,0.46,0
ACC-2026-0278,0847841598,2026-01,Agriculteur,169.63,72,0.266,9,0,1.0,0,0,0,0,9.99,2.66,16.963,0.46,0
ACC-2026-0278,0847841598,2026-02,Agriculteur,169.63,73,0.266,10,0,1.0,0,0,0,0,9.28,2.66,16.963,0.46,0
ACC-2026-0278,0847841598,2026-03,Agriculteur,169.63,74,0.266,11,0,1.0,0,0,0,0,10.43,2.66,16.963,0.46,0
ACC-2026-0278,0847841598,2026-04,Agriculteur,169.63,75,0.266,12,0,1.0,0,0,0,0,10.05,2.66,16.963,0.46,0
ACC-2026-0278,0847841598,2026-05,Agriculteur,169.63,76,0.266,13,0,1.0,0,0,0,0,9.57,2.66,16.963,0.46,0
ACC-2026-0278,0847841598,2026-06,Agriculteur,169.63,77,0.266,14,0,1.0,0,0,0,0,10.34,2.66,16.963,0.46,0
ACC-2026-0278,0847841598,2026-07,Agriculteur,169.63,78,0.266,15,0,1.0,0,0,0,0,9.37,2.66,16.963,0.46,1
ACC-2026-0279,0841178532,2025-08,Enseignant,558.27,14,0.115,1,0,1.0,0,0,0,0,7.64,0.92,69.784,0.22,0
ACC-2026-0279,0841178532,2025-09,Enseignant,558.27,15,0.115,2,0,1.0,0,0,0,0,7.77,0.92,69.784,0.22,0
ACC-2026-0279,0841178532,2025-10,Enseignant,558.27,16,0.115,3,0,1.0,0,0,0,0,7.84,0.92,69.784,0.22,0
ACC-2026-0279,0841178532,2025-11,Enseignant,558.27,17,0.115,4,0,1.0,0,0,0,0,8.06,0.92,69.784,0.22,0
ACC-2026-0279,0841178532,2025-12,Enseignant,558.27,18,0.115,5,0,1.0,0,0,0,0,7.58,0.92,69.784,0.22,1
ACC-2026-0279,0841178532,2026-01,Enseignant,558.27,19,0.115,6,0,1.0,0,0,0,0,7.74,0.92,69.784,0.22,0
ACC-2026-0279,0841178532,2026-02,Enseignant,558.27,20,0.115,7,0,1.0,0,0,0,0,7.72,0.92,69.784,0.22,0
ACC-2026-0279,0841178532,2026-03,Enseignant,558.27,21,0.115,8,0,1.0,0,0,0,0,8.42,0.92,69.784,0.22,0
ACC-2026-0279,0841178532,2026-04,Enseignant,558.27,22,0.115,9,0,1.0,0,0,0,0,8.52,0.92,69.784,0.22,0
ACC-2026-0279,0841178532,2026-05,Enseignant,558.27,23,0.115,10,0,1.0,0,0,0,0,8.53,0.92,69.784,0.22,0
ACC-2026-0279,0841178532,2026-06,Enseignant,558.27,24,0.115,11,0,1.0,0,0,0,0,8.48,0.92,69.784,0.22,0
ACC-2026-0279,0841178532,2026-07,Enseignant,558.27,25,0.115,12,0,1.0,0,0,0,0,7.49,0.92,69.784,0.22,0
ACC-2026-0280,0848044211,2025-08,Enseignant,368.27,70,0.137,4,0,1.0,0,0,0,0,15.45,2.05,24.551,0.22,0
ACC-2026-0280,0848044211,2025-09,Enseignant,368.27,71,0.137,5,0,1.0,0,0,0,0,14.36,2.05,24.551,0.22,0
ACC-2026-0280,0848044211,2025-10,Enseignant,368.27,72,0.137,6,0,1.0,0,0,0,0,15.04,2.05,24.551,0.22,0
ACC-2026-0280,0848044211,2025-11,Enseignant,368.27,73,0.137,7,0,1.0,0,0,0,0,14.61,2.05,24.551,0.22,0
ACC-2026-0280,0848044211,2025-12,Enseignant,368.27,74,0.137,8,0,1.0,0,0,0,0,14.98,2.05,24.551,0.22,0
ACC-2026-0280,0848044211,2026-01,Enseignant,368.27,75,0.137,9,0,1.0,0,0,0,0,14.77,2.05,24.551,0.22,0
ACC-2026-0280,0848044211,2026-02,Enseignant,368.27,76,0.137,10,0,1.0,0,0,0,0,13.95,2.05,24.551,0.22,0
ACC-2026-0280,0848044211,2026-03,Enseignant,368.27,77,0.137,11,0,1.0,0,0,0,0,15.04,2.05,24.551,0.22,0
ACC-2026-0280,0848044211,2026-04,Enseignant,368.27,78,0.137,11,0,0.889,0,0,1,30,15.63,2.05,24.551,0.22,0
ACC-2026-0280,0848044211,2026-05,Enseignant,368.27,79,0.137,12,0,0.9,0,0,1,0,14.21,2.05,24.551,0.22,0
ACC-2026-0280,0848044211,2026-06,Enseignant,368.27,80,0.137,13,0,0.909,0,0,1,0,14.01,2.05,24.551,0.22,0
ACC-2026-0280,0848044211,2026-07,Enseignant,368.27,81,0.137,14,0,0.917,0,0,1,0,15.67,2.05,24.551,0.22,0
ACC-2026-0281,0842759945,2025-08,Agriculteur,270.28,10,0.231,2,0,1.0,0,1,0,0,25.28,5.78,10.811,0.46,0
ACC-2026-0281,0842759945,2025-09,Agriculteur,270.28,11,0.231,3,0,1.0,0,1,0,0,25.38,5.78,10.811,0.46,0
ACC-2026-0281,0842759945,2025-10,Agriculteur,270.28,12,0.231,4,0,1.0,0,1,0,0,24.07,5.78,10.811,0.46,0
ACC-2026-0281,0842759945,2025-11,Agriculteur,270.28,13,0.231,5,0,1.0,0,1,0,0,25.19,5.78,10.811,0.46,0
ACC-2026-0281,0842759945,2025-12,Agriculteur,270.28,14,0.231,6,0,1.0,0,1,0,0,23.15,5.78,10.811,0.46,1
ACC-2026-0281,0842759945,2026-01,Agriculteur,270.28,15,0.231,7,0,1.0,0,1,0,0,25.92,5.78,10.811,0.46,0
ACC-2026-0281,0842759945,2026-02,Agriculteur,270.28,16,0.231,8,0,1.0,0,1,0,0,25.39,5.78,10.811,0.46,0
ACC-2026-0281,0842759945,2026-03,Agriculteur,270.28,17,0.231,9,0,1.0,0,1,0,0,23.52,5.78,10.811,0.46,0
ACC-2026-0281,0842759945,2026-04,Agriculteur,270.28,18,0.231,10,0,1.0,0,1,0,0,25.05,5.78,10.811,0.46,0
ACC-2026-0281,0842759945,2026-05,Agriculteur,270.28,19,0.231,11,0,1.0,0,1,0,0,24.81,5.78,10.811,0.46,0
ACC-2026-0281,0842759945,2026-06,Agriculteur,270.28,20,0.231,12,0,1.0,0,1,0,0,26.65,5.78,10.811,0.46,0
ACC-2026-0281,0842759945,2026-07,Agriculteur,270.28,21,0.231,13,0,1.0,0,1,0,0,23.72,5.78,10.811,0.46,0
ACC-2026-0282,0847551438,2025-08,Commercant independant,363.69,70,0.112,5,0,1.0,0,0,0,0,29.43,3.36,12.123,0.36,0
ACC-2026-0282,0847551438,2025-09,Commercant independant,363.69,71,0.112,6,0,1.0,0,0,0,0,30.79,3.36,12.123,0.36,0
ACC-2026-0282,0847551438,2025-10,Commercant independant,363.69,72,0.112,7,0,1.0,0,0,0,0,30.2,3.36,12.123,0.36,0
ACC-2026-0282,0847551438,2025-11,Commercant independant,363.69,73,0.112,8,0,1.0,0,0,0,0,29.99,3.36,12.123,0.36,0
ACC-2026-0282,0847551438,2025-12,Commercant independant,363.69,74,0.112,9,0,1.0,0,0,0,0,30.08,3.36,12.123,0.36,0
ACC-2026-0282,0847551438,2026-01,Commercant independant,363.69,75,0.112,10,0,1.0,0,1,0,0,30.69,3.36,12.123,0.36,0
ACC-2026-0282,0847551438,2026-02,Commercant independant,363.69,76,0.112,11,0,1.0,0,1,0,0,28.49,3.36,12.123,0.36,0
ACC-2026-0282,0847551438,2026-03,Commercant independant,363.69,77,0.112,11,0,0.875,1,1,0,30,28.89,3.36,12.123,0.36,0
ACC-2026-0282,0847551438,2026-04,Commercant independant,363.69,78,0.112,12,0,0.889,1,1,0,0,32.37,3.36,12.123,0.36,0
ACC-2026-0282,0847551438,2026-05,Commercant independant,363.69,79,0.112,13,0,0.9,1,1,0,0,30.33,3.36,12.123,0.36,0
ACC-2026-0282,0847551438,2026-06,Commercant independant,363.69,80,0.112,14,0,0.909,1,1,0,0,30.2,3.36,12.123,0.36,0
ACC-2026-0282,0847551438,2026-07,Commercant independant,363.69,81,0.112,15,0,0.917,1,1,0,0,28.81,3.36,12.123,0.36,0
ACC-2026-0283,0847611347,2025-08,Enseignant,278.6,38,0.121,2,0,1.0,0,0,0,0,10.38,1.21,27.86,0.22,0
ACC-2026-0283,0847611347,2025-09,Enseignant,278.6,39,0.121,3,0,1.0,0,0,0,0,9.56,1.21,27.86,0.22,0
ACC-2026-0283,0847611347,2025-10,Enseignant,278.6,40,0.121,4,0,1.0,0,0,0,0,10.12,1.21,27.86,0.22,0
ACC-2026-0283,0847611347,2025-11,Enseignant,278.6,41,0.121,5,0,1.0,0,0,0,0,10.3,1.21,27.86,0.22,0
ACC-2026-0283,0847611347,2025-12,Enseignant,278.6,42,0.121,6,0,1.0,0,0,0,0,10.36,1.21,27.86,0.22,0
ACC-2026-0283,0847611347,2026-01,Enseignant,278.6,43,0.121,7,0,1.0,0,0,0,0,9.82,1.21,27.86,0.22,0
ACC-2026-0283,0847611347,2026-02,Enseignant,278.6,44,0.121,8,0,1.0,0,0,0,0,9.55,1.21,27.86,0.22,0
ACC-2026-0283,0847611347,2026-03,Enseignant,278.6,45,0.121,9,0,1.0,0,0,0,0,10.3,1.21,27.86,0.22,0
ACC-2026-0283,0847611347,2026-04,Enseignant,278.6,46,0.121,10,0,1.0,0,0,0,0,9.37,1.21,27.86,0.22,0
ACC-2026-0283,0847611347,2026-05,Enseignant,278.6,47,0.121,10,0,0.9,0,0,1,30,10.23,1.21,27.86,0.22,0
ACC-2026-0283,0847611347,2026-06,Enseignant,278.6,48,0.121,11,0,0.909,0,0,1,0,10.09,1.21,27.86,0.22,0
ACC-2026-0283,0847611347,2026-07,Enseignant,278.6,49,0.121,12,0,0.917,0,0,1,0,10.29,1.21,27.86,0.22,0
ACC-2026-0284,0844257456,2025-08,Infirmier,492.21,16,0.171,4,0,0.0,1,0,0,365,31.6,5.13,16.407,0.24,0
ACC-2026-0284,0844257456,2025-09,Infirmier,492.21,17,0.171,5,0,0.5,1,0,0,0,28.56,5.13,16.407,0.24,0
ACC-2026-0284,0844257456,2025-10,Infirmier,492.21,18,0.171,6,0,0.667,1,0,0,0,31.41,5.13,16.407,0.24,0
ACC-2026-0284,0844257456,2025-11,Infirmier,492.21,19,0.171,7,0,0.75,1,0,0,0,28.02,5.13,16.407,0.24,0
ACC-2026-0284,0844257456,2025-12,Infirmier,492.21,20,0.171,8,0,0.8,1,0,0,0,28.57,5.13,16.407,0.24,0
ACC-2026-0284,0844257456,2026-01,Infirmier,492.21,21,0.171,9,0,0.833,1,0,0,0,28.63,5.13,16.407,0.24,0
ACC-2026-0284,0844257456,2026-02,Infirmier,492.21,22,0.171,10,0,0.857,1,0,0,0,28.07,5.13,16.407,0.24,0
ACC-2026-0284,0844257456,2026-03,Infirmier,492.21,23,0.171,11,0,0.875,1,0,0,0,27.68,5.13,16.407,0.24,0
ACC-2026-0284,0844257456,2026-04,Infirmier,492.21,24,0.171,12,0,0.889,1,0,0,0,31.75,5.13,16.407,0.24,0
ACC-2026-0284,0844257456,2026-05,Infirmier,492.21,25,0.171,13,0,0.9,1,0,0,0,28.02,5.13,16.407,0.24,0
ACC-2026-0284,0844257456,2026-06,Infirmier,492.21,26,0.171,14,0,0.909,1,0,0,0,30.14,5.13,16.407,0.24,0
ACC-2026-0284,0844257456,2026-07,Infirmier,492.21,27,0.171,15,0,0.917,1,0,0,0,30.3,5.13,16.407,0.24,0
ACC-2026-0285,0849019741,2025-08,Fonctionnaire,343.24,66,0.09,3,0,1.0,0,0,0,0,26.56,2.26,13.73,0.18,0
ACC-2026-0285,0849019741,2025-09,Fonctionnaire,343.24,67,0.09,4,0,1.0,0,0,0,0,26.1,2.26,13.73,0.18,0
ACC-2026-0285,0849019741,2025-10,Fonctionnaire,343.24,68,0.09,5,0,1.0,0,0,0,0,25.33,2.26,13.73,0.18,0
ACC-2026-0285,0849019741,2025-11,Fonctionnaire,343.24,69,0.09,6,0,1.0,0,0,0,0,24.12,2.26,13.73,0.18,0
ACC-2026-0285,0849019741,2025-12,Fonctionnaire,343.24,70,0.09,7,0,1.0,0,0,0,0,25.04,2.26,13.73,0.18,0
ACC-2026-0285,0849019741,2026-01,Fonctionnaire,343.24,71,0.09,8,0,1.0,0,0,0,0,25.53,2.26,13.73,0.18,0
ACC-2026-0285,0849019741,2026-02,Fonctionnaire,343.24,72,0.09,9,0,1.0,0,0,0,0,26.47,2.26,13.73,0.18,0
ACC-2026-0285,0849019741,2026-03,Fonctionnaire,343.24,73,0.09,10,0,1.0,0,0,0,0,25.01,2.26,13.73,0.18,0
ACC-2026-0285,0849019741,2026-04,Fonctionnaire,343.24,74,0.09,11,0,1.0,0,0,0,0,23.33,2.26,13.73,0.18,0
ACC-2026-0285,0849019741,2026-05,Fonctionnaire,343.24,75,0.09,12,0,1.0,0,1,0,0,26.73,2.26,13.73,0.18,0
ACC-2026-0285,0849019741,2026-06,Fonctionnaire,343.24,76,0.09,13,0,1.0,0,1,0,0,24.23,2.26,13.73,0.18,0
ACC-2026-0285,0849019741,2026-07,Fonctionnaire,343.24,77,0.09,14,0,1.0,0,1,0,0,23.29,2.26,13.73,0.18,0
ACC-2026-0286,0842941686,2025-08,Agriculteur,358.09,41,0.16,3,0,1.0,0,0,0,0,7.4,1.28,44.761,0.46,0
ACC-2026-0286,0842941686,2025-09,Agriculteur,358.09,42,0.16,4,0,1.0,0,0,0,0,7.59,1.28,44.761,0.46,0
ACC-2026-0286,0842941686,2025-10,Agriculteur,358.09,43,0.16,5,0,1.0,0,0,0,0,8.03,1.28,44.761,0.46,0
ACC-2026-0286,0842941686,2025-11,Agriculteur,358.09,44,0.16,6,0,1.0,0,0,0,0,7.99,1.28,44.761,0.46,0
ACC-2026-0286,0842941686,2025-12,Agriculteur,358.09,45,0.16,7,0,1.0,0,0,0,0,7.64,1.28,44.761,0.46,0
ACC-2026-0286,0842941686,2026-01,Agriculteur,358.09,46,0.16,8,0,1.0,0,0,0,0,8.58,1.28,44.761,0.46,0
ACC-2026-0286,0842941686,2026-02,Agriculteur,358.09,47,0.16,8,0,0.857,0,0,1,30,7.83,1.28,44.761,0.46,0
ACC-2026-0286,0842941686,2026-03,Agriculteur,358.09,48,0.16,9,0,0.875,0,0,1,0,7.83,1.28,44.761,0.46,0
ACC-2026-0286,0842941686,2026-04,Agriculteur,358.09,49,0.16,10,0,0.889,0,0,1,0,8.39,1.28,44.761,0.46,0
ACC-2026-0286,0842941686,2026-05,Agriculteur,358.09,50,0.16,11,0,0.9,0,0,1,0,8.3,1.28,44.761,0.46,0
ACC-2026-0286,0842941686,2026-06,Agriculteur,358.09,51,0.16,12,0,0.909,0,0,1,0,7.54,1.28,44.761,0.46,1
ACC-2026-0286,0842941686,2026-07,Agriculteur,358.09,52,0.16,13,0,0.917,0,0,1,0,7.48,1.28,44.761,0.46,1
ACC-2026-0287,0842507449,2025-08,Commercant independant,251.44,27,0.17,2,0,0.0,0,0,1,365,28.39,5.11,8.381,0.36,0
ACC-2026-0287,0842507449,2025-09,Commercant independant,251.44,28,0.17,3,0,0.5,0,0,1,0,29.79,5.11,8.381,0.36,0
ACC-2026-0287,0842507449,2025-10,Commercant independant,251.44,29,0.17,4,0,0.667,0,0,1,0,29.14,5.11,8.381,0.36,0
ACC-2026-0287,0842507449,2025-11,Commercant independant,251.44,30,0.17,5,0,0.75,0,0,1,0,29.92,5.11,8.381,0.36,0
ACC-2026-0287,0842507449,2025-12,Commercant independant,251.44,31,0.17,6,0,0.8,0,0,1,0,29.16,5.11,8.381,0.36,0
ACC-2026-0287,0842507449,2026-01,Commercant independant,251.44,32,0.17,7,0,0.833,0,0,1,0,30.81,5.11,8.381,0.36,0
ACC-2026-0287,0842507449,2026-02,Commercant independant,251.44,33,0.17,8,0,0.857,0,0,1,0,31.1,5.11,8.381,0.36,0
ACC-2026-0287,0842507449,2026-03,Commercant independant,251.44,34,0.17,9,0,0.875,0,0,1,0,29.71,5.11,8.381,0.36,0
ACC-2026-0287,0842507449,2026-04,Commercant independant,251.44,35,0.17,10,0,0.889,0,1,1,0,30.9,5.11,8.381,0.36,0
ACC-2026-0287,0842507449,2026-05,Commercant independant,251.44,36,0.17,11,0,0.9,0,1,1,0,32.04,5.11,8.381,0.36,0
ACC-2026-0287,0842507449,2026-06,Commercant independant,251.44,37,0.17,12,0,0.909,0,1,1,0,32.05,5.11,8.381,0.36,0
ACC-2026-0287,0842507449,2026-07,Commercant independant,251.44,38,0.17,13,0,0.917,0,1,1,0,30.32,5.11,8.381,0.36,0
ACC-2026-0288,0843872134,2025-08,Sans emploi,277.18,55,0.376,4,0,0.0,0,0,1,365,14.53,5.64,18.479,0.78,1
ACC-2026-0288,0843872134,2025-09,Sans emploi,277.18,56,0.376,5,0,0.5,0,0,1,0,14.58,5.64,18.479,0.78,0
ACC-2026-0288,0843872134,2025-10,Sans emploi,277.18,57,0.376,6,0,0.667,0,0,1,0,15.85,5.64,18.479,0.78,0
ACC-2026-0288,0843872134,2025-11,Sans emploi,277.18,58,0.376,7,0,0.75,0,0,1,0,14.44,5.64,18.479,0.78,0
ACC-2026-0288,0843872134,2025-12,Sans emploi,277.18,59,0.376,8,0,0.8,0,0,1,0,15.58,5.64,18.479,0.78,0
ACC-2026-0288,0843872134,2026-01,Sans emploi,277.18,60,0.376,9,0,0.833,0,0,1,0,14.39,5.64,18.479,0.78,0
ACC-2026-0288,0843872134,2026-02,Sans emploi,277.18,61,0.376,10,0,0.857,0,0,1,0,15.19,5.64,18.479,0.78,0
ACC-2026-0288,0843872134,2026-03,Sans emploi,277.18,62,0.376,11,0,0.875,0,0,1,0,14.08,5.64,18.479,0.78,0
ACC-2026-0288,0843872134,2026-04,Sans emploi,277.18,63,0.376,12,0,0.889,0,0,1,0,15.2,5.64,18.479,0.78,0
ACC-2026-0288,0843872134,2026-05,Sans emploi,277.18,64,0.376,13,0,0.9,0,0,1,0,14.19,5.64,18.479,0.78,0
ACC-2026-0288,0843872134,2026-06,Sans emploi,277.18,65,0.376,14,0,0.909,0,0,1,0,15.62,5.64,18.479,0.78,0
ACC-2026-0288,0843872134,2026-07,Sans emploi,277.18,66,0.376,15,0,0.917,0,0,1,0,15.5,5.64,18.479,0.78,1
ACC-2026-0289,0849706450,2025-08,Infirmier,459.59,13,0.155,4,0,1.0,0,0,0,0,10.36,1.55,45.959,0.24,0
ACC-2026-0289,0849706450,2025-09,Infirmier,459.59,14,0.155,5,0,1.0,0,1,0,0,9.27,1.55,45.959,0.24,0
ACC-2026-0289,0849706450,2025-10,Infirmier,459.59,15,0.155,6,0,1.0,0,1,0,0,10.3,1.55,45.959,0.24,0
ACC-2026-0289,0849706450,2025-11,Infirmier,459.59,16,0.155,7,0,1.0,0,1,0,0,9.9,1.55,45.959,0.24,0
ACC-2026-0289,0849706450,2025-12,Infirmier,459.59,17,0.155,8,0,1.0,0,1,0,0,10.61,1.55,45.959,0.24,0
ACC-2026-0289,0849706450,2026-01,Infirmier,459.59,18,0.155,9,0,1.0,0,1,0,0,10.06,1.55,45.959,0.24,0
ACC-2026-0289,0849706450,2026-02,Infirmier,459.59,19,0.155,10,0,1.0,0,1,0,0,10.46,1.55,45.959,0.24,1
ACC-2026-0289,0849706450,2026-03,Infirmier,459.59,20,0.155,10,0,0.875,0,1,1,30,10.76,1.55,45.959,0.24,0
ACC-2026-0289,0849706450,2026-04,Infirmier,459.59,21,0.155,11,0,0.889,0,1,1,0,10.12,1.55,45.959,0.24,0
ACC-2026-0289,0849706450,2026-05,Infirmier,459.59,22,0.155,12,0,0.9,0,1,1,0,9.76,1.55,45.959,0.24,0
ACC-2026-0289,0849706450,2026-06,Infirmier,459.59,23,0.155,13,0,0.909,0,1,1,0,10.11,1.55,45.959,0.24,0
ACC-2026-0289,0849706450,2026-07,Infirmier,459.59,24,0.155,14,0,0.917,0,1,1,0,10.23,1.55,45.959,0.24,0
ACC-2026-0290,0846842624,2025-08,Chauffeur,446.15,12,0.141,3,0,1.0,0,0,0,0,15.56,2.11,29.743,0.42,0
ACC-2026-0290,0846842624,2025-09,Chauffeur,446.15,13,0.141,4,0,1.0,0,0,0,0,13.81,2.11,29.743,0.42,0
ACC-2026-0290,0846842624,2025-10,Chauffeur,446.15,14,0.141,5,0,1.0,0,0,0,0,15.22,2.11,29.743,0.42,0
ACC-2026-0290,0846842624,2025-11,Chauffeur,446.15,15,0.141,6,0,1.0,0,0,0,0,13.92,2.11,29.743,0.42,0
ACC-2026-0290,0846842624,2025-12,Chauffeur,446.15,16,0.141,7,0,1.0,0,0,0,0,14.08,2.11,29.743,0.42,0
ACC-2026-0290,0846842624,2026-01,Chauffeur,446.15,17,0.141,8,0,1.0,0,0,0,0,14.92,2.11,29.743,0.42,1
ACC-2026-0290,0846842624,2026-02,Chauffeur,446.15,18,0.141,9,0,1.0,0,0,0,0,15.59,2.11,29.743,0.42,0
ACC-2026-0290,0846842624,2026-03,Chauffeur,446.15,19,0.141,10,0,1.0,0,0,0,0,14.11,2.11,29.743,0.42,0
ACC-2026-0290,0846842624,2026-04,Chauffeur,446.15,20,0.141,11,0,1.0,0,0,0,0,14.87,2.11,29.743,0.42,0
ACC-2026-0290,0846842624,2026-05,Chauffeur,446.15,21,0.141,12,0,1.0,0,0,0,0,15.62,2.11,29.743,0.42,0
ACC-2026-0290,0846842624,2026-06,Chauffeur,446.15,22,0.141,13,0,1.0,0,0,0,0,15.55,2.11,29.743,0.42,0
ACC-2026-0290,0846842624,2026-07,Chauffeur,446.15,23,0.141,14,0,1.0,0,0,0,0,14.61,2.11,29.743,0.42,0
ACC-2026-0291,0848639392,2025-08,Chauffeur,284.2,67,0.133,3,0,1.0,0,0,0,0,7.48,1.06,35.525,0.42,0
ACC-2026-0291,0848639392,2025-09,Chauffeur,284.2,68,0.133,4,0,1.0,0,0,0,0,8.03,1.06,35.525,0.42,0
ACC-2026-0291,0848639392,2025-10,Chauffeur,284.2,69,0.133,5,0,1.0,0,0,0,0,7.78,1.06,35.525,0.42,0
ACC-2026-0291,0848639392,2025-11,Chauffeur,284.2,70,0.133,6,0,1.0,0,0,0,0,7.38,1.06,35.525,0.42,0
ACC-2026-0291,0848639392,2025-12,Chauffeur,284.2,71,0.133,7,0,1.0,0,0,0,0,8.63,1.06,35.525,0.42,0
ACC-2026-0291,0848639392,2026-01,Chauffeur,284.2,72,0.133,8,0,1.0,0,0,0,0,8.4,1.06,35.525,0.42,1
ACC-2026-0291,0848639392,2026-02,Chauffeur,284.2,73,0.133,9,0,1.0,0,0,0,0,8.28,1.06,35.525,0.42,0
ACC-2026-0291,0848639392,2026-03,Chauffeur,284.2,74,0.133,10,0,1.0,0,0,0,0,8.11,1.06,35.525,0.42,0
ACC-2026-0291,0848639392,2026-04,Chauffeur,284.2,75,0.133,11,0,1.0,0,0,0,0,7.94,1.06,35.525,0.42,0
ACC-2026-0291,0848639392,2026-05,Chauffeur,284.2,76,0.133,12,0,1.0,0,0,0,0,8.06,1.06,35.525,0.42,0
ACC-2026-0291,0848639392,2026-06,Chauffeur,284.2,77,0.133,13,0,1.0,0,0,0,0,7.53,1.06,35.525,0.42,0
ACC-2026-0291,0848639392,2026-07,Chauffeur,284.2,78,0.133,14,0,1.0,0,0,0,0,8.31,1.06,35.525,0.42,0
ACC-2026-0292,0849084142,2025-08,Vendeur de rue,206.79,55,0.257,2,0,1.0,0,0,0,0,8.07,2.06,25.849,0.62,0
ACC-2026-0292,0849084142,2025-09,Vendeur de rue,206.79,56,0.257,3,0,1.0,0,0,0,0,7.93,2.06,25.849,0.62,1
ACC-2026-0292,0849084142,2025-10,Vendeur de rue,206.79,57,0.257,4,0,1.0,0,0,0,0,8.12,2.06,25.849,0.62,0
ACC-2026-0292,0849084142,2025-11,Vendeur de rue,206.79,58,0.257,5,0,1.0,0,0,0,0,8.04,2.06,25.849,0.62,1
ACC-2026-0292,0849084142,2025-12,Vendeur de rue,206.79,59,0.257,6,0,1.0,0,0,0,0,8.58,2.06,25.849,0.62,0
ACC-2026-0292,0849084142,2026-01,Vendeur de rue,206.79,60,0.257,7,0,1.0,0,0,0,0,7.37,2.06,25.849,0.62,0
ACC-2026-0292,0849084142,2026-02,Vendeur de rue,206.79,61,0.257,7,0,0.857,0,0,1,30,7.44,2.06,25.849,0.62,0
ACC-2026-0292,0849084142,2026-03,Vendeur de rue,206.79,62,0.257,8,0,0.875,0,0,1,0,8.58,2.06,25.849,0.62,0
ACC-2026-0292,0849084142,2026-04,Vendeur de rue,206.79,63,0.257,9,0,0.889,0,0,1,0,7.9,2.06,25.849,0.62,0
ACC-2026-0292,0849084142,2026-05,Vendeur de rue,206.79,64,0.257,10,0,0.9,0,0,1,0,8.12,2.06,25.849,0.62,0
ACC-2026-0292,0849084142,2026-06,Vendeur de rue,206.79,65,0.257,11,0,0.909,0,0,1,0,8.44,2.06,25.849,0.62,0
ACC-2026-0292,0849084142,2026-07,Vendeur de rue,206.79,66,0.257,12,0,0.917,0,0,1,0,7.54,2.06,25.849,0.62,0
ACC-2026-0293,0841045835,2025-08,Fonctionnaire,246.24,66,0.03,1,0,1.0,0,0,0,0,8.3,0.24,30.78,0.18,0
ACC-2026-0293,0841045835,2025-09,Fonctionnaire,246.24,67,0.03,2,0,1.0,0,0,0,0,7.71,0.24,30.78,0.18,0
ACC-2026-0293,0841045835,2025-10,Fonctionnaire,246.24,68,0.03,3,0,1.0,0,0,0,0,7.41,0.24,30.78,0.18,0
ACC-2026-0293,0841045835,2025-11,Fonctionnaire,246.24,69,0.03,4,0,1.0,0,0,0,0,7.83,0.24,30.78,0.18,0
ACC-2026-0293,0841045835,2025-12,Fonctionnaire,246.24,70,0.03,5,0,1.0,0,0,0,0,7.5,0.24,30.78,0.18,0
ACC-2026-0293,0841045835,2026-01,Fonctionnaire,246.24,71,0.03,6,0,1.0,0,0,0,0,8.01,0.24,30.78,0.18,0
ACC-2026-0293,0841045835,2026-02,Fonctionnaire,246.24,72,0.03,7,0,1.0,0,0,0,0,8.27,0.24,30.78,0.18,0
ACC-2026-0293,0841045835,2026-03,Fonctionnaire,246.24,73,0.03,8,0,1.0,0,0,0,0,7.73,0.24,30.78,0.18,0
ACC-2026-0293,0841045835,2026-04,Fonctionnaire,246.24,74,0.03,9,0,1.0,0,0,0,0,7.62,0.24,30.78,0.18,0
ACC-2026-0293,0841045835,2026-05,Fonctionnaire,246.24,75,0.03,10,0,1.0,0,0,0,0,7.38,0.24,30.78,0.18,0
ACC-2026-0293,0841045835,2026-06,Fonctionnaire,246.24,76,0.03,11,0,1.0,0,0,0,0,8.23,0.24,30.78,0.18,0
ACC-2026-0293,0841045835,2026-07,Fonctionnaire,246.24,77,0.03,12,0,1.0,0,0,0,0,8.0,0.24,30.78,0.18,0
ACC-2026-0294,0846599609,2025-08,Enseignant,323.55,26,0.083,4,0,1.0,0,0,0,0,26.35,2.09,12.942,0.22,0
ACC-2026-0294,0846599609,2025-09,Enseignant,323.55,27,0.083,5,0,1.0,0,0,0,0,24.41,2.09,12.942,0.22,0
ACC-2026-0294,0846599609,2025-10,Enseignant,323.55,28,0.083,6,0,1.0,0,0,0,0,26.41,2.09,12.942,0.22,0
ACC-2026-0294,0846599609,2025-11,Enseignant,323.55,29,0.083,7,0,1.0,0,0,0,0,24.66,2.09,12.942,0.22,0
ACC-2026-0294,0846599609,2025-12,Enseignant,323.55,30,0.083,8,0,1.0,0,0,0,0,23.1,2.09,12.942,0.22,0
ACC-2026-0294,0846599609,2026-01,Enseignant,323.55,31,0.083,9,0,1.0,0,0,0,0,24.94,2.09,12.942,0.22,0
ACC-2026-0294,0846599609,2026-02,Enseignant,323.55,32,0.083,9,0,0.857,1,0,0,30,26.0,2.09,12.942,0.22,0
ACC-2026-0294,0846599609,2026-03,Enseignant,323.55,33,0.083,10,0,0.875,1,0,0,0,25.21,2.09,12.942,0.22,0
ACC-2026-0294,0846599609,2026-04,Enseignant,323.55,34,0.083,11,0,0.889,1,0,0,0,25.83,2.09,12.942,0.22,0
ACC-2026-0294,0846599609,2026-05,Enseignant,323.55,35,0.083,12,0,0.9,1,0,0,0,25.67,2.09,12.942,0.22,0
ACC-2026-0294,0846599609,2026-06,Enseignant,323.55,36,0.083,13,0,0.909,1,0,0,0,24.02,2.09,12.942,0.22,0
ACC-2026-0294,0846599609,2026-07,Enseignant,323.55,37,0.083,14,0,0.917,1,0,0,0,25.59,2.09,12.942,0.22,0
ACC-2026-0295,0847627003,2025-08,Agriculteur,213.02,29,0.137,4,0,1.0,0,0,0,0,30.89,9.52,7.101,0.46,0
ACC-2026-0295,0847627003,2025-09,Agriculteur,213.02,30,0.137,5,0,1.0,0,0,0,0,29.0,9.52,7.101,0.46,0
ACC-2026-0295,0847627003,2025-10,Agriculteur,213.02,31,0.137,6,0,1.0,0,1,0,0,28.64,9.52,7.101,0.46,1
ACC-2026-0295,0847627003,2025-11,Agriculteur,213.02,32,0.137,7,0,1.0,0,1,0,0,28.88,9.52,7.101,0.46,1
ACC-2026-0295,0847627003,2025-12,Agriculteur,213.02,33,0.137,8,0,1.0,0,1,0,0,28.48,9.52,7.101,0.46,0
ACC-2026-0295,0847627003,2026-01,Agriculteur,213.02,34,0.137,9,0,1.0,0,1,0,0,30.46,9.52,7.101,0.46,0
ACC-2026-0295,0847627003,2026-02,Agriculteur,213.02,35,0.137,10,0,1.0,0,1,0,0,29.74,9.52,7.101,0.46,0
ACC-2026-0295,0847627003,2026-03,Agriculteur,213.02,36,0.137,11,0,1.0,0,1,0,0,28.39,9.52,7.101,0.46,0
ACC-2026-0295,0847627003,2026-04,Agriculteur,213.02,37,0.137,12,0,1.0,0,1,0,0,27.73,9.52,7.101,0.46,0
ACC-2026-0295,0847627003,2026-05,Agriculteur,213.02,38,0.137,13,0,1.0,0,1,0,0,30.19,9.52,7.101,0.46,1
ACC-2026-0295,0847627003,2026-06,Agriculteur,213.02,39,0.137,13,0,0.909,0,1,1,30,28.36,9.52,7.101,0.46,1
ACC-2026-0295,0847627003,2026-07,Agriculteur,213.02,40,0.137,14,0,0.917,0,1,1,0,30.61,9.52,7.101,0.46,0
ACC-2026-0296,0842404057,2025-08,Enseignant,354.74,66,0.1,5,0,1.0,0,0,0,0,23.59,2.49,14.19,0.22,0
ACC-2026-0296,0842404057,2025-09,Enseignant,354.74,67,0.1,6,0,1.0,0,0,0,0,25.92,2.49,14.19,0.22,0
ACC-2026-0296,0842404057,2025-10,Enseignant,354.74,68,0.1,7,0,1.0,0,0,0,0,26.71,2.49,14.19,0.22,0
ACC-2026-0296,0842404057,2025-11,Enseignant,354.74,69,0.1,8,0,1.0,0,0,0,0,26.88,2.49,14.19,0.22,0
ACC-2026-0296,0842404057,2025-12,Enseignant,354.74,70,0.1,9,0,1.0,0,0,0,0,23.55,2.49,14.19,0.22,0
ACC-2026-0296,0842404057,2026-01,Enseignant,354.74,71,0.1,10,0,1.0,0,0,0,0,24.42,2.49,14.19,0.22,0
ACC-2026-0296,0842404057,2026-02,Enseignant,354.74,72,0.1,11,0,1.0,0,0,0,0,24.76,2.49,14.19,0.22,0
ACC-2026-0296,0842404057,2026-03,Enseignant,354.74,73,0.1,11,0,0.875,0,0,1,30,23.69,2.49,14.19,0.22,0
ACC-2026-0296,0842404057,2026-04,Enseignant,354.74,74,0.1,11,0,0.778,1,0,1,60,24.9,2.49,14.19,0.22,0
ACC-2026-0296,0842404057,2026-05,Enseignant,354.74,75,0.1,12,0,0.8,1,0,1,0,26.37,2.49,14.19,0.22,0
ACC-2026-0296,0842404057,2026-06,Enseignant,354.74,76,0.1,13,0,0.818,1,0,1,0,23.37,2.49,14.19,0.22,0
ACC-2026-0296,0842404057,2026-07,Enseignant,354.74,77,0.1,14,0,0.833,1,0,1,0,26.56,2.49,14.19,0.22,0
ACC-2026-0297,0843774103,2025-08,Chauffeur,157.72,20,0.225,4,0,1.0,0,0,0,0,21.6,8.1,7.886,0.42,0
ACC-2026-0297,0843774103,2025-09,Chauffeur,157.72,21,0.225,5,0,1.0,0,0,0,0,19.25,8.1,7.886,0.42,1
ACC-2026-0297,0843774103,2025-10,Chauffeur,157.72,22,0.225,6,0,1.0,0,1,0,0,21.3,8.1,7.886,0.42,0
ACC-2026-0297,0843774103,2025-11,Chauffeur,157.72,23,0.225,7,0,1.0,0,2,0,0,19.77,8.1,7.886,0.42,0
ACC-2026-0297,0843774103,2025-12,Chauffeur,157.72,24,0.225,8,0,1.0,0,2,0,0,19.96,8.1,7.886,0.42,0
ACC-2026-0297,0843774103,2026-01,Chauffeur,157.72,25,0.225,9,0,1.0,0,2,0,0,19.12,8.1,7.886,0.42,0
ACC-2026-0297,0843774103,2026-02,Chauffeur,157.72,26,0.225,10,0,1.0,0,2,0,0,19.87,8.1,7.886,0.42,0
ACC-2026-0297,0843774103,2026-03,Chauffeur,157.72,27,0.225,11,0,1.0,0,2,0,0,19.67,8.1,7.886,0.42,1
ACC-2026-0297,0843774103,2026-04,Chauffeur,157.72,28,0.225,12,0,1.0,0,2,0,0,19.75,8.1,7.886,0.42,0
ACC-2026-0297,0843774103,2026-05,Chauffeur,157.72,29,0.225,13,0,1.0,0,2,0,0,20.15,8.1,7.886,0.42,0
ACC-2026-0297,0843774103,2026-06,Chauffeur,157.72,30,0.225,14,0,1.0,0,2,0,0,19.25,8.1,7.886,0.42,1
ACC-2026-0297,0843774103,2026-07,Chauffeur,157.72,31,0.225,15,0,1.0,0,2,0,0,18.89,8.1,7.886,0.42,0
ACC-2026-0298,0843681120,2025-08,Sans emploi,312.27,46,0.393,4,0,1.0,0,0,0,0,25.19,9.82,12.491,0.78,0
ACC-2026-0298,0843681120,2025-09,Sans emploi,312.27,47,0.393,5,0,1.0,0,0,0,0,26.11,9.82,12.491,0.78,0
ACC-2026-0298,0843681120,2025-10,Sans emploi,312.27,48,0.393,6,0,1.0,0,0,0,0,23.91,9.82,12.491,0.78,0
ACC-2026-0298,0843681120,2025-11,Sans emploi,312.27,49,0.393,7,0,1.0,0,0,0,0,24.58,9.82,12.491,0.78,0
ACC-2026-0298,0843681120,2025-12,Sans emploi,312.27,50,0.393,8,0,1.0,0,0,0,0,25.41,9.82,12.491,0.78,1
ACC-2026-0298,0843681120,2026-01,Sans emploi,312.27,51,0.393,9,0,1.0,0,0,0,0,23.36,9.82,12.491,0.78,0
ACC-2026-0298,0843681120,2026-02,Sans emploi,312.27,52,0.393,10,0,1.0,0,1,0,0,26.58,9.82,12.491,0.78,0
ACC-2026-0298,0843681120,2026-03,Sans emploi,312.27,53,0.393,11,0,1.0,0,1,0,0,26.95,9.82,12.491,0.78,0
ACC-2026-0298,0843681120,2026-04,Sans emploi,312.27,54,0.393,12,0,1.0,0,1,0,0,23.82,9.82,12.491,0.78,0
ACC-2026-0298,0843681120,2026-05,Sans emploi,312.27,55,0.393,13,0,1.0,0,1,0,0,24.63,9.82,12.491,0.78,0
ACC-2026-0298,0843681120,2026-06,Sans emploi,312.27,56,0.393,14,0,1.0,0,1,0,0,26.67,9.82,12.491,0.78,0
ACC-2026-0298,0843681120,2026-07,Sans emploi,312.27,57,0.393,15,0,1.0,0,1,0,0,26.12,9.82,12.491,0.78,0
ACC-2026-0299,0847045102,2025-08,Vendeur de rue,256.0,19,0.219,1,0,1.0,0,0,0,0,15.36,3.28,17.067,0.62,0
ACC-2026-0299,0847045102,2025-09,Vendeur de rue,256.0,20,0.219,2,0,1.0,0,0,0,0,15.69,3.28,17.067,0.62,0
ACC-2026-0299,0847045102,2025-10,Vendeur de rue,256.0,21,0.219,3,0,1.0,0,0,0,0,15.58,3.28,17.067,0.62,0
ACC-2026-0299,0847045102,2025-11,Vendeur de rue,256.0,22,0.219,4,0,1.0,0,1,0,0,15.04,3.28,17.067,0.62,0
ACC-2026-0299,0847045102,2025-12,Vendeur de rue,256.0,23,0.219,5,0,1.0,0,1,0,0,15.11,3.28,17.067,0.62,0
ACC-2026-0299,0847045102,2026-01,Vendeur de rue,256.0,24,0.219,6,0,1.0,0,1,0,0,13.81,3.28,17.067,0.62,0
ACC-2026-0299,0847045102,2026-02,Vendeur de rue,256.0,25,0.219,7,0,1.0,0,1,0,0,14.45,3.28,17.067,0.62,0
ACC-2026-0299,0847045102,2026-03,Vendeur de rue,256.0,26,0.219,8,0,1.0,0,1,0,0,14.05,3.28,17.067,0.62,0
ACC-2026-0299,0847045102,2026-04,Vendeur de rue,256.0,27,0.219,9,0,1.0,0,1,0,0,14.75,3.28,17.067,0.62,0
ACC-2026-0299,0847045102,2026-05,Vendeur de rue,256.0,28,0.219,10,0,1.0,0,1,0,0,15.39,3.28,17.067,0.62,0
ACC-2026-0299,0847045102,2026-06,Vendeur de rue,256.0,29,0.219,11,0,1.0,0,1,0,0,15.2,3.28,17.067,0.62,0
ACC-2026-0299,0847045102,2026-07,Vendeur de rue,256.0,30,0.219,12,0,1.0,0,1,0,0,15.02,3.28,17.067,0.62,0
ACC-2026-0300,0842514913,2025-08,Commercant independant,407.35,34,0.211,1,0,1.0,0,0,0,0,15.27,3.16,27.157,0.36,0
ACC-2026-0300,0842514913,2025-09,Commercant independant,407.35,35,0.211,2,0,1.0,0,1,0,0,15.45,3.16,27.157,0.36,0
ACC-2026-0300,0842514913,2025-10,Commercant independant,407.35,36,0.211,3,0,1.0,0,1,0,0,14.72,3.16,27.157,0.36,0
ACC-2026-0300,0842514913,2025-11,Commercant independant,407.35,37,0.211,4,0,1.0,0,2,0,0,13.99,3.16,27.157,0.36,1
ACC-2026-0300,0842514913,2025-12,Commercant independant,407.35,38,0.211,5,0,1.0,0,2,0,0,15.09,3.16,27.157,0.36,0
ACC-2026-0300,0842514913,2026-01,Commercant independant,407.35,39,0.211,6,0,1.0,0,2,0,0,14.55,3.16,27.157,0.36,0
ACC-2026-0300,0842514913,2026-02,Commercant independant,407.35,40,0.211,7,0,1.0,0,2,0,0,15.04,3.16,27.157,0.36,0
ACC-2026-0300,0842514913,2026-03,Commercant independant,407.35,41,0.211,8,0,1.0,0,3,0,0,14.97,3.16,27.157,0.36,0
ACC-2026-0300,0842514913,2026-04,Commercant independant,407.35,42,0.211,9,0,1.0,0,3,0,0,14.52,3.16,27.157,0.36,0
ACC-2026-0300,0842514913,2026-05,Commercant independant,407.35,43,0.211,10,0,1.0,0,3,0,0,14.23,3.16,27.157,0.36,0
ACC-2026-0300,0842514913,2026-06,Commercant independant,407.35,44,0.211,11,0,1.0,0,3,0,0,15.88,3.16,27.157,0.36,0
ACC-2026-0300,0842514913,2026-07,Commercant independant,407.35,45,0.211,12,0,1.0,0,3,0,0,14.84,3.16,27.157,0.36,1
ACC-2026-0301,0848311577,2025-08,Infirmier,517.28,40,0.096,3,0,1.0,0,0,0,0,14.86,1.44,34.485,0.24,1
ACC-2026-0301,0848311577,2025-09,Infirmier,517.28,41,0.096,4,0,1.0,0,0,0,0,16.09,1.44,34.485,0.24,0
ACC-2026-0301,0848311577,2025-10,Infirmier,517.28,42,0.096,5,0,1.0,0,0,0,0,15.02,1.44,34.485,0.24,0
ACC-2026-0301,0848311577,2025-11,Infirmier,517.28,43,0.096,6,0,1.0,0,0,0,0,15.68,1.44,34.485,0.24,0
ACC-2026-0301,0848311577,2025-12,Infirmier,517.28,44,0.096,7,0,1.0,0,0,0,0,14.11,1.44,34.485,0.24,0
ACC-2026-0301,0848311577,2026-01,Infirmier,517.28,45,0.096,8,0,1.0,0,0,0,0,14.49,1.44,34.485,0.24,0
ACC-2026-0301,0848311577,2026-02,Infirmier,517.28,46,0.096,9,0,1.0,0,0,0,0,14.63,1.44,34.485,0.24,1
ACC-2026-0301,0848311577,2026-03,Infirmier,517.28,47,0.096,10,0,1.0,0,0,0,0,14.82,1.44,34.485,0.24,0
ACC-2026-0301,0848311577,2026-04,Infirmier,517.28,48,0.096,11,0,1.0,0,0,0,0,14.23,1.44,34.485,0.24,0
ACC-2026-0301,0848311577,2026-05,Infirmier,517.28,49,0.096,12,0,1.0,0,0,0,0,14.95,1.44,34.485,0.24,0
ACC-2026-0301,0848311577,2026-06,Infirmier,517.28,50,0.096,13,0,1.0,0,0,0,0,14.56,1.44,34.485,0.24,0
ACC-2026-0301,0848311577,2026-07,Infirmier,517.28,51,0.096,14,0,1.0,0,0,0,0,14.47,1.44,34.485,0.24,0
ACC-2026-0302,0849444987,2025-08,Vendeur de rue,282.34,33,0.327,4,0,1.0,0,0,0,0,23.02,8.16,11.294,0.62,0
ACC-2026-0302,0849444987,2025-09,Vendeur de rue,282.34,34,0.327,5,0,1.0,0,1,0,0,25.36,8.16,11.294,0.62,0
ACC-2026-0302,0849444987,2025-10,Vendeur de rue,282.34,35,0.327,6,0,1.0,0,1,0,0,25.24,8.16,11.294,0.62,1
ACC-2026-0302,0849444987,2025-11,Vendeur de rue,282.34,36,0.327,7,0,1.0,0,1,0,0,26.53,8.16,11.294,0.62,0
ACC-2026-0302,0849444987,2025-12,Vendeur de rue,282.34,37,0.327,8,0,1.0,0,1,0,0,26.72,8.16,11.294,0.62,0
ACC-2026-0302,0849444987,2026-01,Vendeur de rue,282.34,38,0.327,9,0,1.0,0,1,0,0,26.17,8.16,11.294,0.62,0
ACC-2026-0302,0849444987,2026-02,Vendeur de rue,282.34,39,0.327,10,0,1.0,0,1,0,0,23.59,8.16,11.294,0.62,0
ACC-2026-0302,0849444987,2026-03,Vendeur de rue,282.34,40,0.327,11,0,1.0,0,1,0,0,24.0,8.16,11.294,0.62,0
ACC-2026-0302,0849444987,2026-04,Vendeur de rue,282.34,41,0.327,12,0,1.0,0,1,0,0,24.72,8.16,11.294,0.62,0
ACC-2026-0302,0849444987,2026-05,Vendeur de rue,282.34,42,0.327,13,0,1.0,0,1,0,0,25.13,8.16,11.294,0.62,0
ACC-2026-0302,0849444987,2026-06,Vendeur de rue,282.34,43,0.327,14,0,1.0,0,1,0,0,23.68,8.16,11.294,0.62,0
ACC-2026-0302,0849444987,2026-07,Vendeur de rue,282.34,44,0.327,15,0,1.0,0,1,0,0,23.51,8.16,11.294,0.62,0
ACC-2026-0303,0844901721,2025-08,Commercant independant,394.68,35,0.087,4,0,1.0,0,0,0,0,8.2,0.7,49.335,0.36,0
ACC-2026-0303,0844901721,2025-09,Commercant independant,394.68,36,0.087,5,0,1.0,0,0,0,0,8.47,0.7,49.335,0.36,0
ACC-2026-0303,0844901721,2025-10,Commercant independant,394.68,37,0.087,6,0,1.0,0,0,0,0,7.61,0.7,49.335,0.36,0
ACC-2026-0303,0844901721,2025-11,Commercant independant,394.68,38,0.087,7,0,1.0,0,0,0,0,8.05,0.7,49.335,0.36,0
ACC-2026-0303,0844901721,2025-12,Commercant independant,394.68,39,0.087,8,0,1.0,0,0,0,0,8.56,0.7,49.335,0.36,0
ACC-2026-0303,0844901721,2026-01,Commercant independant,394.68,40,0.087,9,0,1.0,0,0,0,0,8.51,0.7,49.335,0.36,0
ACC-2026-0303,0844901721,2026-02,Commercant independant,394.68,41,0.087,10,0,1.0,0,0,0,0,8.19,0.7,49.335,0.36,0
ACC-2026-0303,0844901721,2026-03,Commercant independant,394.68,42,0.087,11,0,1.0,0,0,0,0,7.61,0.7,49.335,0.36,0
ACC-2026-0303,0844901721,2026-04,Commercant independant,394.68,43,0.087,12,0,1.0,0,0,0,0,8.41,0.7,49.335,0.36,0
ACC-2026-0303,0844901721,2026-05,Commercant independant,394.68,44,0.087,12,0,0.9,0,0,1,30,8.05,0.7,49.335,0.36,0
ACC-2026-0303,0844901721,2026-06,Commercant independant,394.68,45,0.087,13,0,0.909,0,0,1,0,8.59,0.7,49.335,0.36,0
ACC-2026-0303,0844901721,2026-07,Commercant independant,394.68,46,0.087,14,0,0.917,0,0,1,0,7.61,0.7,49.335,0.36,0
ACC-2026-0304,0844851116,2025-08,Commercant independant,280.74,70,0.215,3,0,1.0,0,0,0,0,23.92,5.37,11.23,0.36,0
ACC-2026-0304,0844851116,2025-09,Commercant independant,280.74,71,0.215,3,0,0.5,0,0,1,30,26.43,5.37,11.23,0.36,0
ACC-2026-0304,0844851116,2025-10,Commercant independant,280.74,72,0.215,4,0,0.667,0,0,1,0,25.06,5.37,11.23,0.36,0
ACC-2026-0304,0844851116,2025-11,Commercant independant,280.74,73,0.215,5,0,0.75,0,0,1,0,24.15,5.37,11.23,0.36,0
ACC-2026-0304,0844851116,2025-12,Commercant independant,280.74,74,0.215,6,0,0.8,0,0,1,0,23.69,5.37,11.23,0.36,0
ACC-2026-0304,0844851116,2026-01,Commercant independant,280.74,75,0.215,7,0,0.833,0,0,1,0,24.05,5.37,11.23,0.36,0
ACC-2026-0304,0844851116,2026-02,Commercant independant,280.74,76,0.215,8,0,0.857,0,0,1,0,25.14,5.37,11.23,0.36,1
ACC-2026-0304,0844851116,2026-03,Commercant independant,280.74,77,0.215,9,0,0.875,0,0,1,0,23.87,5.37,11.23,0.36,0
ACC-2026-0304,0844851116,2026-04,Commercant independant,280.74,78,0.215,9,0,0.778,0,0,2,30,25.74,5.37,11.23,0.36,0
ACC-2026-0304,0844851116,2026-05,Commercant independant,280.74,79,0.215,10,0,0.8,0,0,2,0,23.96,8.37,11.23,0.36,0
ACC-2026-0304,0844851116,2026-06,Commercant independant,280.74,80,0.215,11,0,0.818,0,0,2,0,25.01,8.37,11.23,0.36,0
ACC-2026-0304,0844851116,2026-07,Commercant independant,280.74,81,0.215,12,0,0.833,0,0,2,0,26.22,8.37,11.23,0.36,0
ACC-2026-0305,0849853232,2025-08,Commercant independant,436.11,8,0.241,3,0,1.0,0,0,0,0,15.49,3.61,29.074,0.36,1
ACC-2026-0305,0849853232,2025-09,Commercant independant,436.11,9,0.241,4,0,1.0,0,0,0,0,15.43,3.61,29.074,0.36,0
ACC-2026-0305,0849853232,2025-10,Commercant independant,436.11,10,0.241,5,0,1.0,0,0,0,0,15.87,3.61,29.074,0.36,0
ACC-2026-0305,0849853232,2025-11,Commercant independant,436.11,11,0.241,6,0,1.0,0,0,0,0,15.51,3.61,29.074,0.36,0
ACC-2026-0305,0849853232,2025-12,Commercant independant,436.11,12,0.241,7,0,1.0,0,0,0,0,15.14,3.61,29.074,0.36,0
ACC-2026-0305,0849853232,2026-01,Commercant independant,436.11,13,0.241,8,0,1.0,0,0,0,0,14.37,3.61,29.074,0.36,0
ACC-2026-0305,0849853232,2026-02,Commercant independant,436.11,14,0.241,8,0,0.857,1,0,0,30,15.35,3.61,29.074,0.36,1
ACC-2026-0305,0849853232,2026-03,Commercant independant,436.11,15,0.241,9,0,0.875,1,0,0,0,14.18,3.61,29.074,0.36,0
ACC-2026-0305,0849853232,2026-04,Commercant independant,436.11,16,0.241,10,0,0.889,1,0,0,0,15.88,3.61,29.074,0.36,0
ACC-2026-0305,0849853232,2026-05,Commercant independant,436.11,17,0.241,11,0,0.9,1,0,0,0,14.31,3.61,29.074,0.36,1
ACC-2026-0305,0849853232,2026-06,Commercant independant,436.11,18,0.241,12,0,0.909,1,0,0,0,14.24,3.61,29.074,0.36,1
ACC-2026-0305,0849853232,2026-07,Commercant independant,436.11,19,0.241,13,0,0.917,1,1,0,0,15.05,3.61,29.074,0.36,0
ACC-2026-0306,0841760169,2025-08,Vendeur de rue,415.53,66,0.294,5,0,1.0,0,0,0,0,30.85,8.83,13.851,0.62,1
ACC-2026-0306,0841760169,2025-09,Vendeur de rue,415.53,67,0.294,6,0,1.0,0,0,0,0,31.53,8.83,13.851,0.62,0
ACC-2026-0306,0841760169,2025-10,Vendeur de rue,415.53,68,0.294,7,0,1.0,0,1,0,0,27.9,8.83,13.851,0.62,0
ACC-2026-0306,0841760169,2025-11,Vendeur de rue,415.53,69,0.294,8,0,1.0,0,1,0,0,29.13,8.83,13.851,0.62,0
ACC-2026-0306,0841760169,2025-12,Vendeur de rue,415.53,70,0.294,9,0,1.0,0,1,0,0,31.22,8.83,13.851,0.62,0
ACC-2026-0306,0841760169,2026-01,Vendeur de rue,415.53,71,0.294,10,0,1.0,0,1,0,0,31.28,8.83,13.851,0.62,0
ACC-2026-0306,0841760169,2026-02,Vendeur de rue,415.53,72,0.294,11,0,1.0,0,1,0,0,29.56,8.83,13.851,0.62,0
ACC-2026-0306,0841760169,2026-03,Vendeur de rue,415.53,73,0.294,12,0,1.0,0,1,0,0,28.07,8.83,13.851,0.62,0
ACC-2026-0306,0841760169,2026-04,Vendeur de rue,415.53,74,0.294,13,0,1.0,0,1,0,0,29.79,8.83,13.851,0.62,0
ACC-2026-0306,0841760169,2026-05,Vendeur de rue,415.53,75,0.294,13,0,0.9,0,1,1,30,31.52,8.83,13.851,0.62,0
ACC-2026-0306,0841760169,2026-06,Vendeur de rue,415.53,76,0.294,14,0,0.909,0,1,1,0,29.42,8.83,13.851,0.62,0
ACC-2026-0306,0841760169,2026-07,Vendeur de rue,415.53,77,0.294,15,0,0.917,0,1,1,0,27.82,8.83,13.851,0.62,0
ACC-2026-0307,0847542007,2025-08,Commercant independant,347.93,51,0.13,1,0,1.0,0,0,0,0,15.49,1.95,23.195,0.36,0
ACC-2026-0307,0847542007,2025-09,Commercant independant,347.93,52,0.13,2,0,1.0,0,0,0,0,13.8,1.95,23.195,0.36,0
ACC-2026-0307,0847542007,2025-10,Commercant independant,347.93,53,0.13,3,0,1.0,0,0,0,0,15.76,1.95,23.195,0.36,0
ACC-2026-0307,0847542007,2025-11,Commercant independant,347.93,54,0.13,4,0,1.0,0,0,0,0,13.9,1.95,23.195,0.36,0
ACC-2026-0307,0847542007,2025-12,Commercant independant,347.93,55,0.13,5,0,1.0,0,0,0,0,14.27,1.95,23.195,0.36,0
ACC-2026-0307,0847542007,2026-01,Commercant independant,347.93,56,0.13,6,0,1.0,0,0,0,0,14.71,1.95,23.195,0.36,0
ACC-2026-0307,0847542007,2026-02,Commercant independant,347.93,57,0.13,7,0,1.0,0,0,0,0,14.73,1.95,23.195,0.36,1
ACC-2026-0307,0847542007,2026-03,Commercant independant,347.93,58,0.13,8,0,1.0,0,0,0,0,14.84,1.95,23.195,0.36,0
ACC-2026-0307,0847542007,2026-04,Commercant independant,347.93,59,0.13,9,0,1.0,0,0,0,0,14.93,1.95,23.195,0.36,0
ACC-2026-0307,0847542007,2026-05,Commercant independant,347.93,60,0.13,10,0,1.0,0,0,0,0,15.27,1.95,23.195,0.36,0
ACC-2026-0307,0847542007,2026-06,Commercant independant,347.93,61,0.13,11,0,1.0,0,0,0,0,14.23,1.95,23.195,0.36,0
ACC-2026-0307,0847542007,2026-07,Commercant independant,347.93,62,0.13,12,0,1.0,0,0,0,0,14.7,1.95,23.195,0.36,0
ACC-2026-0308,0841373745,2025-08,Vendeur de rue,276.33,17,0.34,3,0,1.0,0,0,0,0,21.48,6.8,13.816,0.62,0
ACC-2026-0308,0841373745,2025-09,Vendeur de rue,276.33,18,0.34,4,0,1.0,0,0,0,0,19.62,6.8,13.816,0.62,1
ACC-2026-0308,0841373745,2025-10,Vendeur de rue,276.33,19,0.34,5,0,1.0,0,0,0,0,20.84,6.8,13.816,0.62,0
ACC-2026-0308,0841373745,2025-11,Vendeur de rue,276.33,20,0.34,6,0,1.0,0,0,0,0,21.41,6.8,13.816,0.62,0
ACC-2026-0308,0841373745,2025-12,Vendeur de rue,276.33,21,0.34,7,0,1.0,0,0,0,0,21.51,6.8,13.816,0.62,0
ACC-2026-0308,0841373745,2026-01,Vendeur de rue,276.33,22,0.34,8,0,1.0,0,0,0,0,18.69,6.8,13.816,0.62,0
ACC-2026-0308,0841373745,2026-02,Vendeur de rue,276.33,23,0.34,9,0,1.0,0,0,0,0,18.99,6.8,13.816,0.62,0
ACC-2026-0308,0841373745,2026-03,Vendeur de rue,276.33,24,0.34,10,0,1.0,0,0,0,0,20.46,6.8,13.816,0.62,1
ACC-2026-0308,0841373745,2026-04,Vendeur de rue,276.33,25,0.34,11,0,1.0,0,0,0,0,19.69,6.8,13.816,0.62,0
ACC-2026-0308,0841373745,2026-05,Vendeur de rue,276.33,26,0.34,11,0,0.9,1,0,0,30,20.33,6.8,13.816,0.62,0
ACC-2026-0308,0841373745,2026-06,Vendeur de rue,276.33,27,0.34,11,0,0.818,1,0,1,60,18.57,6.8,13.816,0.62,0
ACC-2026-0308,0841373745,2026-07,Vendeur de rue,276.33,28,0.34,12,0,0.833,1,0,1,0,20.71,6.8,13.816,0.62,0
ACC-2026-0309,0842765563,2025-08,Vendeur de rue,228.37,63,0.25,5,0,1.0,0,0,0,0,8.44,2.0,28.546,0.62,0
ACC-2026-0309,0842765563,2025-09,Vendeur de rue,228.37,64,0.25,6,0,1.0,0,0,0,0,8.42,2.0,28.546,0.62,1
ACC-2026-0309,0842765563,2025-10,Vendeur de rue,228.37,65,0.25,7,0,1.0,0,0,0,0,7.44,2.0,28.546,0.62,0
ACC-2026-0309,0842765563,2025-11,Vendeur de rue,228.37,66,0.25,8,0,1.0,0,0,0,0,7.88,2.0,28.546,0.62,0
ACC-2026-0309,0842765563,2025-12,Vendeur de rue,228.37,67,0.25,9,0,1.0,0,0,0,0,7.53,2.0,28.546,0.62,0
ACC-2026-0309,0842765563,2026-01,Vendeur de rue,228.37,68,0.25,10,0,1.0,0,0,0,0,7.57,2.0,28.546,0.62,0
ACC-2026-0309,0842765563,2026-02,Vendeur de rue,228.37,69,0.25,11,0,1.0,0,0,0,0,8.37,2.0,28.546,0.62,0
ACC-2026-0309,0842765563,2026-03,Vendeur de rue,228.37,70,0.25,12,0,1.0,0,0,0,0,8.57,2.0,28.546,0.62,0
ACC-2026-0309,0842765563,2026-04,Vendeur de rue,228.37,71,0.25,13,0,1.0,0,0,0,0,8.28,2.0,28.546,0.62,0
ACC-2026-0309,0842765563,2026-05,Vendeur de rue,228.37,72,0.25,14,0,1.0,0,0,0,0,7.86,2.0,28.546,0.62,0
ACC-2026-0309,0842765563,2026-06,Vendeur de rue,228.37,73,0.25,15,0,1.0,0,0,0,0,7.84,2.0,28.546,0.62,1
ACC-2026-0309,0842765563,2026-07,Vendeur de rue,228.37,74,0.25,16,0,1.0,0,0,0,0,8.08,2.0,28.546,0.62,0
ACC-2026-0310,0842534558,2025-08,Fonctionnaire,441.41,48,0.099,4,0,1.0,0,0,0,0,7.5,0.79,55.176,0.18,0
ACC-2026-0310,0842534558,2025-09,Fonctionnaire,441.41,49,0.099,5,0,1.0,0,0,0,0,7.46,0.79,55.176,0.18,0
ACC-2026-0310,0842534558,2025-10,Fonctionnaire,441.41,50,0.099,6,0,1.0,0,0,0,0,8.41,0.79,55.176,0.18,0
ACC-2026-0310,0842534558,2025-11,Fonctionnaire,441.41,51,0.099,7,0,1.0,0,0,0,0,7.62,0.79,55.176,0.18,0
ACC-2026-0310,0842534558,2025-12,Fonctionnaire,441.41,52,0.099,8,0,1.0,0,0,0,0,7.76,0.79,55.176,0.18,0
ACC-2026-0310,0842534558,2026-01,Fonctionnaire,441.41,53,0.099,9,0,1.0,0,0,0,0,8.26,0.79,55.176,0.18,0
ACC-2026-0310,0842534558,2026-02,Fonctionnaire,441.41,54,0.099,10,0,1.0,0,0,0,0,8.37,0.79,55.176,0.18,0
ACC-2026-0310,0842534558,2026-03,Fonctionnaire,441.41,55,0.099,11,0,1.0,0,0,0,0,8.4,0.79,55.176,0.18,0
ACC-2026-0310,0842534558,2026-04,Fonctionnaire,441.41,56,0.099,12,0,1.0,0,0,0,0,8.12,0.79,55.176,0.18,0
ACC-2026-0310,0842534558,2026-05,Fonctionnaire,441.41,57,0.099,13,0,1.0,0,0,0,0,7.53,0.79,55.176,0.18,0
ACC-2026-0310,0842534558,2026-06,Fonctionnaire,441.41,58,0.099,14,0,1.0,0,0,0,0,7.89,0.79,55.176,0.18,0
ACC-2026-0310,0842534558,2026-07,Fonctionnaire,441.41,59,0.099,15,0,1.0,0,0,0,0,8.02,0.79,55.176,0.18,0
ACC-2026-0311,0846215275,2025-08,Vendeur de rue,427.75,10,0.24,1,0,1.0,0,0,0,0,8.35,1.92,53.469,0.62,0
ACC-2026-0311,0846215275,2025-09,Vendeur de rue,427.75,11,0.24,2,0,1.0,0,0,0,0,7.45,1.92,53.469,0.62,0
ACC-2026-0311,0846215275,2025-10,Vendeur de rue,427.75,12,0.24,3,0,1.0,0,0,0,0,8.37,1.92,53.469,0.62,0
ACC-2026-0311,0846215275,2025-11,Vendeur de rue,427.75,13,0.24,4,0,1.0,0,0,0,0,8.41,1.92,53.469,0.62,0
ACC-2026-0311,0846215275,2025-12,Vendeur de rue,427.75,14,0.24,5,0,1.0,0,0,0,0,7.44,1.92,53.469,0.62,0
ACC-2026-0311,0846215275,2026-01,Vendeur de rue,427.75,15,0.24,6,0,1.0,0,0,0,0,8.31,1.92,53.469,0.62,0
ACC-2026-0311,0846215275,2026-02,Vendeur de rue,427.75,16,0.24,7,0,1.0,0,0,0,0,8.28,1.92,53.469,0.62,0
ACC-2026-0311,0846215275,2026-03,Vendeur de rue,427.75,17,0.24,8,0,1.0,0,0,0,0,7.61,1.92,53.469,0.62,0
ACC-2026-0311,0846215275,2026-04,Vendeur de rue,427.75,18,0.24,9,0,1.0,0,0,0,0,7.85,1.92,53.469,0.62,0
ACC-2026-0311,0846215275,2026-05,Vendeur de rue,427.75,19,0.24,10,0,1.0,0,0,0,0,7.74,1.92,53.469,0.62,0
ACC-2026-0311,0846215275,2026-06,Vendeur de rue,427.75,20,0.24,11,0,1.0,0,0,0,0,7.43,1.92,53.469,0.62,0
ACC-2026-0311,0846215275,2026-07,Vendeur de rue,427.75,21,0.24,12,0,1.0,0,0,0,0,7.86,1.92,53.469,0.62,0
ACC-2026-0312,0842343211,2025-08,Commercant independant,427.25,51,0.115,2,0,1.0,0,0,0,0,9.22,1.15,42.725,0.36,0
ACC-2026-0312,0842343211,2025-09,Commercant independant,427.25,52,0.115,3,0,1.0,0,0,0,0,9.72,1.15,42.725,0.36,0
ACC-2026-0312,0842343211,2025-10,Commercant independant,427.25,53,0.115,4,0,1.0,0,0,0,0,9.24,1.15,42.725,0.36,0
ACC-2026-0312,0842343211,2025-11,Commercant independant,427.25,54,0.115,5,0,1.0,0,0,0,0,10.72,1.15,42.725,0.36,0
ACC-2026-0312,0842343211,2025-12,Commercant independant,427.25,55,0.115,6,0,1.0,0,0,0,0,9.82,1.15,42.725,0.36,0
ACC-2026-0312,0842343211,2026-01,Commercant independant,427.25,56,0.115,7,0,1.0,0,0,0,0,10.49,1.15,42.725,0.36,0
ACC-2026-0312,0842343211,2026-02,Commercant independant,427.25,57,0.115,8,0,1.0,0,0,0,0,10.3,1.15,42.725,0.36,0
ACC-2026-0312,0842343211,2026-03,Commercant independant,427.25,58,0.115,9,0,1.0,0,0,0,0,10.19,1.15,42.725,0.36,0
ACC-2026-0312,0842343211,2026-04,Commercant independant,427.25,59,0.115,10,0,1.0,0,0,0,0,9.63,1.15,42.725,0.36,0
ACC-2026-0312,0842343211,2026-05,Commercant independant,427.25,60,0.115,11,0,1.0,0,0,0,0,10.63,1.15,42.725,0.36,0
ACC-2026-0312,0842343211,2026-06,Commercant independant,427.25,61,0.115,12,0,1.0,0,0,0,0,10.46,1.15,42.725,0.36,0
ACC-2026-0312,0842343211,2026-07,Commercant independant,427.25,62,0.115,13,0,1.0,0,0,0,0,9.22,1.15,42.725,0.36,0
ACC-2026-0313,0841851844,2025-08,Fonctionnaire,428.49,24,0.156,5,0,1.0,0,0,0,0,15.32,2.33,28.566,0.18,1
ACC-2026-0313,0841851844,2025-09,Fonctionnaire,428.49,25,0.156,6,0,1.0,0,0,0,0,16.09,2.33,28.566,0.18,0
ACC-2026-0313,0841851844,2025-10,Fonctionnaire,428.49,26,0.156,7,0,1.0,0,0,0,0,15.83,2.33,28.566,0.18,0
ACC-2026-0313,0841851844,2025-11,Fonctionnaire,428.49,27,0.156,8,0,1.0,0,0,0,0,15.5,2.33,28.566,0.18,0
ACC-2026-0313,0841851844,2025-12,Fonctionnaire,428.49,28,0.156,8,0,0.8,0,0,1,30,14.35,2.33,28.566,0.18,1
ACC-2026-0313,0841851844,2026-01,Fonctionnaire,428.49,29,0.156,8,0,0.667,0,0,2,60,14.74,2.33,28.566,0.18,0
ACC-2026-0313,0841851844,2026-02,Fonctionnaire,428.49,30,0.156,9,0,0.714,0,0,2,0,15.65,4.13,28.566,0.18,0
ACC-2026-0313,0841851844,2026-03,Fonctionnaire,428.49,31,0.156,10,0,0.75,0,0,2,0,13.81,4.13,28.566,0.18,0
ACC-2026-0313,0841851844,2026-04,Fonctionnaire,428.49,32,0.156,11,0,0.778,0,0,2,0,14.83,4.13,28.566,0.18,0
ACC-2026-0313,0841851844,2026-05,Fonctionnaire,428.49,33,0.156,12,0,0.8,0,0,2,0,13.95,4.13,28.566,0.18,0
ACC-2026-0313,0841851844,2026-06,Fonctionnaire,428.49,34,0.156,13,0,0.818,0,0,2,0,16.09,4.13,28.566,0.18,0
ACC-2026-0313,0841851844,2026-07,Fonctionnaire,428.49,35,0.156,14,0,0.833,0,0,2,0,15.94,4.13,28.566,0.18,0
ACC-2026-0314,0845087449,2025-08,Vendeur de rue,306.74,44,0.206,4,0,1.0,0,1,0,0,9.29,2.06,30.674,0.62,0
ACC-2026-0314,0845087449,2025-09,Vendeur de rue,306.74,45,0.206,5,0,1.0,0,1,0,0,10.23,2.06,30.674,0.62,0
ACC-2026-0314,0845087449,2025-10,Vendeur de rue,306.74,46,0.206,6,0,1.0,0,1,0,0,10.52,2.06,30.674,0.62,0
ACC-2026-0314,0845087449,2025-11,Vendeur de rue,306.74,47,0.206,7,0,1.0,0,1,0,0,9.96,2.06,30.674,0.62,0
ACC-2026-0314,0845087449,2025-12,Vendeur de rue,306.74,48,0.206,8,0,1.0,0,1,0,0,9.97,2.06,30.674,0.62,0
ACC-2026-0314,0845087449,2026-01,Vendeur de rue,306.74,49,0.206,9,0,1.0,0,1,0,0,10.73,2.06,30.674,0.62,0
ACC-2026-0314,0845087449,2026-02,Vendeur de rue,306.74,50,0.206,10,0,1.0,0,1,0,0,10.13,2.06,30.674,0.62,0
ACC-2026-0314,0845087449,2026-03,Vendeur de rue,306.74,51,0.206,11,0,1.0,0,1,0,0,9.2,2.06,30.674,0.62,0
ACC-2026-0314,0845087449,2026-04,Vendeur de rue,306.74,52,0.206,12,0,1.0,0,1,0,0,9.45,2.06,30.674,0.62,0
ACC-2026-0314,0845087449,2026-05,Vendeur de rue,306.74,53,0.206,13,0,1.0,0,1,0,0,10.53,2.06,30.674,0.62,0
ACC-2026-0314,0845087449,2026-06,Vendeur de rue,306.74,54,0.206,14,0,1.0,0,1,0,0,9.61,2.06,30.674,0.62,0
ACC-2026-0314,0845087449,2026-07,Vendeur de rue,306.74,55,0.206,15,0,1.0,0,1,0,0,10.06,2.06,30.674,0.62,1
ACC-2026-0315,0844133483,2025-08,Chauffeur,188.22,29,0.158,0,0,0.0,1,0,0,365,10.38,1.58,18.822,0.42,1
ACC-2026-0315,0844133483,2025-09,Chauffeur,188.22,30,0.158,1,0,0.5,1,0,0,0,9.87,1.58,18.822,0.42,0
ACC-2026-0315,0844133483,2025-10,Chauffeur,188.22,31,0.158,1,0,0.333,1,0,1,30,10.42,1.58,18.822,0.42,0
ACC-2026-0315,0844133483,2025-11,Chauffeur,188.22,32,0.158,2,0,0.5,1,0,1,0,9.59,1.58,18.822,0.42,0
ACC-2026-0315,0844133483,2025-12,Chauffeur,188.22,33,0.158,3,0,0.6,1,0,1,0,9.83,1.58,18.822,0.42,1
ACC-2026-0315,0844133483,2026-01,Chauffeur,188.22,34,0.158,4,0,0.667,1,0,1,0,9.65,1.58,18.822,0.42,0
ACC-2026-0315,0844133483,2026-02,Chauffeur,188.22,35,0.158,5,0,0.714,1,0,1,0,9.93,1.58,18.822,0.42,0
ACC-2026-0315,0844133483,2026-03,Chauffeur,188.22,36,0.158,6,0,0.75,1,0,1,0,10.77,1.58,18.822,0.42,0
ACC-2026-0315,0844133483,2026-04,Chauffeur,188.22,37,0.158,7,0,0.778,1,0,1,0,9.34,1.58,18.822,0.42,0
ACC-2026-0315,0844133483,2026-05,Chauffeur,188.22,38,0.158,8,0,0.8,1,0,1,0,9.47,1.58,18.822,0.42,0
ACC-2026-0315,0844133483,2026-06,Chauffeur,188.22,39,0.158,9,0,0.818,1,0,1,0,10.27,1.58,18.822,0.42,0
ACC-2026-0315,0844133483,2026-07,Chauffeur,188.22,40,0.158,10,0,0.833,1,0,1,0,9.43,1.58,18.822,0.42,0
ACC-2026-0316,0842304221,2025-08,Infirmier,302.46,60,0.139,1,0,0.0,0,0,1,365,7.93,1.11,37.807,0.24,1
ACC-2026-0316,0842304221,2025-09,Infirmier,302.46,61,0.139,2,0,0.5,0,0,1,0,8.27,1.11,37.807,0.24,1
ACC-2026-0316,0842304221,2025-10,Infirmier,302.46,62,0.139,3,0,0.667,0,0,1,0,8.59,1.11,37.807,0.24,0
ACC-2026-0316,0842304221,2025-11,Infirmier,302.46,63,0.139,4,0,0.75,0,0,1,0,7.58,1.11,37.807,0.24,0
ACC-2026-0316,0842304221,2025-12,Infirmier,302.46,64,0.139,5,0,0.8,0,0,1,0,8.03,1.11,37.807,0.24,0
ACC-2026-0316,0842304221,2026-01,Infirmier,302.46,65,0.139,6,0,0.833,0,0,1,0,8.08,1.11,37.807,0.24,0
ACC-2026-0316,0842304221,2026-02,Infirmier,302.46,66,0.139,7,0,0.857,0,0,1,0,7.63,1.11,37.807,0.24,0
ACC-2026-0316,0842304221,2026-03,Infirmier,302.46,67,0.139,8,0,0.875,0,0,1,0,8.11,1.11,37.807,0.24,0
ACC-2026-0316,0842304221,2026-04,Infirmier,302.46,68,0.139,9,0,0.889,0,0,1,0,7.96,1.11,37.807,0.24,0
ACC-2026-0316,0842304221,2026-05,Infirmier,302.46,69,0.139,10,0,0.9,0,0,1,0,7.42,1.11,37.807,0.24,0
ACC-2026-0316,0842304221,2026-06,Infirmier,302.46,70,0.139,11,0,0.909,0,0,1,0,7.66,1.11,37.807,0.24,0
ACC-2026-0316,0842304221,2026-07,Infirmier,302.46,71,0.139,12,0,0.917,0,0,1,0,7.64,1.11,37.807,0.24,0
ACC-2026-0317,0843593308,2025-08,Commercant independant,177.88,66,0.135,3,0,1.0,0,0,0,0,15.38,2.03,11.859,0.36,0
ACC-2026-0317,0843593308,2025-09,Commercant independant,177.88,67,0.135,4,0,1.0,0,0,0,0,14.94,2.03,11.859,0.36,0
ACC-2026-0317,0843593308,2025-10,Commercant independant,177.88,68,0.135,5,0,1.0,0,0,0,0,14.51,2.03,11.859,0.36,0
ACC-2026-0317,0843593308,2025-11,Commercant independant,177.88,69,0.135,6,0,1.0,0,0,0,0,14.12,2.03,11.859,0.36,1
ACC-2026-0317,0843593308,2025-12,Commercant independant,177.88,70,0.135,7,0,1.0,0,0,0,0,14.47,2.03,11.859,0.36,0
ACC-2026-0317,0843593308,2026-01,Commercant independant,177.88,71,0.135,8,0,1.0,0,0,0,0,16.02,2.03,11.859,0.36,0
ACC-2026-0317,0843593308,2026-02,Commercant independant,177.88,72,0.135,9,0,1.0,0,0,0,0,16.14,2.03,11.859,0.36,0
ACC-2026-0317,0843593308,2026-03,Commercant independant,177.88,73,0.135,10,0,1.0,0,0,0,0,15.48,2.03,11.859,0.36,0
ACC-2026-0317,0843593308,2026-04,Commercant independant,177.88,74,0.135,11,0,1.0,0,0,0,0,14.11,2.03,11.859,0.36,0
ACC-2026-0317,0843593308,2026-05,Commercant independant,177.88,75,0.135,12,0,1.0,0,0,0,0,15.51,2.03,11.859,0.36,0
ACC-2026-0317,0843593308,2026-06,Commercant independant,177.88,76,0.135,13,0,1.0,0,0,0,0,14.85,2.03,11.859,0.36,0
ACC-2026-0317,0843593308,2026-07,Commercant independant,177.88,77,0.135,14,0,1.0,0,0,0,0,14.05,2.03,11.859,0.36,0
ACC-2026-0318,0843191822,2025-08,Commercant independant,246.79,54,0.224,4,0,1.0,0,0,0,0,14.27,3.36,16.453,0.36,0
ACC-2026-0318,0843191822,2025-09,Commercant independant,246.79,55,0.224,5,0,1.0,0,0,0,0,15.7,3.36,16.453,0.36,0
ACC-2026-0318,0843191822,2025-10,Commercant independant,246.79,56,0.224,6,0,1.0,0,0,0,0,14.65,3.36,16.453,0.36,1
ACC-2026-0318,0843191822,2025-11,Commercant independant,246.79,57,0.224,7,0,1.0,0,0,0,0,14.12,3.36,16.453,0.36,1
ACC-2026-0318,0843191822,2025-12,Commercant independant,246.79,58,0.224,8,0,1.0,0,0,0,0,15.24,3.36,16.453,0.36,0
ACC-2026-0318,0843191822,2026-01,Commercant independant,246.79,59,0.224,9,0,1.0,0,0,0,0,15.58,3.36,16.453,0.36,0
ACC-2026-0318,0843191822,2026-02,Commercant independant,246.79,60,0.224,10,0,1.0,0,0,0,0,15.87,3.36,16.453,0.36,0
ACC-2026-0318,0843191822,2026-03,Commercant independant,246.79,61,0.224,11,0,1.0,0,0,0,0,14.09,3.36,16.453,0.36,0
ACC-2026-0318,0843191822,2026-04,Commercant independant,246.79,62,0.224,12,0,1.0,0,0,0,0,15.58,3.36,16.453,0.36,1
ACC-2026-0318,0843191822,2026-05,Commercant independant,246.79,63,0.224,13,0,1.0,0,0,0,0,14.19,3.36,16.453,0.36,0
ACC-2026-0318,0843191822,2026-06,Commercant independant,246.79,64,0.224,14,0,1.0,0,0,0,0,14.08,3.36,16.453,0.36,0
ACC-2026-0318,0843191822,2026-07,Commercant independant,246.79,65,0.224,15,0,1.0,0,0,0,0,15.14,3.36,16.453,0.36,0
ACC-2026-0319,0847597744,2025-08,Commercant independant,339.93,50,0.194,1,0,0.0,1,0,0,365,10.02,1.94,33.993,0.36,1
ACC-2026-0319,0847597744,2025-09,Commercant independant,339.93,51,0.194,2,0,0.5,1,0,0,0,9.66,1.94,33.993,0.36,1
ACC-2026-0319,0847597744,2025-10,Commercant independant,339.93,52,0.194,3,0,0.667,1,0,0,0,9.91,1.94,33.993,0.36,0
ACC-2026-0319,0847597744,2025-11,Commercant independant,339.93,53,0.194,4,0,0.75,1,0,0,0,10.17,1.94,33.993,0.36,0
ACC-2026-0319,0847597744,2025-12,Commercant independant,339.93,54,0.194,5,0,0.8,1,0,0,0,9.21,1.94,33.993,0.36,0
ACC-2026-0319,0847597744,2026-01,Commercant independant,339.93,55,0.194,6,0,0.833,1,0,0,0,9.41,1.94,33.993,0.36,0
ACC-2026-0319,0847597744,2026-02,Commercant independant,339.93,56,0.194,7,0,0.857,1,0,0,0,9.39,1.94,33.993,0.36,0
ACC-2026-0319,0847597744,2026-03,Commercant independant,339.93,57,0.194,8,0,0.875,1,0,0,0,9.86,1.94,33.993,0.36,0
ACC-2026-0319,0847597744,2026-04,Commercant independant,339.93,58,0.194,9,0,0.889,1,0,0,0,10.25,1.94,33.993,0.36,0
ACC-2026-0319,0847597744,2026-05,Commercant independant,339.93,59,0.194,10,0,0.9,1,0,0,0,10.29,1.94,33.993,0.36,0
ACC-2026-0319,0847597744,2026-06,Commercant independant,339.93,60,0.194,11,0,0.909,1,0,0,0,10.05,1.94,33.993,0.36,0
ACC-2026-0319,0847597744,2026-07,Commercant independant,339.93,61,0.194,12,0,0.917,1,0,0,0,10.19,1.94,33.993,0.36,0
ACC-2026-0320,0843474956,2025-08,Chauffeur,141.9,40,0.323,5,0,1.0,0,0,0,0,29.43,15.08,4.73,0.42,0
ACC-2026-0320,0843474956,2025-09,Chauffeur,141.9,41,0.323,6,0,1.0,0,0,0,0,31.86,15.08,4.73,0.42,0
ACC-2026-0320,0843474956,2025-10,Chauffeur,141.9,42,0.323,7,0,1.0,0,0,0,0,29.81,15.08,4.73,0.42,0
ACC-2026-0320,0843474956,2025-11,Chauffeur,141.9,43,0.323,8,0,1.0,0,0,0,0,29.35,15.08,4.73,0.42,1
ACC-2026-0320,0843474956,2025-12,Chauffeur,141.9,44,0.323,9,0,1.0,0,0,0,0,32.16,15.08,4.73,0.42,0
ACC-2026-0320,0843474956,2026-01,Chauffeur,141.9,45,0.323,9,0,0.833,0,0,1,30,30.99,15.08,4.73,0.42,0
ACC-2026-0320,0843474956,2026-02,Chauffeur,141.9,46,0.323,10,0,0.857,0,0,1,0,27.73,15.08,4.73,0.42,1
ACC-2026-0320,0843474956,2026-03,Chauffeur,141.9,47,0.323,11,0,0.875,0,0,1,0,31.34,15.08,4.73,0.42,0
ACC-2026-0320,0843474956,2026-04,Chauffeur,141.9,48,0.323,12,0,0.889,0,0,1,0,30.0,15.08,4.73,0.42,0
ACC-2026-0320,0843474956,2026-05,Chauffeur,141.9,49,0.323,13,0,0.9,0,0,1,0,31.06,15.08,4.73,0.42,0
ACC-2026-0320,0843474956,2026-06,Chauffeur,141.9,50,0.323,14,0,0.909,0,0,1,0,32.0,15.08,4.73,0.42,1
ACC-2026-0320,0843474956,2026-07,Chauffeur,141.9,51,0.323,15,0,0.917,0,0,1,0,29.7,15.08,4.73,0.42,0
ACC-2026-0321,0845544184,2025-08,Commercant independant,440.12,65,0.236,1,0,1.0,0,0,0,0,21.3,4.72,22.006,0.36,0
ACC-2026-0321,0845544184,2025-09,Commercant independant,440.12,66,0.236,2,0,1.0,0,0,0,0,18.47,4.72,22.006,0.36,1
ACC-2026-0321,0845544184,2025-10,Commercant independant,440.12,67,0.236,3,0,1.0,0,0,0,0,21.08,4.72,22.006,0.36,0
ACC-2026-0321,0845544184,2025-11,Commercant independant,440.12,68,0.236,4,0,1.0,0,0,0,0,21.01,4.72,22.006,0.36,0
ACC-2026-0321,0845544184,2025-12,Commercant independant,440.12,69,0.236,5,0,1.0,0,0,0,0,20.92,4.72,22.006,0.36,0
ACC-2026-0321,0845544184,2026-01,Commercant independant,440.12,70,0.236,6,0,1.0,0,0,0,0,19.83,4.72,22.006,0.36,0
ACC-2026-0321,0845544184,2026-02,Commercant independant,440.12,71,0.236,6,0,0.857,0,0,1,30,21.18,4.72,22.006,0.36,0
ACC-2026-0321,0845544184,2026-03,Commercant independant,440.12,72,0.236,7,0,0.875,0,0,1,0,20.28,4.72,22.006,0.36,0
ACC-2026-0321,0845544184,2026-04,Commercant independant,440.12,73,0.236,8,0,0.889,0,0,1,0,21.0,4.72,22.006,0.36,0
ACC-2026-0321,0845544184,2026-05,Commercant independant,440.12,74,0.236,9,0,0.9,0,0,1,0,20.14,4.72,22.006,0.36,0
ACC-2026-0321,0845544184,2026-06,Commercant independant,440.12,75,0.236,10,0,0.909,0,0,1,0,19.73,4.72,22.006,0.36,0
ACC-2026-0321,0845544184,2026-07,Commercant independant,440.12,76,0.236,11,0,0.917,0,0,1,0,19.08,4.72,22.006,0.36,0
ACC-2026-0322,0847923105,2025-08,Enseignant,324.94,59,0.036,1,0,1.0,0,0,0,0,10.23,0.36,32.494,0.22,0
ACC-2026-0322,0847923105,2025-09,Enseignant,324.94,60,0.036,2,0,1.0,0,0,0,0,9.77,0.36,32.494,0.22,0
ACC-2026-0322,0847923105,2025-10,Enseignant,324.94,61,0.036,3,0,1.0,0,0,0,0,10.37,0.36,32.494,0.22,0
ACC-2026-0322,0847923105,2025-11,Enseignant,324.94,62,0.036,4,0,1.0,0,0,0,0,9.71,0.36,32.494,0.22,0
ACC-2026-0322,0847923105,2025-12,Enseignant,324.94,63,0.036,5,0,1.0,0,0,0,0,10.38,0.36,32.494,0.22,0
ACC-2026-0322,0847923105,2026-01,Enseignant,324.94,64,0.036,6,0,1.0,0,0,0,0,9.94,0.36,32.494,0.22,0
ACC-2026-0322,0847923105,2026-02,Enseignant,324.94,65,0.036,7,0,1.0,0,0,0,0,10.0,0.36,32.494,0.22,0
ACC-2026-0322,0847923105,2026-03,Enseignant,324.94,66,0.036,8,0,1.0,0,0,0,0,10.59,0.36,32.494,0.22,0
ACC-2026-0322,0847923105,2026-04,Enseignant,324.94,67,0.036,9,0,1.0,0,0,0,0,9.86,0.36,32.494,0.22,0
ACC-2026-0322,0847923105,2026-05,Enseignant,324.94,68,0.036,10,0,1.0,0,0,0,0,10.65,0.36,32.494,0.22,0
ACC-2026-0322,0847923105,2026-06,Enseignant,324.94,69,0.036,11,0,1.0,0,0,0,0,10.29,0.36,32.494,0.22,0
ACC-2026-0322,0847923105,2026-07,Enseignant,324.94,70,0.036,11,0,0.917,0,0,1,30,9.65,0.36,32.494,0.22,0
ACC-2026-0323,0846991310,2025-08,Vendeur de rue,345.65,9,0.347,3,0,1.0,0,0,0,0,8.02,2.78,43.206,0.62,1
ACC-2026-0323,0846991310,2025-09,Vendeur de rue,345.65,10,0.347,4,0,1.0,0,0,0,0,7.98,2.78,43.206,0.62,0
ACC-2026-0323,0846991310,2025-10,Vendeur de rue,345.65,11,0.347,4,0,0.667,0,0,1,30,7.6,2.78,43.206,0.62,0
ACC-2026-0323,0846991310,2025-11,Vendeur de rue,345.65,12,0.347,5,0,0.75,0,0,1,0,7.9,2.78,43.206,0.62,0
ACC-2026-0323,0846991310,2025-12,Vendeur de rue,345.65,13,0.347,6,0,0.8,0,0,1,0,8.37,2.78,43.206,0.62,0
ACC-2026-0323,0846991310,2026-01,Vendeur de rue,345.65,14,0.347,7,0,0.833,0,0,1,0,8.39,2.78,43.206,0.62,0
ACC-2026-0323,0846991310,2026-02,Vendeur de rue,345.65,15,0.347,7,0,0.714,1,0,1,30,7.4,2.78,43.206,0.62,0
ACC-2026-0323,0846991310,2026-03,Vendeur de rue,345.65,16,0.347,8,0,0.75,1,0,1,0,8.27,2.78,43.206,0.62,0
ACC-2026-0323,0846991310,2026-04,Vendeur de rue,345.65,17,0.347,9,0,0.778,1,0,1,0,7.39,2.78,43.206,0.62,0
ACC-2026-0323,0846991310,2026-05,Vendeur de rue,345.65,18,0.347,10,0,0.8,1,0,1,0,7.98,2.78,43.206,0.62,0
ACC-2026-0323,0846991310,2026-06,Vendeur de rue,345.65,19,0.347,11,0,0.818,1,0,1,0,8.15,2.78,43.206,0.62,0
ACC-2026-0323,0846991310,2026-07,Vendeur de rue,345.65,20,0.347,12,0,0.833,1,0,1,0,8.52,2.78,43.206,0.62,0
ACC-2026-0324,0848427171,2025-08,Enseignant,191.06,25,0.116,1,0,0.0,0,0,1,365,24.45,7.39,7.642,0.22,0
ACC-2026-0324,0848427171,2025-09,Enseignant,191.06,26,0.116,2,0,0.5,0,0,1,0,26.33,7.39,7.642,0.22,1
ACC-2026-0324,0848427171,2025-10,Enseignant,191.06,27,0.116,3,0,0.667,0,0,1,0,24.71,7.39,7.642,0.22,0
ACC-2026-0324,0848427171,2025-11,Enseignant,191.06,28,0.116,4,0,0.75,0,0,1,0,23.37,7.39,7.642,0.22,0
ACC-2026-0324,0848427171,2025-12,Enseignant,191.06,29,0.116,4,0,0.6,0,0,2,30,23.75,7.39,7.642,0.22,0
ACC-2026-0324,0848427171,2026-01,Enseignant,191.06,30,0.116,5,0,0.667,0,1,2,0,25.02,10.39,7.642,0.22,0
ACC-2026-0324,0848427171,2026-02,Enseignant,191.06,31,0.116,6,0,0.714,0,1,2,0,23.39,10.39,7.642,0.22,1
ACC-2026-0324,0848427171,2026-03,Enseignant,191.06,32,0.116,7,0,0.75,0,2,2,0,26.81,10.39,7.642,0.22,1
ACC-2026-0324,0848427171,2026-04,Enseignant,191.06,33,0.116,8,0,0.778,0,2,2,0,25.53,10.39,7.642,0.22,1
ACC-2026-0324,0848427171,2026-05,Enseignant,191.06,34,0.116,9,0,0.8,0,2,2,0,26.37,10.39,7.642,0.22,0
ACC-2026-0324,0848427171,2026-06,Enseignant,191.06,35,0.116,10,0,0.818,0,2,2,0,26.12,10.39,7.642,0.22,0
ACC-2026-0324,0848427171,2026-07,Enseignant,191.06,36,0.116,11,1,0.833,0,2,2,0,23.84,10.39,7.642,0.22,1
ACC-2026-0325,0843562992,2025-08,Enseignant,443.68,3,0.186,5,0,1.0,0,0,0,0,32.39,5.58,14.789,0.22,0
ACC-2026-0325,0843562992,2025-09,Enseignant,443.68,4,0.186,6,0,1.0,0,0,0,0,30.32,5.58,14.789,0.22,0
ACC-2026-0325,0843562992,2025-10,Enseignant,443.68,5,0.186,7,0,1.0,0,0,0,0,31.73,5.58,14.789,0.22,0
ACC-2026-0325,0843562992,2025-11,Enseignant,443.68,6,0.186,8,0,1.0,0,0,0,0,29.41,5.58,14.789,0.22,0
ACC-2026-0325,0843562992,2025-12,Enseignant,443.68,7,0.186,9,0,1.0,0,0,0,0,28.61,5.58,14.789,0.22,0
ACC-2026-0325,0843562992,2026-01,Enseignant,443.68,8,0.186,10,0,1.0,0,0,0,0,31.91,5.58,14.789,0.22,0
ACC-2026-0325,0843562992,2026-02,Enseignant,443.68,9,0.186,11,0,1.0,0,0,0,0,27.92,5.58,14.789,0.22,0
ACC-2026-0325,0843562992,2026-03,Enseignant,443.68,10,0.186,12,0,1.0,0,0,0,0,30.88,5.58,14.789,0.22,0
ACC-2026-0325,0843562992,2026-04,Enseignant,443.68,11,0.186,13,0,1.0,0,0,0,0,29.93,5.58,14.789,0.22,0
ACC-2026-0325,0843562992,2026-05,Enseignant,443.68,12,0.186,14,0,1.0,0,0,0,0,31.31,5.58,14.789,0.22,0
ACC-2026-0325,0843562992,2026-06,Enseignant,443.68,13,0.186,14,0,0.909,0,0,1,30,30.77,5.58,14.789,0.22,0
ACC-2026-0325,0843562992,2026-07,Enseignant,443.68,14,0.186,15,0,0.917,0,0,1,0,27.88,5.58,14.789,0.22,0
ACC-2026-0326,0844845985,2025-08,Chauffeur,434.67,61,0.167,1,0,1.0,0,0,0,0,28.93,5.02,14.489,0.42,0
ACC-2026-0326,0844845985,2025-09,Chauffeur,434.67,62,0.167,2,0,1.0,0,0,0,0,27.95,5.02,14.489,0.42,0
ACC-2026-0326,0844845985,2025-10,Chauffeur,434.67,63,0.167,2,0,0.667,1,0,0,30,28.02,5.02,14.489,0.42,0
ACC-2026-0326,0844845985,2025-11,Chauffeur,434.67,64,0.167,2,0,0.5,2,0,0,60,31.28,5.02,14.489,0.42,0
ACC-2026-0326,0844845985,2025-12,Chauffeur,434.67,65,0.167,3,0,0.6,2,0,0,0,30.33,8.02,14.489,0.42,0
ACC-2026-0326,0844845985,2026-01,Chauffeur,434.67,66,0.167,4,0,0.667,2,0,0,0,32.33,8.02,14.489,0.42,0
ACC-2026-0326,0844845985,2026-02,Chauffeur,434.67,67,0.167,5,0,0.714,2,0,0,0,31.46,8.02,14.489,0.42,0
ACC-2026-0326,0844845985,2026-03,Chauffeur,434.67,68,0.167,6,0,0.75,2,0,0,0,27.69,8.02,14.489,0.42,0
ACC-2026-0326,0844845985,2026-04,Chauffeur,434.67,69,0.167,7,0,0.778,2,0,0,0,27.94,8.02,14.489,0.42,0
ACC-2026-0326,0844845985,2026-05,Chauffeur,434.67,70,0.167,8,0,0.8,2,0,0,0,30.78,8.02,14.489,0.42,1
ACC-2026-0326,0844845985,2026-06,Chauffeur,434.67,71,0.167,9,0,0.818,2,0,0,0,28.77,8.02,14.489,0.42,0
ACC-2026-0326,0844845985,2026-07,Chauffeur,434.67,72,0.167,10,0,0.833,2,0,0,0,29.82,8.02,14.489,0.42,0
ACC-2026-0327,0841609611,2025-08,Chauffeur,262.19,22,0.187,4,0,1.0,0,0,0,0,20.95,3.75,13.11,0.42,0
ACC-2026-0327,0841609611,2025-09,Chauffeur,262.19,23,0.187,5,0,1.0,0,0,0,0,19.65,3.75,13.11,0.42,0
ACC-2026-0327,0841609611,2025-10,Chauffeur,262.19,24,0.187,6,0,1.0,0,0,0,0,20.25,3.75,13.11,0.42,0
ACC-2026-0327,0841609611,2025-11,Chauffeur,262.19,25,0.187,7,0,1.0,0,0,0,0,19.75,3.75,13.11,0.42,0
ACC-2026-0327,0841609611,2025-12,Chauffeur,262.19,26,0.187,8,0,1.0,0,0,0,0,20.42,3.75,13.11,0.42,0
ACC-2026-0327,0841609611,2026-01,Chauffeur,262.19,27,0.187,9,0,1.0,0,0,0,0,19.05,3.75,13.11,0.42,0
ACC-2026-0327,0841609611,2026-02,Chauffeur,262.19,28,0.187,10,0,1.0,0,0,0,0,19.39,3.75,13.11,0.42,0
ACC-2026-0327,0841609611,2026-03,Chauffeur,262.19,29,0.187,11,0,1.0,0,0,0,0,20.25,3.75,13.11,0.42,0
ACC-2026-0327,0841609611,2026-04,Chauffeur,262.19,30,0.187,12,0,1.0,0,0,0,0,18.91,3.75,13.11,0.42,0
ACC-2026-0327,0841609611,2026-05,Chauffeur,262.19,31,0.187,12,0,0.9,0,0,1,30,19.52,3.75,13.11,0.42,0
ACC-2026-0327,0841609611,2026-06,Chauffeur,262.19,32,0.187,13,0,0.909,0,0,1,0,20.45,3.75,13.11,0.42,0
ACC-2026-0327,0841609611,2026-07,Chauffeur,262.19,33,0.187,13,0,0.833,0,0,2,30,18.56,3.75,13.11,0.42,0
ACC-2026-0328,0848789111,2025-08,Commercant independant,327.79,40,0.188,4,0,1.0,0,0,0,0,24.19,4.71,13.112,0.36,0
ACC-2026-0328,0848789111,2025-09,Commercant independant,327.79,41,0.188,5,0,1.0,0,0,0,0,26.76,4.71,13.112,0.36,0
ACC-2026-0328,0848789111,2025-10,Commercant independant,327.79,42,0.188,6,0,1.0,0,0,0,0,24.71,4.71,13.112,0.36,0
ACC-2026-0328,0848789111,2025-11,Commercant independant,327.79,43,0.188,7,0,1.0,0,0,0,0,23.09,4.71,13.112,0.36,0
ACC-2026-0328,0848789111,2025-12,Commercant independant,327.79,44,0.188,8,0,1.0,0,0,0,0,23.8,4.71,13.112,0.36,0
ACC-2026-0328,0848789111,2026-01,Commercant independant,327.79,45,0.188,9,0,1.0,0,0,0,0,24.71,4.71,13.112,0.36,0
ACC-2026-0328,0848789111,2026-02,Commercant independant,327.79,46,0.188,9,0,0.857,1,0,0,30,26.53,4.71,13.112,0.36,0
ACC-2026-0328,0848789111,2026-03,Commercant independant,327.79,47,0.188,10,0,0.875,1,0,0,0,24.52,4.71,13.112,0.36,1
ACC-2026-0328,0848789111,2026-04,Commercant independant,327.79,48,0.188,11,0,0.889,1,0,0,0,24.86,4.71,13.112,0.36,0
ACC-2026-0328,0848789111,2026-05,Commercant independant,327.79,49,0.188,12,0,0.9,1,0,0,0,25.12,4.71,13.112,0.36,0
ACC-2026-0328,0848789111,2026-06,Commercant independant,327.79,50,0.188,13,0,0.909,1,0,0,0,23.94,4.71,13.112,0.36,0
ACC-2026-0328,0848789111,2026-07,Commercant independant,327.79,51,0.188,14,0,0.917,1,0,0,0,25.1,4.71,13.112,0.36,0
ACC-2026-0329,0846627064,2025-08,Chauffeur,280.62,56,0.157,3,0,1.0,0,0,0,0,10.6,1.57,28.062,0.42,0
ACC-2026-0329,0846627064,2025-09,Chauffeur,280.62,57,0.157,4,0,1.0,0,0,0,0,10.33,1.57,28.062,0.42,0
ACC-2026-0329,0846627064,2025-10,Chauffeur,280.62,58,0.157,5,0,1.0,0,0,0,0,9.39,1.57,28.062,0.42,0
ACC-2026-0329,0846627064,2025-11,Chauffeur,280.62,59,0.157,6,0,1.0,0,0,0,0,10.17,1.57,28.062,0.42,0
ACC-2026-0329,0846627064,2025-12,Chauffeur,280.62,60,0.157,7,0,1.0,0,0,0,0,10.13,1.57,28.062,0.42,0
ACC-2026-0329,0846627064,2026-01,Chauffeur,280.62,61,0.157,8,0,1.0,0,0,0,0,9.86,1.57,28.062,0.42,0
ACC-2026-0329,0846627064,2026-02,Chauffeur,280.62,62,0.157,9,0,1.0,0,0,0,0,10.32,1.57,28.062,0.42,0
ACC-2026-0329,0846627064,2026-03,Chauffeur,280.62,63,0.157,10,0,1.0,0,0,0,0,10.0,1.57,28.062,0.42,0
ACC-2026-0329,0846627064,2026-04,Chauffeur,280.62,64,0.157,11,0,1.0,0,0,0,0,9.55,1.57,28.062,0.42,0
ACC-2026-0329,0846627064,2026-05,Chauffeur,280.62,65,0.157,12,0,1.0,0,0,0,0,10.61,1.57,28.062,0.42,0
ACC-2026-0329,0846627064,2026-06,Chauffeur,280.62,66,0.157,13,0,1.0,0,0,0,0,9.45,1.57,28.062,0.42,0
ACC-2026-0329,0846627064,2026-07,Chauffeur,280.62,67,0.157,14,0,1.0,0,0,0,0,9.91,1.57,28.062,0.42,0
ACC-2026-0330,0849031877,2025-08,Agriculteur,366.67,62,0.175,5,0,1.0,0,0,0,0,14.49,2.63,24.445,0.46,0
ACC-2026-0330,0849031877,2025-09,Agriculteur,366.67,63,0.175,6,0,1.0,0,0,0,0,15.72,2.63,24.445,0.46,0
ACC-2026-0330,0849031877,2025-10,Agriculteur,366.67,64,0.175,6,0,0.667,0,0,1,30,13.82,2.63,24.445,0.46,0
ACC-2026-0330,0849031877,2025-11,Agriculteur,366.67,65,0.175,7,0,0.75,0,0,1,0,14.72,2.63,24.445,0.46,0
ACC-2026-0330,0849031877,2025-12,Agriculteur,366.67,66,0.175,8,0,0.8,0,0,1,0,13.93,2.63,24.445,0.46,0
ACC-2026-0330,0849031877,2026-01,Agriculteur,366.67,67,0.175,9,0,0.833,0,0,1,0,14.06,2.63,24.445,0.46,0
ACC-2026-0330,0849031877,2026-02,Agriculteur,366.67,68,0.175,10,0,0.857,0,0,1,0,14.6,2.63,24.445,0.46,0
ACC-2026-0330,0849031877,2026-03,Agriculteur,366.67,69,0.175,11,0,0.875,0,0,1,0,14.74,2.63,24.445,0.46,0
ACC-2026-0330,0849031877,2026-04,Agriculteur,366.67,70,0.175,12,0,0.889,0,0,1,0,14.93,2.63,24.445,0.46,0
ACC-2026-0330,0849031877,2026-05,Agriculteur,366.67,71,0.175,13,0,0.9,0,0,1,0,13.99,2.63,24.445,0.46,0
ACC-2026-0330,0849031877,2026-06,Agriculteur,366.67,72,0.175,14,0,0.909,0,1,1,0,15.49,2.63,24.445,0.46,0
ACC-2026-0330,0849031877,2026-07,Agriculteur,366.67,73,0.175,15,0,0.917,0,1,1,0,14.75,2.63,24.445,0.46,0
ACC-2026-0331,0847224122,2025-08,Fonctionnaire,433.37,25,0.03,2,0,1.0,0,0,0,0,19.2,0.6,21.669,0.18,0
ACC-2026-0331,0847224122,2025-09,Fonctionnaire,433.37,26,0.03,3,0,1.0,0,0,0,0,19.07,0.6,21.669,0.18,0
ACC-2026-0331,0847224122,2025-10,Fonctionnaire,433.37,27,0.03,4,0,1.0,0,0,0,0,20.69,0.6,21.669,0.18,0
ACC-2026-0331,0847224122,2025-11,Fonctionnaire,433.37,28,0.03,5,0,1.0,0,0,0,0,20.51,0.6,21.669,0.18,0
ACC-2026-0331,0847224122,2025-12,Fonctionnaire,433.37,29,0.03,6,0,1.0,0,0,0,0,20.17,0.6,21.669,0.18,0
ACC-2026-0331,0847224122,2026-01,Fonctionnaire,433.37,30,0.03,7,0,1.0,0,0,0,0,20.67,0.6,21.669,0.18,0
ACC-2026-0331,0847224122,2026-02,Fonctionnaire,433.37,31,0.03,8,0,1.0,0,0,0,0,20.26,0.6,21.669,0.18,0
ACC-2026-0331,0847224122,2026-03,Fonctionnaire,433.37,32,0.03,9,0,1.0,0,0,0,0,20.47,0.6,21.669,0.18,0
ACC-2026-0331,0847224122,2026-04,Fonctionnaire,433.37,33,0.03,10,0,1.0,0,0,0,0,19.89,0.6,21.669,0.18,0
ACC-2026-0331,0847224122,2026-05,Fonctionnaire,433.37,34,0.03,11,0,1.0,0,0,0,0,19.42,0.6,21.669,0.18,0
ACC-2026-0331,0847224122,2026-06,Fonctionnaire,433.37,35,0.03,12,0,1.0,0,0,0,0,19.57,0.6,21.669,0.18,0
ACC-2026-0331,0847224122,2026-07,Fonctionnaire,433.37,36,0.03,13,0,1.0,0,0,0,0,21.42,0.6,21.669,0.18,0
ACC-2026-0332,0848523837,2025-08,Agriculteur,481.9,21,0.159,5,0,1.0,0,0,0,0,10.2,1.59,48.19,0.46,0
ACC-2026-0332,0848523837,2025-09,Agriculteur,481.9,22,0.159,6,0,1.0,0,0,0,0,9.84,1.59,48.19,0.46,0
ACC-2026-0332,0848523837,2025-10,Agriculteur,481.9,23,0.159,7,0,1.0,0,0,0,0,9.57,1.59,48.19,0.46,0
ACC-2026-0332,0848523837,2025-11,Agriculteur,481.9,24,0.159,8,0,1.0,0,0,0,0,9.31,1.59,48.19,0.46,0
ACC-2026-0332,0848523837,2025-12,Agriculteur,481.9,25,0.159,9,0,1.0,0,0,0,0,9.93,1.59,48.19,0.46,1
ACC-2026-0332,0848523837,2026-01,Agriculteur,481.9,26,0.159,10,0,1.0,0,0,0,0,9.43,1.59,48.19,0.46,0
ACC-2026-0332,0848523837,2026-02,Agriculteur,481.9,27,0.159,11,0,1.0,0,0,0,0,9.7,1.59,48.19,0.46,1
ACC-2026-0332,0848523837,2026-03,Agriculteur,481.9,28,0.159,12,0,1.0,0,0,0,0,9.79,1.59,48.19,0.46,0
ACC-2026-0332,0848523837,2026-04,Agriculteur,481.9,29,0.159,13,0,1.0,0,0,0,0,9.57,1.59,48.19,0.46,0
ACC-2026-0332,0848523837,2026-05,Agriculteur,481.9,30,0.159,14,0,1.0,0,0,0,0,9.47,1.59,48.19,0.46,0
ACC-2026-0332,0848523837,2026-06,Agriculteur,481.9,31,0.159,15,0,1.0,0,0,0,0,10.47,1.59,48.19,0.46,0
ACC-2026-0332,0848523837,2026-07,Agriculteur,481.9,32,0.159,16,0,1.0,0,0,0,0,10.71,1.59,48.19,0.46,0
ACC-2026-0333,0841274903,2025-08,Fonctionnaire,340.12,17,0.03,3,0,1.0,0,0,0,0,15.75,0.45,22.675,0.18,0
ACC-2026-0333,0841274903,2025-09,Fonctionnaire,340.12,18,0.03,4,0,1.0,0,0,0,0,15.92,0.45,22.675,0.18,0
ACC-2026-0333,0841274903,2025-10,Fonctionnaire,340.12,19,0.03,5,0,1.0,0,0,0,0,16.0,0.45,22.675,0.18,0
ACC-2026-0333,0841274903,2025-11,Fonctionnaire,340.12,20,0.03,6,0,1.0,0,0,0,0,14.43,0.45,22.675,0.18,0
ACC-2026-0333,0841274903,2025-12,Fonctionnaire,340.12,21,0.03,7,0,1.0,0,0,0,0,15.87,0.45,22.675,0.18,0
ACC-2026-0333,0841274903,2026-01,Fonctionnaire,340.12,22,0.03,8,0,1.0,0,0,0,0,15.1,0.45,22.675,0.18,0
ACC-2026-0333,0841274903,2026-02,Fonctionnaire,340.12,23,0.03,9,0,1.0,0,0,0,0,15.43,0.45,22.675,0.18,0
ACC-2026-0333,0841274903,2026-03,Fonctionnaire,340.12,24,0.03,10,0,1.0,0,0,0,0,13.95,0.45,22.675,0.18,0
ACC-2026-0333,0841274903,2026-04,Fonctionnaire,340.12,25,0.03,11,0,1.0,0,0,0,0,15.2,0.45,22.675,0.18,0
ACC-2026-0333,0841274903,2026-05,Fonctionnaire,340.12,26,0.03,12,0,1.0,0,0,0,0,14.48,0.45,22.675,0.18,0
ACC-2026-0333,0841274903,2026-06,Fonctionnaire,340.12,27,0.03,13,0,1.0,0,0,0,0,16.07,0.45,22.675,0.18,0
ACC-2026-0333,0841274903,2026-07,Fonctionnaire,340.12,28,0.03,14,0,1.0,0,0,0,0,15.65,0.45,22.675,0.18,0
ACC-2026-0334,0843180882,2025-08,Fonctionnaire,173.87,7,0.086,5,0,1.0,0,0,0,0,8.25,0.69,21.734,0.18,0
ACC-2026-0334,0843180882,2025-09,Fonctionnaire,173.87,8,0.086,6,0,1.0,0,0,0,0,8.31,0.69,21.734,0.18,0
ACC-2026-0334,0843180882,2025-10,Fonctionnaire,173.87,9,0.086,7,0,1.0,0,0,0,0,7.45,0.69,21.734,0.18,0
ACC-2026-0334,0843180882,2025-11,Fonctionnaire,173.87,10,0.086,8,0,1.0,0,0,0,0,8.25,0.69,21.734,0.18,0
ACC-2026-0334,0843180882,2025-12,Fonctionnaire,173.87,11,0.086,9,0,1.0,0,0,0,0,7.81,0.69,21.734,0.18,0
ACC-2026-0334,0843180882,2026-01,Fonctionnaire,173.87,12,0.086,10,0,1.0,0,0,0,0,7.81,0.69,21.734,0.18,0
ACC-2026-0334,0843180882,2026-02,Fonctionnaire,173.87,13,0.086,11,0,1.0,0,0,0,0,7.5,0.69,21.734,0.18,0
ACC-2026-0334,0843180882,2026-03,Fonctionnaire,173.87,14,0.086,12,0,1.0,0,0,0,0,8.57,0.69,21.734,0.18,0
ACC-2026-0334,0843180882,2026-04,Fonctionnaire,173.87,15,0.086,13,0,1.0,0,0,0,0,7.59,0.69,21.734,0.18,0
ACC-2026-0334,0843180882,2026-05,Fonctionnaire,173.87,16,0.086,14,0,1.0,0,0,0,0,7.5,0.69,21.734,0.18,0
ACC-2026-0334,0843180882,2026-06,Fonctionnaire,173.87,17,0.086,15,0,1.0,0,0,0,0,7.69,0.69,21.734,0.18,0
ACC-2026-0334,0843180882,2026-07,Fonctionnaire,173.87,18,0.086,16,0,1.0,0,0,0,0,8.52,0.69,21.734,0.18,1
ACC-2026-0335,0844279979,2025-08,Enseignant,354.92,3,0.249,5,0,1.0,0,0,0,0,15.24,3.74,23.661,0.22,1
ACC-2026-0335,0844279979,2025-09,Enseignant,354.92,4,0.249,6,0,1.0,0,0,0,0,15.73,3.74,23.661,0.22,0
ACC-2026-0335,0844279979,2025-10,Enseignant,354.92,5,0.249,7,0,1.0,0,0,0,0,15.64,3.74,23.661,0.22,1
ACC-2026-0335,0844279979,2025-11,Enseignant,354.92,6,0.249,8,0,1.0,0,0,0,0,14.55,3.74,23.661,0.22,0
ACC-2026-0335,0844279979,2025-12,Enseignant,354.92,7,0.249,9,0,1.0,0,0,0,0,15.48,3.74,23.661,0.22,0
ACC-2026-0335,0844279979,2026-01,Enseignant,354.92,8,0.249,10,0,1.0,0,0,0,0,14.18,3.74,23.661,0.22,0
ACC-2026-0335,0844279979,2026-02,Enseignant,354.92,9,0.249,11,0,1.0,0,0,0,0,14.44,3.74,23.661,0.22,0
ACC-2026-0335,0844279979,2026-03,Enseignant,354.92,10,0.249,12,0,1.0,0,0,0,0,14.21,3.74,23.661,0.22,0
ACC-2026-0335,0844279979,2026-04,Enseignant,354.92,11,0.249,12,0,0.889,0,0,1,30,13.99,3.74,23.661,0.22,0
ACC-2026-0335,0844279979,2026-05,Enseignant,354.92,12,0.249,13,0,0.9,0,0,1,0,15.25,3.74,23.661,0.22,0
ACC-2026-0335,0844279979,2026-06,Enseignant,354.92,13,0.249,14,0,0.909,0,0,1,0,14.18,3.74,23.661,0.22,0
ACC-2026-0335,0844279979,2026-07,Enseignant,354.92,14,0.249,15,0,0.917,0,0,1,0,15.88,3.74,23.661,0.22,0
ACC-2026-0336,0841705339,2025-08,Enseignant,442.63,41,0.14,5,0,1.0,0,0,0,0,14.85,2.1,29.509,0.22,0
ACC-2026-0336,0841705339,2025-09,Enseignant,442.63,42,0.14,6,0,1.0,0,0,0,0,14.78,2.1,29.509,0.22,0
ACC-2026-0336,0841705339,2025-10,Enseignant,442.63,43,0.14,7,0,1.0,0,0,0,0,16.09,2.1,29.509,0.22,0
ACC-2026-0336,0841705339,2025-11,Enseignant,442.63,44,0.14,8,0,1.0,0,0,0,0,14.42,2.1,29.509,0.22,0
ACC-2026-0336,0841705339,2025-12,Enseignant,442.63,45,0.14,9,0,1.0,0,0,0,0,14.03,2.1,29.509,0.22,0
ACC-2026-0336,0841705339,2026-01,Enseignant,442.63,46,0.14,10,0,1.0,0,0,0,0,15.62,2.1,29.509,0.22,0
ACC-2026-0336,0841705339,2026-02,Enseignant,442.63,47,0.14,11,0,1.0,0,0,0,0,15.84,2.1,29.509,0.22,0
ACC-2026-0336,0841705339,2026-03,Enseignant,442.63,48,0.14,12,0,1.0,0,0,0,0,14.0,2.1,29.509,0.22,0
ACC-2026-0336,0841705339,2026-04,Enseignant,442.63,49,0.14,13,0,1.0,0,0,0,0,15.68,2.1,29.509,0.22,0
ACC-2026-0336,0841705339,2026-05,Enseignant,442.63,50,0.14,14,0,1.0,0,0,0,0,15.92,2.1,29.509,0.22,0
ACC-2026-0336,0841705339,2026-06,Enseignant,442.63,51,0.14,15,0,1.0,0,0,0,0,15.1,2.1,29.509,0.22,0
ACC-2026-0336,0841705339,2026-07,Enseignant,442.63,52,0.14,16,0,1.0,0,0,0,0,13.82,2.1,29.509,0.22,0
ACC-2026-0337,0846481395,2025-08,Infirmier,285.46,40,0.162,1,0,1.0,0,1,0,0,9.82,1.62,28.546,0.24,0
ACC-2026-0337,0846481395,2025-09,Infirmier,285.46,41,0.162,2,0,1.0,0,1,0,0,9.91,1.62,28.546,0.24,0
ACC-2026-0337,0846481395,2025-10,Infirmier,285.46,42,0.162,3,0,1.0,0,1,0,0,9.72,1.62,28.546,0.24,0
ACC-2026-0337,0846481395,2025-11,Infirmier,285.46,43,0.162,4,0,1.0,0,1,0,0,10.71,1.62,28.546,0.24,0
ACC-2026-0337,0846481395,2025-12,Infirmier,285.46,44,0.162,5,0,1.0,0,1,0,0,10.15,1.62,28.546,0.24,0
ACC-2026-0337,0846481395,2026-01,Infirmier,285.46,45,0.162,6,0,1.0,0,1,0,0,9.38,1.62,28.546,0.24,0
ACC-2026-0337,0846481395,2026-02,Infirmier,285.46,46,0.162,7,0,1.0,0,1,0,0,9.49,1.62,28.546,0.24,1
ACC-2026-0337,0846481395,2026-03,Infirmier,285.46,47,0.162,8,0,1.0,0,1,0,0,9.27,1.62,28.546,0.24,0
ACC-2026-0337,0846481395,2026-04,Infirmier,285.46,48,0.162,9,0,1.0,0,1,0,0,10.76,1.62,28.546,0.24,0
ACC-2026-0337,0846481395,2026-05,Infirmier,285.46,49,0.162,10,0,1.0,0,1,0,0,10.61,1.62,28.546,0.24,0
ACC-2026-0337,0846481395,2026-06,Infirmier,285.46,50,0.162,11,0,1.0,0,1,0,0,9.95,1.62,28.546,0.24,0
ACC-2026-0337,0846481395,2026-07,Infirmier,285.46,51,0.162,12,0,1.0,0,1,0,0,10.14,1.62,28.546,0.24,0
ACC-2026-0338,0849839008,2025-08,Fonctionnaire,363.63,21,0.113,1,0,1.0,0,0,0,0,23.08,2.82,14.545,0.18,0
ACC-2026-0338,0849839008,2025-09,Fonctionnaire,363.63,22,0.113,2,0,1.0,0,0,0,0,25.95,2.82,14.545,0.18,0
ACC-2026-0338,0849839008,2025-10,Fonctionnaire,363.63,23,0.113,3,0,1.0,0,0,0,0,24.39,2.82,14.545,0.18,0
ACC-2026-0338,0849839008,2025-11,Fonctionnaire,363.63,24,0.113,4,0,1.0,0,0,0,0,25.18,2.82,14.545,0.18,0
ACC-2026-0338,0849839008,2025-12,Fonctionnaire,363.63,25,0.113,5,0,1.0,0,0,0,0,23.19,2.82,14.545,0.18,0
ACC-2026-0338,0849839008,2026-01,Fonctionnaire,363.63,26,0.113,6,0,1.0,0,0,0,0,26.6,2.82,14.545,0.18,1
ACC-2026-0338,0849839008,2026-02,Fonctionnaire,363.63,27,0.113,7,0,1.0,0,0,0,0,25.76,2.82,14.545,0.18,0
ACC-2026-0338,0849839008,2026-03,Fonctionnaire,363.63,28,0.113,8,0,1.0,0,0,0,0,25.64,2.82,14.545,0.18,0
ACC-2026-0338,0849839008,2026-04,Fonctionnaire,363.63,29,0.113,9,0,1.0,0,0,0,0,24.59,2.82,14.545,0.18,0
ACC-2026-0338,0849839008,2026-05,Fonctionnaire,363.63,30,0.113,10,0,1.0,0,0,0,0,24.74,2.82,14.545,0.18,0
ACC-2026-0338,0849839008,2026-06,Fonctionnaire,363.63,31,0.113,11,0,1.0,0,0,0,0,26.97,2.82,14.545,0.18,0
ACC-2026-0338,0849839008,2026-07,Fonctionnaire,363.63,32,0.113,12,0,1.0,0,0,0,0,24.54,2.82,14.545,0.18,0
ACC-2026-0339,0844598547,2025-08,Vendeur de rue,151.01,65,0.301,5,0,1.0,0,0,0,0,15.6,4.51,10.067,0.62,0
ACC-2026-0339,0844598547,2025-09,Vendeur de rue,151.01,66,0.301,6,0,1.0,0,0,0,0,14.39,4.51,10.067,0.62,0
ACC-2026-0339,0844598547,2025-10,Vendeur de rue,151.01,67,0.301,7,0,1.0,0,1,0,0,16.14,4.51,10.067,0.62,0
ACC-2026-0339,0844598547,2025-11,Vendeur de rue,151.01,68,0.301,8,0,1.0,0,1,0,0,14.28,4.51,10.067,0.62,0
ACC-2026-0339,0844598547,2025-12,Vendeur de rue,151.01,69,0.301,9,0,1.0,0,2,0,0,15.1,4.51,10.067,0.62,0
ACC-2026-0339,0844598547,2026-01,Vendeur de rue,151.01,70,0.301,10,0,1.0,0,2,0,0,14.25,4.51,10.067,0.62,0
ACC-2026-0339,0844598547,2026-02,Vendeur de rue,151.01,71,0.301,10,0,0.857,0,2,1,30,14.94,4.51,10.067,0.62,0
ACC-2026-0339,0844598547,2026-03,Vendeur de rue,151.01,72,0.301,11,0,0.875,0,2,1,0,13.85,4.51,10.067,0.62,0
ACC-2026-0339,0844598547,2026-04,Vendeur de rue,151.01,73,0.301,12,0,0.889,0,2,1,0,15.36,4.51,10.067,0.62,0
ACC-2026-0339,0844598547,2026-05,Vendeur de rue,151.01,74,0.301,13,0,0.9,0,2,1,0,15.2,4.51,10.067,0.62,0
ACC-2026-0339,0844598547,2026-06,Vendeur de rue,151.01,75,0.301,14,0,0.909,0,2,1,0,14.04,4.51,10.067,0.62,0
ACC-2026-0339,0844598547,2026-07,Vendeur de rue,151.01,76,0.301,15,0,0.917,0,2,1,0,15.29,4.51,10.067,0.62,0
ACC-2026-0340,0847874490,2025-08,Fonctionnaire,460.56,65,0.03,5,0,1.0,0,0,0,0,31.7,0.9,15.352,0.18,0
ACC-2026-0340,0847874490,2025-09,Fonctionnaire,460.56,66,0.03,6,0,1.0,0,0,0,0,30.77,0.9,15.352,0.18,0
ACC-2026-0340,0847874490,2025-10,Fonctionnaire,460.56,67,0.03,7,0,1.0,0,0,0,0,31.55,0.9,15.352,0.18,0
ACC-2026-0340,0847874490,2025-11,Fonctionnaire,460.56,68,0.03,8,0,1.0,0,0,0,0,32.18,0.9,15.352,0.18,0
ACC-2026-0340,0847874490,2025-12,Fonctionnaire,460.56,69,0.03,9,0,1.0,0,0,0,0,31.78,0.9,15.352,0.18,0
ACC-2026-0340,0847874490,2026-01,Fonctionnaire,460.56,70,0.03,10,0,1.0,0,0,0,0,28.58,0.9,15.352,0.18,0
ACC-2026-0340,0847874490,2026-02,Fonctionnaire,460.56,71,0.03,11,0,1.0,0,0,0,0,28.38,0.9,15.352,0.18,0
ACC-2026-0340,0847874490,2026-03,Fonctionnaire,460.56,72,0.03,12,0,1.0,0,0,0,0,30.62,0.9,15.352,0.18,0
ACC-2026-0340,0847874490,2026-04,Fonctionnaire,460.56,73,0.03,13,0,1.0,0,0,0,0,28.26,0.9,15.352,0.18,1
ACC-2026-0340,0847874490,2026-05,Fonctionnaire,460.56,74,0.03,14,0,1.0,0,0,0,0,29.88,0.9,15.352,0.18,0
ACC-2026-0340,0847874490,2026-06,Fonctionnaire,460.56,75,0.03,15,0,1.0,0,0,0,0,32.39,0.9,15.352,0.18,0
ACC-2026-0340,0847874490,2026-07,Fonctionnaire,460.56,76,0.03,16,0,1.0,0,0,0,0,29.93,0.9,15.352,0.18,0
ACC-2026-0341,0848671957,2025-08,Infirmier,339.73,46,0.127,5,0,1.0,0,0,0,0,28.92,3.81,11.324,0.24,0
ACC-2026-0341,0848671957,2025-09,Infirmier,339.73,47,0.127,6,0,1.0,0,0,0,0,30.02,3.81,11.324,0.24,0
ACC-2026-0341,0848671957,2025-10,Infirmier,339.73,48,0.127,7,0,1.0,0,0,0,0,31.63,3.81,11.324,0.24,0
ACC-2026-0341,0848671957,2025-11,Infirmier,339.73,49,0.127,8,0,1.0,0,0,0,0,31.12,3.81,11.324,0.24,0
ACC-2026-0341,0848671957,2025-12,Infirmier,339.73,50,0.127,9,0,1.0,0,0,0,0,29.01,3.81,11.324,0.24,1
ACC-2026-0341,0848671957,2026-01,Infirmier,339.73,51,0.127,10,0,1.0,0,0,0,0,27.65,3.81,11.324,0.24,0
ACC-2026-0341,0848671957,2026-02,Infirmier,339.73,52,0.127,11,0,1.0,0,0,0,0,29.49,3.81,11.324,0.24,0
ACC-2026-0341,0848671957,2026-03,Infirmier,339.73,53,0.127,12,0,1.0,0,0,0,0,31.86,3.81,11.324,0.24,0
ACC-2026-0341,0848671957,2026-04,Infirmier,339.73,54,0.127,13,0,1.0,0,0,0,0,27.79,3.81,11.324,0.24,0
ACC-2026-0341,0848671957,2026-05,Infirmier,339.73,55,0.127,14,0,1.0,0,0,0,0,27.69,3.81,11.324,0.24,0
ACC-2026-0341,0848671957,2026-06,Infirmier,339.73,56,0.127,15,0,1.0,0,0,0,0,29.32,3.81,11.324,0.24,0
ACC-2026-0341,0848671957,2026-07,Infirmier,339.73,57,0.127,16,0,1.0,0,0,0,0,30.19,3.81,11.324,0.24,0
ACC-2026-0342,0841690365,2025-08,Commercant independant,277.45,40,0.212,5,0,1.0,0,0,0,0,30.46,6.37,9.248,0.36,0
ACC-2026-0342,0841690365,2025-09,Commercant independant,277.45,41,0.212,6,0,1.0,0,0,0,0,28.11,6.37,9.248,0.36,0
ACC-2026-0342,0841690365,2025-10,Commercant independant,277.45,42,0.212,7,0,1.0,0,0,0,0,28.32,6.37,9.248,0.36,0
ACC-2026-0342,0841690365,2025-11,Commercant independant,277.45,43,0.212,8,0,1.0,0,0,0,0,27.83,6.37,9.248,0.36,0
ACC-2026-0342,0841690365,2025-12,Commercant independant,277.45,44,0.212,9,0,1.0,0,0,0,0,31.25,6.37,9.248,0.36,0
ACC-2026-0342,0841690365,2026-01,Commercant independant,277.45,45,0.212,10,0,1.0,0,0,0,0,30.46,6.37,9.248,0.36,1
ACC-2026-0342,0841690365,2026-02,Commercant independant,277.45,46,0.212,11,0,1.0,0,0,0,0,29.32,6.37,9.248,0.36,0
ACC-2026-0342,0841690365,2026-03,Commercant independant,277.45,47,0.212,12,0,1.0,0,0,0,0,28.52,6.37,9.248,0.36,0
ACC-2026-0342,0841690365,2026-04,Commercant independant,277.45,48,0.212,13,0,1.0,0,0,0,0,32.35,6.37,9.248,0.36,0
ACC-2026-0342,0841690365,2026-05,Commercant independant,277.45,49,0.212,14,0,1.0,0,0,0,0,29.9,6.37,9.248,0.36,1
ACC-2026-0342,0841690365,2026-06,Commercant independant,277.45,50,0.212,15,0,1.0,0,0,0,0,29.87,6.37,9.248,0.36,0
ACC-2026-0342,0841690365,2026-07,Commercant independant,277.45,51,0.212,15,0,0.917,0,0,1,30,28.14,6.37,9.248,0.36,0
ACC-2026-0343,0843061504,2025-08,Fonctionnaire,373.67,33,0.097,1,0,1.0,0,0,0,0,9.64,0.97,37.367,0.18,0
ACC-2026-0343,0843061504,2025-09,Fonctionnaire,373.67,34,0.097,2,0,1.0,0,0,0,0,9.84,0.97,37.367,0.18,0
ACC-2026-0343,0843061504,2025-10,Fonctionnaire,373.67,35,0.097,3,0,1.0,0,0,0,0,9.8,0.97,37.367,0.18,0
ACC-2026-0343,0843061504,2025-11,Fonctionnaire,373.67,36,0.097,4,0,1.0,0,0,0,0,9.75,0.97,37.367,0.18,0
ACC-2026-0343,0843061504,2025-12,Fonctionnaire,373.67,37,0.097,5,0,1.0,0,0,0,0,10.69,0.97,37.367,0.18,0
ACC-2026-0343,0843061504,2026-01,Fonctionnaire,373.67,38,0.097,6,0,1.0,0,0,0,0,9.4,0.97,37.367,0.18,0
ACC-2026-0343,0843061504,2026-02,Fonctionnaire,373.67,39,0.097,7,0,1.0,0,0,0,0,10.24,0.97,37.367,0.18,0
ACC-2026-0343,0843061504,2026-03,Fonctionnaire,373.67,40,0.097,8,0,1.0,0,0,0,0,9.69,0.97,37.367,0.18,0
ACC-2026-0343,0843061504,2026-04,Fonctionnaire,373.67,41,0.097,9,0,1.0,0,0,0,0,10.46,0.97,37.367,0.18,0
ACC-2026-0343,0843061504,2026-05,Fonctionnaire,373.67,42,0.097,10,0,1.0,0,0,0,0,9.47,0.97,37.367,0.18,0
ACC-2026-0343,0843061504,2026-06,Fonctionnaire,373.67,43,0.097,11,0,1.0,0,0,0,0,9.7,0.97,37.367,0.18,0
ACC-2026-0343,0843061504,2026-07,Fonctionnaire,373.67,44,0.097,12,0,1.0,0,0,0,0,9.73,0.97,37.367,0.18,0
ACC-2026-0344,0841945506,2025-08,Fonctionnaire,453.72,32,0.03,2,0,1.0,0,0,0,0,21.38,0.6,22.686,0.18,0
ACC-2026-0344,0841945506,2025-09,Fonctionnaire,453.72,33,0.03,3,0,1.0,0,0,0,0,21.35,0.6,22.686,0.18,0
ACC-2026-0344,0841945506,2025-10,Fonctionnaire,453.72,34,0.03,4,0,1.0,0,0,0,0,18.9,0.6,22.686,0.18,0
ACC-2026-0344,0841945506,2025-11,Fonctionnaire,453.72,35,0.03,5,0,1.0,0,0,0,0,19.19,0.6,22.686,0.18,0
ACC-2026-0344,0841945506,2025-12,Fonctionnaire,453.72,36,0.03,6,0,1.0,0,0,0,0,20.17,0.6,22.686,0.18,0
ACC-2026-0344,0841945506,2026-01,Fonctionnaire,453.72,37,0.03,7,0,1.0,0,0,0,0,20.58,0.6,22.686,0.18,0
ACC-2026-0344,0841945506,2026-02,Fonctionnaire,453.72,38,0.03,8,0,1.0,0,0,0,0,19.7,0.6,22.686,0.18,0
ACC-2026-0344,0841945506,2026-03,Fonctionnaire,453.72,39,0.03,9,0,1.0,0,0,0,0,18.67,0.6,22.686,0.18,0
ACC-2026-0344,0841945506,2026-04,Fonctionnaire,453.72,40,0.03,10,0,1.0,0,0,0,0,21.13,0.6,22.686,0.18,0
ACC-2026-0344,0841945506,2026-05,Fonctionnaire,453.72,41,0.03,11,0,1.0,0,0,0,0,19.83,0.6,22.686,0.18,0
ACC-2026-0344,0841945506,2026-06,Fonctionnaire,453.72,42,0.03,12,0,1.0,0,0,0,0,20.44,0.6,22.686,0.18,0
ACC-2026-0344,0841945506,2026-07,Fonctionnaire,453.72,43,0.03,13,0,1.0,0,0,0,0,20.09,0.6,22.686,0.18,0
ACC-2026-0345,0842881312,2025-08,Vendeur de rue,292.66,39,0.328,5,0,1.0,0,0,0,0,28.85,9.84,9.755,0.62,0
ACC-2026-0345,0842881312,2025-09,Vendeur de rue,292.66,40,0.328,5,0,0.5,0,0,1,30,28.71,9.84,9.755,0.62,1
ACC-2026-0345,0842881312,2025-10,Vendeur de rue,292.66,41,0.328,6,0,0.667,0,0,1,0,30.14,9.84,9.755,0.62,0
ACC-2026-0345,0842881312,2025-11,Vendeur de rue,292.66,42,0.328,6,0,0.5,0,0,2,30,28.56,9.84,9.755,0.62,0
ACC-2026-0345,0842881312,2025-12,Vendeur de rue,292.66,43,0.328,7,0,0.6,0,0,2,0,28.47,13.44,9.755,0.62,0
ACC-2026-0345,0842881312,2026-01,Vendeur de rue,292.66,44,0.328,8,0,0.667,0,0,2,0,31.87,13.44,9.755,0.62,0
ACC-2026-0345,0842881312,2026-02,Vendeur de rue,292.66,45,0.328,9,0,0.714,0,0,2,0,28.44,13.44,9.755,0.62,0
ACC-2026-0345,0842881312,2026-03,Vendeur de rue,292.66,46,0.328,10,0,0.75,0,0,2,0,30.26,13.44,9.755,0.62,0
ACC-2026-0345,0842881312,2026-04,Vendeur de rue,292.66,47,0.328,11,0,0.778,0,0,2,0,28.19,13.44,9.755,0.62,0
ACC-2026-0345,0842881312,2026-05,Vendeur de rue,292.66,48,0.328,12,0,0.8,0,0,2,0,28.62,13.44,9.755,0.62,0
ACC-2026-0345,0842881312,2026-06,Vendeur de rue,292.66,49,0.328,13,0,0.818,0,0,2,0,31.36,13.44,9.755,0.62,0
ACC-2026-0345,0842881312,2026-07,Vendeur de rue,292.66,50,0.328,14,0,0.833,0,0,2,0,29.31,13.44,9.755,0.62,0
ACC-2026-0346,0845684472,2025-08,Vendeur de rue,233.26,64,0.317,4,0,1.0,0,0,0,0,8.55,2.53,29.157,0.62,0
ACC-2026-0346,0845684472,2025-09,Vendeur de rue,233.26,65,0.317,5,0,1.0,0,0,0,0,8.62,2.53,29.157,0.62,0
ACC-2026-0346,0845684472,2025-10,Vendeur de rue,233.26,66,0.317,5,0,0.667,1,0,0,30,8.13,2.53,29.157,0.62,0
ACC-2026-0346,0845684472,2025-11,Vendeur de rue,233.26,67,0.317,6,0,0.75,1,0,0,0,7.7,2.53,29.157,0.62,1
ACC-2026-0346,0845684472,2025-12,Vendeur de rue,233.26,68,0.317,7,0,0.8,1,0,0,0,8.11,2.53,29.157,0.62,1
ACC-2026-0346,0845684472,2026-01,Vendeur de rue,233.26,69,0.317,7,0,0.667,1,0,1,30,8.12,2.53,29.157,0.62,0
ACC-2026-0346,0845684472,2026-02,Vendeur de rue,233.26,70,0.317,7,0,0.571,1,0,2,60,8.43,2.53,29.157,0.62,0
ACC-2026-0346,0845684472,2026-03,Vendeur de rue,233.26,71,0.317,7,1,0.5,1,0,3,90,8.12,3.49,29.157,0.62,1
ACC-2026-0346,0845684472,2026-04,Vendeur de rue,233.26,72,0.317,8,0,0.556,1,0,3,0,7.86,4.45,29.157,0.62,0
ACC-2026-0346,0845684472,2026-05,Vendeur de rue,233.26,73,0.317,9,0,0.6,1,0,3,0,8.56,3.49,29.157,0.62,0
ACC-2026-0346,0845684472,2026-06,Vendeur de rue,233.26,74,0.317,10,1,0.636,1,0,3,0,7.58,3.49,29.157,0.62,1
ACC-2026-0346,0845684472,2026-07,Vendeur de rue,233.26,75,0.317,11,1,0.667,1,0,3,0,8.17,4.45,29.157,0.62,0
ACC-2026-0347,0843120948,2025-08,Vendeur de rue,260.48,7,0.222,4,0,1.0,0,0,0,0,9.94,2.22,26.048,0.62,0
ACC-2026-0347,0843120948,2025-09,Vendeur de rue,260.48,8,0.222,5,0,1.0,0,0,0,0,10.21,2.22,26.048,0.62,0
ACC-2026-0347,0843120948,2025-10,Vendeur de rue,260.48,9,0.222,6,0,1.0,0,0,0,0,9.5,2.22,26.048,0.62,0
ACC-2026-0347,0843120948,2025-11,Vendeur de rue,260.48,10,0.222,7,0,1.0,0,0,0,0,9.94,2.22,26.048,0.62,0
ACC-2026-0347,0843120948,2025-12,Vendeur de rue,260.48,11,0.222,8,0,1.0,0,0,0,0,10.67,2.22,26.048,0.62,0
ACC-2026-0347,0843120948,2026-01,Vendeur de rue,260.48,12,0.222,8,0,0.833,1,0,0,30,9.63,2.22,26.048,0.62,0
ACC-2026-0347,0843120948,2026-02,Vendeur de rue,260.48,13,0.222,9,0,0.857,1,0,0,0,9.46,2.22,26.048,0.62,0
ACC-2026-0347,0843120948,2026-03,Vendeur de rue,260.48,14,0.222,9,0,0.75,2,0,0,30,9.49,2.22,26.048,0.62,1
ACC-2026-0347,0843120948,2026-04,Vendeur de rue,260.48,15,0.222,10,0,0.778,2,0,0,0,9.75,3.22,26.048,0.62,0
ACC-2026-0347,0843120948,2026-05,Vendeur de rue,260.48,16,0.222,11,0,0.8,2,0,0,0,10.12,3.22,26.048,0.62,0
ACC-2026-0347,0843120948,2026-06,Vendeur de rue,260.48,17,0.222,12,0,0.818,2,0,0,0,9.33,3.22,26.048,0.62,0
ACC-2026-0347,0843120948,2026-07,Vendeur de rue,260.48,18,0.222,12,0,0.75,2,0,1,30,10.38,3.22,26.048,0.62,0
ACC-2026-0348,0843800519,2025-08,Vendeur de rue,105.56,57,0.491,2,0,0.0,1,0,0,365,20.19,12.0,5.278,0.62,1
ACC-2026-0348,0843800519,2025-09,Vendeur de rue,105.56,58,0.491,3,0,0.5,1,1,0,0,21.03,12.0,5.278,0.62,0
ACC-2026-0348,0843800519,2025-10,Vendeur de rue,105.56,59,0.491,4,0,0.667,1,1,0,0,20.78,12.0,5.278,0.62,1
ACC-2026-0348,0843800519,2025-11,Vendeur de rue,105.56,60,0.491,5,0,0.75,1,1,0,0,21.48,12.0,5.278,0.62,0
ACC-2026-0348,0843800519,2025-12,Vendeur de rue,105.56,61,0.491,5,0,0.6,2,1,0,30,18.8,12.0,5.278,0.62,0
ACC-2026-0348,0843800519,2026-01,Vendeur de rue,105.56,62,0.491,5,0,0.5,2,1,1,60,20.92,12.0,5.278,0.62,1
ACC-2026-0348,0843800519,2026-02,Vendeur de rue,105.56,63,0.491,6,1,0.571,2,1,1,0,20.24,12.0,5.278,0.62,1
ACC-2026-0348,0843800519,2026-03,Vendeur de rue,105.56,64,0.491,7,1,0.625,2,1,1,0,19.18,12.0,5.278,0.62,1
ACC-2026-0348,0843800519,2026-04,Vendeur de rue,105.56,65,0.491,8,1,0.667,2,1,1,0,20.11,12.0,5.278,0.62,1
ACC-2026-0348,0843800519,2026-05,Vendeur de rue,105.56,66,0.491,8,1,0.6,2,1,2,30,18.6,12.0,5.278,0.62,1
ACC-2026-0348,0843800519,2026-06,Vendeur de rue,105.56,67,0.491,9,1,0.636,2,1,2,0,21.3,12.0,5.278,0.62,1
ACC-2026-0348,0843800519,2026-07,Vendeur de rue,105.56,68,0.491,10,1,0.667,2,1,2,0,20.82,12.0,5.278,0.62,1
ACC-2026-0349,0844641208,2025-08,Agriculteur,195.61,32,0.184,5,0,1.0,0,1,0,0,9.21,1.84,19.561,0.46,0
ACC-2026-0349,0844641208,2025-09,Agriculteur,195.61,33,0.184,6,0,1.0,0,1,0,0,10.4,1.84,19.561,0.46,1
ACC-2026-0349,0844641208,2025-10,Agriculteur,195.61,34,0.184,7,0,1.0,0,1,0,0,9.67,1.84,19.561,0.46,0
ACC-2026-0349,0844641208,2025-11,Agriculteur,195.61,35,0.184,8,0,1.0,0,1,0,0,9.82,1.84,19.561,0.46,0
ACC-2026-0349,0844641208,2025-12,Agriculteur,195.61,36,0.184,9,0,1.0,0,1,0,0,9.77,1.84,19.561,0.46,0
ACC-2026-0349,0844641208,2026-01,Agriculteur,195.61,37,0.184,10,0,1.0,0,1,0,0,9.59,1.84,19.561,0.46,0
ACC-2026-0349,0844641208,2026-02,Agriculteur,195.61,38,0.184,11,0,1.0,0,1,0,0,10.54,1.84,19.561,0.46,0
ACC-2026-0349,0844641208,2026-03,Agriculteur,195.61,39,0.184,12,0,1.0,0,1,0,0,9.25,1.84,19.561,0.46,0
ACC-2026-0349,0844641208,2026-04,Agriculteur,195.61,40,0.184,13,0,1.0,0,1,0,0,10.24,1.84,19.561,0.46,0
ACC-2026-0349,0844641208,2026-05,Agriculteur,195.61,41,0.184,14,0,1.0,0,1,0,0,9.48,1.84,19.561,0.46,0
ACC-2026-0349,0844641208,2026-06,Agriculteur,195.61,42,0.184,15,0,1.0,0,1,0,0,10.51,1.84,19.561,0.46,1
ACC-2026-0349,0844641208,2026-07,Agriculteur,195.61,43,0.184,16,0,1.0,0,1,0,0,10.2,1.84,19.561,0.46,0
ACC-2026-0350,0846424574,2025-08,Chauffeur,313.83,27,0.195,3,0,1.0,0,0,0,0,14.44,2.92,20.922,0.42,0
ACC-2026-0350,0846424574,2025-09,Chauffeur,313.83,28,0.195,3,0,0.5,0,0,1,30,15.41,2.92,20.922,0.42,1
ACC-2026-0350,0846424574,2025-10,Chauffeur,313.83,29,0.195,4,0,0.667,0,0,1,0,13.82,2.92,20.922,0.42,0
ACC-2026-0350,0846424574,2025-11,Chauffeur,313.83,30,0.195,5,0,0.75,0,0,1,0,16.04,2.92,20.922,0.42,0
ACC-2026-0350,0846424574,2025-12,Chauffeur,313.83,31,0.195,6,0,0.8,0,0,1,0,15.42,2.92,20.922,0.42,0
ACC-2026-0350,0846424574,2026-01,Chauffeur,313.83,32,0.195,7,0,0.833,0,0,1,0,15.22,2.92,20.922,0.42,0
ACC-2026-0350,0846424574,2026-02,Chauffeur,313.83,33,0.195,8,0,0.857,0,0,1,0,15.18,2.92,20.922,0.42,0
ACC-2026-0350,0846424574,2026-03,Chauffeur,313.83,34,0.195,9,0,0.875,0,0,1,0,15.61,2.92,20.922,0.42,0
ACC-2026-0350,0846424574,2026-04,Chauffeur,313.83,35,0.195,10,0,0.889,0,0,1,0,15.46,2.92,20.922,0.42,0
ACC-2026-0350,0846424574,2026-05,Chauffeur,313.83,36,0.195,11,0,0.9,0,0,1,0,15.63,2.92,20.922,0.42,0
ACC-2026-0350,0846424574,2026-06,Chauffeur,313.83,37,0.195,12,0,0.909,0,0,1,0,14.45,2.92,20.922,0.42,0
ACC-2026-0350,0846424574,2026-07,Chauffeur,313.83,38,0.195,13,0,0.917,0,0,1,0,15.5,2.92,20.922,0.42,0
ACC-2026-0351,0848611395,2025-08,Enseignant,279.51,26,0.122,4,0,1.0,0,0,0,0,8.59,0.97,34.939,0.22,0
ACC-2026-0351,0848611395,2025-09,Enseignant,279.51,27,0.122,5,0,1.0,0,0,0,0,8.43,0.97,34.939,0.22,0
ACC-2026-0351,0848611395,2025-10,Enseignant,279.51,28,0.122,6,0,1.0,0,0,0,0,7.4,0.97,34.939,0.22,0
ACC-2026-0351,0848611395,2025-11,Enseignant,279.51,29,0.122,7,0,1.0,0,0,0,0,8.03,0.97,34.939,0.22,0
ACC-2026-0351,0848611395,2025-12,Enseignant,279.51,30,0.122,8,0,1.0,0,0,0,0,7.93,0.97,34.939,0.22,0
ACC-2026-0351,0848611395,2026-01,Enseignant,279.51,31,0.122,9,0,1.0,0,0,0,0,7.66,0.97,34.939,0.22,0
ACC-2026-0351,0848611395,2026-02,Enseignant,279.51,32,0.122,10,0,1.0,0,0,0,0,8.42,0.97,34.939,0.22,0
ACC-2026-0351,0848611395,2026-03,Enseignant,279.51,33,0.122,11,0,1.0,0,0,0,0,8.16,0.97,34.939,0.22,0
ACC-2026-0351,0848611395,2026-04,Enseignant,279.51,34,0.122,12,0,1.0,0,0,0,0,8.42,0.97,34.939,0.22,0
ACC-2026-0351,0848611395,2026-05,Enseignant,279.51,35,0.122,13,0,1.0,0,0,0,0,7.52,0.97,34.939,0.22,0
ACC-2026-0351,0848611395,2026-06,Enseignant,279.51,36,0.122,14,0,1.0,0,0,0,0,7.41,0.97,34.939,0.22,0
ACC-2026-0351,0848611395,2026-07,Enseignant,279.51,37,0.122,15,0,1.0,0,0,0,0,8.47,0.97,34.939,0.22,0
ACC-2026-0352,0846974357,2025-08,Commercant independant,341.7,18,0.125,3,0,1.0,0,0,0,0,7.43,1.0,42.712,0.36,0
ACC-2026-0352,0846974357,2025-09,Commercant independant,341.7,19,0.125,4,0,1.0,0,0,0,0,7.71,1.0,42.712,0.36,0
ACC-2026-0352,0846974357,2025-10,Commercant independant,341.7,20,0.125,5,0,1.0,0,0,0,0,8.36,1.0,42.712,0.36,0
ACC-2026-0352,0846974357,2025-11,Commercant independant,341.7,21,0.125,5,0,0.75,1,0,0,30,7.98,1.0,42.712,0.36,0
ACC-2026-0352,0846974357,2025-12,Commercant independant,341.7,22,0.125,6,0,0.8,1,0,0,0,7.54,1.0,42.712,0.36,0
ACC-2026-0352,0846974357,2026-01,Commercant independant,341.7,23,0.125,7,0,0.833,1,0,0,0,8.11,1.0,42.712,0.36,0
ACC-2026-0352,0846974357,2026-02,Commercant independant,341.7,24,0.125,8,0,0.857,1,0,0,0,8.62,1.0,42.712,0.36,0
ACC-2026-0352,0846974357,2026-03,Commercant independant,341.7,25,0.125,9,0,0.875,1,0,0,0,7.59,1.0,42.712,0.36,0
ACC-2026-0352,0846974357,2026-04,Commercant independant,341.7,26,0.125,10,0,0.889,1,0,0,0,7.54,1.0,42.712,0.36,0
ACC-2026-0352,0846974357,2026-05,Commercant independant,341.7,27,0.125,11,0,0.9,1,0,0,0,8.19,1.0,42.712,0.36,0
ACC-2026-0352,0846974357,2026-06,Commercant independant,341.7,28,0.125,12,0,0.909,1,0,0,0,8.42,1.0,42.712,0.36,0
ACC-2026-0352,0846974357,2026-07,Commercant independant,341.7,29,0.125,13,0,0.917,1,0,0,0,7.91,1.0,42.712,0.36,0
ACC-2026-0353,0848967351,2025-08,Fonctionnaire,294.32,22,0.15,2,0,1.0,0,0,0,0,7.4,1.2,36.79,0.18,0
ACC-2026-0353,0848967351,2025-09,Fonctionnaire,294.32,23,0.15,3,0,1.0,0,0,0,0,8.39,1.2,36.79,0.18,0
ACC-2026-0353,0848967351,2025-10,Fonctionnaire,294.32,24,0.15,4,0,1.0,0,0,0,0,7.88,1.2,36.79,0.18,1
ACC-2026-0353,0848967351,2025-11,Fonctionnaire,294.32,25,0.15,5,0,1.0,0,0,0,0,7.97,1.2,36.79,0.18,0
ACC-2026-0353,0848967351,2025-12,Fonctionnaire,294.32,26,0.15,6,0,1.0,0,0,0,0,7.53,1.2,36.79,0.18,0
ACC-2026-0353,0848967351,2026-01,Fonctionnaire,294.32,27,0.15,6,0,0.833,0,0,1,30,8.38,1.2,36.79,0.18,0
ACC-2026-0353,0848967351,2026-02,Fonctionnaire,294.32,28,0.15,7,0,0.857,0,0,1,0,8.36,1.2,36.79,0.18,0
ACC-2026-0353,0848967351,2026-03,Fonctionnaire,294.32,29,0.15,8,0,0.875,0,0,1,0,7.62,1.2,36.79,0.18,0
ACC-2026-0353,0848967351,2026-04,Fonctionnaire,294.32,30,0.15,9,0,0.889,0,0,1,0,7.96,1.2,36.79,0.18,0
ACC-2026-0353,0848967351,2026-05,Fonctionnaire,294.32,31,0.15,10,0,0.9,0,0,1,0,7.51,1.2,36.79,0.18,0
ACC-2026-0353,0848967351,2026-06,Fonctionnaire,294.32,32,0.15,11,0,0.909,0,0,1,0,8.27,1.2,36.79,0.18,0
ACC-2026-0353,0848967351,2026-07,Fonctionnaire,294.32,33,0.15,12,0,0.917,0,0,1,0,7.99,1.2,36.79,0.18,0
ACC-2026-0354,0842147606,2025-08,Commercant independant,309.88,1,0.273,2,0,1.0,0,0,0,0,21.55,5.46,15.494,0.36,0
ACC-2026-0354,0842147606,2025-09,Commercant independant,309.88,2,0.273,3,0,1.0,0,0,0,0,21.14,5.46,15.494,0.36,1
ACC-2026-0354,0842147606,2025-10,Commercant independant,309.88,3,0.273,4,0,1.0,0,0,0,0,18.7,5.46,15.494,0.36,1
ACC-2026-0354,0842147606,2025-11,Commercant independant,309.88,4,0.273,5,0,1.0,0,0,0,0,21.32,5.46,15.494,0.36,1
ACC-2026-0354,0842147606,2025-12,Commercant independant,309.88,5,0.273,6,0,1.0,0,0,0,0,21.32,5.46,15.494,0.36,1
ACC-2026-0354,0842147606,2026-01,Commercant independant,309.88,6,0.273,7,0,1.0,0,0,0,0,20.77,5.46,15.494,0.36,0
ACC-2026-0354,0842147606,2026-02,Commercant independant,309.88,7,0.273,8,0,1.0,0,0,0,0,19.6,5.46,15.494,0.36,0
ACC-2026-0354,0842147606,2026-03,Commercant independant,309.88,8,0.273,9,0,1.0,0,0,0,0,20.4,5.46,15.494,0.36,0
ACC-2026-0354,0842147606,2026-04,Commercant independant,309.88,9,0.273,9,0,0.889,1,0,0,30,19.71,5.46,15.494,0.36,0
ACC-2026-0354,0842147606,2026-05,Commercant independant,309.88,10,0.273,10,0,0.9,1,0,0,0,20.18,5.46,15.494,0.36,0
ACC-2026-0354,0842147606,2026-06,Commercant independant,309.88,11,0.273,11,0,0.909,1,0,0,0,19.5,5.46,15.494,0.36,0
ACC-2026-0354,0842147606,2026-07,Commercant independant,309.88,12,0.273,12,0,0.917,1,0,0,0,19.62,5.46,15.494,0.36,0
ACC-2026-0355,0842852877,2025-08,Infirmier,469.15,12,0.157,5,0,1.0,0,0,0,0,10.79,1.57,46.915,0.24,0
ACC-2026-0355,0842852877,2025-09,Infirmier,469.15,13,0.157,6,0,1.0,0,0,0,0,10.62,1.57,46.915,0.24,0
ACC-2026-0355,0842852877,2025-10,Infirmier,469.15,14,0.157,7,0,1.0,0,0,0,0,10.65,1.57,46.915,0.24,0
ACC-2026-0355,0842852877,2025-11,Infirmier,469.15,15,0.157,8,0,1.0,0,0,0,0,9.81,1.57,46.915,0.24,1
ACC-2026-0355,0842852877,2025-12,Infirmier,469.15,16,0.157,9,0,1.0,0,0,0,0,9.7,1.57,46.915,0.24,0
ACC-2026-0355,0842852877,2026-01,Infirmier,469.15,17,0.157,10,0,1.0,0,0,0,0,10.51,1.57,46.915,0.24,0
ACC-2026-0355,0842852877,2026-02,Infirmier,469.15,18,0.157,11,0,1.0,0,0,0,0,10.12,1.57,46.915,0.24,0
ACC-2026-0355,0842852877,2026-03,Infirmier,469.15,19,0.157,12,0,1.0,0,0,0,0,9.34,1.57,46.915,0.24,0
ACC-2026-0355,0842852877,2026-04,Infirmier,469.15,20,0.157,13,0,1.0,0,0,0,0,10.36,1.57,46.915,0.24,0
ACC-2026-0355,0842852877,2026-05,Infirmier,469.15,21,0.157,14,0,1.0,0,0,0,0,10.76,1.57,46.915,0.24,0
ACC-2026-0355,0842852877,2026-06,Infirmier,469.15,22,0.157,15,0,1.0,0,0,0,0,10.53,1.57,46.915,0.24,0
ACC-2026-0355,0842852877,2026-07,Infirmier,469.15,23,0.157,16,0,1.0,0,0,0,0,9.63,1.57,46.915,0.24,0
ACC-2026-0356,0841655531,2025-08,Commercant independant,288.72,16,0.174,5,0,1.0,0,0,0,0,9.64,1.74,28.872,0.36,0
ACC-2026-0356,0841655531,2025-09,Commercant independant,288.72,17,0.174,5,0,0.5,0,0,1,30,9.31,1.74,28.872,0.36,0
ACC-2026-0356,0841655531,2025-10,Commercant independant,288.72,18,0.174,6,0,0.667,0,0,1,0,10.7,1.74,28.872,0.36,1
ACC-2026-0356,0841655531,2025-11,Commercant independant,288.72,19,0.174,7,0,0.75,0,0,1,0,9.2,1.74,28.872,0.36,0
ACC-2026-0356,0841655531,2025-12,Commercant independant,288.72,20,0.174,8,0,0.8,0,1,1,0,9.23,1.74,28.872,0.36,0
ACC-2026-0356,0841655531,2026-01,Commercant independant,288.72,21,0.174,9,0,0.833,0,1,1,0,10.34,1.74,28.872,0.36,0
ACC-2026-0356,0841655531,2026-02,Commercant independant,288.72,22,0.174,10,0,0.857,0,1,1,0,9.21,1.74,28.872,0.36,0
ACC-2026-0356,0841655531,2026-03,Commercant independant,288.72,23,0.174,11,0,0.875,0,1,1,0,10.8,1.74,28.872,0.36,0
ACC-2026-0356,0841655531,2026-04,Commercant independant,288.72,24,0.174,12,0,0.889,0,1,1,0,9.24,1.74,28.872,0.36,0
ACC-2026-0356,0841655531,2026-05,Commercant independant,288.72,25,0.174,13,0,0.9,0,1,1,0,10.4,1.74,28.872,0.36,0
ACC-2026-0356,0841655531,2026-06,Commercant independant,288.72,26,0.174,14,0,0.909,0,1,1,0,9.99,1.74,28.872,0.36,0
ACC-2026-0356,0841655531,2026-07,Commercant independant,288.72,27,0.174,15,0,0.917,0,1,1,0,10.05,1.74,28.872,0.36,0
ACC-2026-0357,0841750435,2025-08,Commercant independant,202.99,39,0.24,1,0,1.0,0,0,0,0,26.47,6.01,8.12,0.36,0
ACC-2026-0357,0841750435,2025-09,Commercant independant,202.99,40,0.24,2,0,1.0,0,0,0,0,23.98,6.01,8.12,0.36,0
ACC-2026-0357,0841750435,2025-10,Commercant independant,202.99,41,0.24,3,0,1.0,0,0,0,0,26.89,6.01,8.12,0.36,0
ACC-2026-0357,0841750435,2025-11,Commercant independant,202.99,42,0.24,4,0,1.0,0,0,0,0,23.47,6.01,8.12,0.36,0
ACC-2026-0357,0841750435,2025-12,Commercant independant,202.99,43,0.24,5,0,1.0,0,0,0,0,23.33,6.01,8.12,0.36,0
ACC-2026-0357,0841750435,2026-01,Commercant independant,202.99,44,0.24,6,0,1.0,0,0,0,0,25.65,6.01,8.12,0.36,0
ACC-2026-0357,0841750435,2026-02,Commercant independant,202.99,45,0.24,7,0,1.0,0,0,0,0,25.0,6.01,8.12,0.36,0
ACC-2026-0357,0841750435,2026-03,Commercant independant,202.99,46,0.24,8,0,1.0,0,0,0,0,26.89,6.01,8.12,0.36,0
ACC-2026-0357,0841750435,2026-04,Commercant independant,202.99,47,0.24,9,0,1.0,0,0,0,0,23.05,6.01,8.12,0.36,0
ACC-2026-0357,0841750435,2026-05,Commercant independant,202.99,48,0.24,10,0,1.0,0,0,0,0,24.65,6.01,8.12,0.36,0
ACC-2026-0357,0841750435,2026-06,Commercant independant,202.99,49,0.24,11,0,1.0,0,0,0,0,25.43,6.01,8.12,0.36,0
ACC-2026-0357,0841750435,2026-07,Commercant independant,202.99,50,0.24,12,0,1.0,0,0,0,0,26.45,6.01,8.12,0.36,0
ACC-2026-0358,0841900408,2025-08,Fonctionnaire,347.35,71,0.044,1,0,1.0,0,0,0,0,10.33,0.44,34.735,0.18,0
ACC-2026-0358,0841900408,2025-09,Fonctionnaire,347.35,72,0.044,2,0,1.0,0,0,0,0,10.67,0.44,34.735,0.18,0
ACC-2026-0358,0841900408,2025-10,Fonctionnaire,347.35,73,0.044,3,0,1.0,0,0,0,0,10.43,0.44,34.735,0.18,0
ACC-2026-0358,0841900408,2025-11,Fonctionnaire,347.35,74,0.044,4,0,1.0,0,0,0,0,9.43,0.44,34.735,0.18,0
ACC-2026-0358,0841900408,2025-12,Fonctionnaire,347.35,75,0.044,5,0,1.0,0,0,0,0,9.62,0.44,34.735,0.18,0
ACC-2026-0358,0841900408,2026-01,Fonctionnaire,347.35,76,0.044,6,0,1.0,0,0,0,0,10.66,0.44,34.735,0.18,0
ACC-2026-0358,0841900408,2026-02,Fonctionnaire,347.35,77,0.044,7,0,1.0,0,0,0,0,10.72,0.44,34.735,0.18,0
ACC-2026-0358,0841900408,2026-03,Fonctionnaire,347.35,78,0.044,8,0,1.0,0,1,0,0,9.67,0.44,34.735,0.18,0
ACC-2026-0358,0841900408,2026-04,Fonctionnaire,347.35,79,0.044,9,0,1.0,0,1,0,0,10.72,0.44,34.735,0.18,0
ACC-2026-0358,0841900408,2026-05,Fonctionnaire,347.35,80,0.044,10,0,1.0,0,1,0,0,10.3,0.44,34.735,0.18,0
ACC-2026-0358,0841900408,2026-06,Fonctionnaire,347.35,81,0.044,11,0,1.0,0,1,0,0,10.76,0.44,34.735,0.18,0
ACC-2026-0358,0841900408,2026-07,Fonctionnaire,347.35,82,0.044,12,0,1.0,0,1,0,0,10.63,0.44,34.735,0.18,0
ACC-2026-0359,0848795504,2025-08,Chauffeur,333.67,53,0.118,2,0,1.0,0,0,0,0,8.03,0.94,41.709,0.42,1
ACC-2026-0359,0848795504,2025-09,Chauffeur,333.67,54,0.118,3,0,1.0,0,0,0,0,8.31,0.94,41.709,0.42,0
ACC-2026-0359,0848795504,2025-10,Chauffeur,333.67,55,0.118,4,0,1.0,0,0,0,0,8.3,0.94,41.709,0.42,0
ACC-2026-0359,0848795504,2025-11,Chauffeur,333.67,56,0.118,5,0,1.0,0,0,0,0,7.52,0.94,41.709,0.42,0
ACC-2026-0359,0848795504,2025-12,Chauffeur,333.67,57,0.118,6,0,1.0,0,0,0,0,7.84,0.94,41.709,0.42,0
ACC-2026-0359,0848795504,2026-01,Chauffeur,333.67,58,0.118,7,0,1.0,0,0,0,0,7.65,0.94,41.709,0.42,0
ACC-2026-0359,0848795504,2026-02,Chauffeur,333.67,59,0.118,8,0,1.0,0,0,0,0,8.33,0.94,41.709,0.42,0
ACC-2026-0359,0848795504,2026-03,Chauffeur,333.67,60,0.118,9,0,1.0,0,0,0,0,7.75,0.94,41.709,0.42,0
ACC-2026-0359,0848795504,2026-04,Chauffeur,333.67,61,0.118,10,0,1.0,0,0,0,0,8.62,0.94,41.709,0.42,0
ACC-2026-0359,0848795504,2026-05,Chauffeur,333.67,62,0.118,11,0,1.0,0,0,0,0,7.39,0.94,41.709,0.42,0
ACC-2026-0359,0848795504,2026-06,Chauffeur,333.67,63,0.118,11,0,0.909,0,0,1,30,8.0,0.94,41.709,0.42,0
ACC-2026-0359,0848795504,2026-07,Chauffeur,333.67,64,0.118,12,0,0.917,0,0,1,0,8.3,0.94,41.709,0.42,0
ACC-2026-0360,0844940606,2025-08,Commercant independant,401.77,54,0.161,4,0,1.0,0,0,0,0,7.57,1.28,50.221,0.36,0
ACC-2026-0360,0844940606,2025-09,Commercant independant,401.77,55,0.161,5,0,1.0,0,0,0,0,8.42,1.28,50.221,0.36,0
ACC-2026-0360,0844940606,2025-10,Commercant independant,401.77,56,0.161,6,0,1.0,0,0,0,0,7.36,1.28,50.221,0.36,0
ACC-2026-0360,0844940606,2025-11,Commercant independant,401.77,57,0.161,7,0,1.0,0,0,0,0,8.56,1.28,50.221,0.36,0
ACC-2026-0360,0844940606,2025-12,Commercant independant,401.77,58,0.161,8,0,1.0,0,0,0,0,8.46,1.28,50.221,0.36,0
ACC-2026-0360,0844940606,2026-01,Commercant independant,401.77,59,0.161,9,0,1.0,0,0,0,0,8.49,1.28,50.221,0.36,0
ACC-2026-0360,0844940606,2026-02,Commercant independant,401.77,60,0.161,10,0,1.0,0,0,0,0,8.01,1.28,50.221,0.36,0
ACC-2026-0360,0844940606,2026-03,Commercant independant,401.77,61,0.161,11,0,1.0,0,0,0,0,7.96,1.28,50.221,0.36,0
ACC-2026-0360,0844940606,2026-04,Commercant independant,401.77,62,0.161,12,0,1.0,0,1,0,0,7.63,1.28,50.221,0.36,0
ACC-2026-0360,0844940606,2026-05,Commercant independant,401.77,63,0.161,13,0,1.0,0,1,0,0,8.39,1.28,50.221,0.36,0
ACC-2026-0360,0844940606,2026-06,Commercant independant,401.77,64,0.161,14,0,1.0,0,1,0,0,8.61,1.28,50.221,0.36,0
ACC-2026-0360,0844940606,2026-07,Commercant independant,401.77,65,0.161,15,0,1.0,0,1,0,0,7.63,1.28,50.221,0.36,0
ACC-2026-0361,0847348560,2025-08,Commercant independant,382.38,44,0.151,3,0,1.0,0,0,0,0,31.21,4.54,12.746,0.36,0
ACC-2026-0361,0847348560,2025-09,Commercant independant,382.38,45,0.151,4,0,1.0,0,0,0,0,27.68,4.54,12.746,0.36,0
ACC-2026-0361,0847348560,2025-10,Commercant independant,382.38,46,0.151,5,0,1.0,0,0,0,0,30.69,4.54,12.746,0.36,0
ACC-2026-0361,0847348560,2025-11,Commercant independant,382.38,47,0.151,6,0,1.0,0,0,0,0,30.54,4.54,12.746,0.36,0
ACC-2026-0361,0847348560,2025-12,Commercant independant,382.38,48,0.151,7,0,1.0,0,0,0,0,28.3,4.54,12.746,0.36,0
ACC-2026-0361,0847348560,2026-01,Commercant independant,382.38,49,0.151,8,0,1.0,0,0,0,0,29.07,4.54,12.746,0.36,0
ACC-2026-0361,0847348560,2026-02,Commercant independant,382.38,50,0.151,9,0,1.0,0,0,0,0,31.8,4.54,12.746,0.36,0
ACC-2026-0361,0847348560,2026-03,Commercant independant,382.38,51,0.151,9,0,0.875,1,0,0,30,30.08,4.54,12.746,0.36,0
ACC-2026-0361,0847348560,2026-04,Commercant independant,382.38,52,0.151,9,0,0.778,1,0,1,60,29.54,4.54,12.746,0.36,0
ACC-2026-0361,0847348560,2026-05,Commercant independant,382.38,53,0.151,10,0,0.8,1,0,1,0,28.07,4.54,12.746,0.36,0
ACC-2026-0361,0847348560,2026-06,Commercant independant,382.38,54,0.151,11,0,0.818,1,0,1,0,31.51,4.54,12.746,0.36,0
ACC-2026-0361,0847348560,2026-07,Commercant independant,382.38,55,0.151,12,0,0.833,1,0,1,0,27.99,4.54,12.746,0.36,0
ACC-2026-0362,0841491699,2025-08,Fonctionnaire,367.45,52,0.051,5,0,1.0,0,0,0,0,8.41,0.41,45.931,0.18,0
ACC-2026-0362,0841491699,2025-09,Fonctionnaire,367.45,53,0.051,6,0,1.0,0,0,0,0,8.18,0.41,45.931,0.18,0
ACC-2026-0362,0841491699,2025-10,Fonctionnaire,367.45,54,0.051,7,0,1.0,0,0,0,0,7.57,0.41,45.931,0.18,0
ACC-2026-0362,0841491699,2025-11,Fonctionnaire,367.45,55,0.051,8,0,1.0,0,0,0,0,8.06,0.41,45.931,0.18,0
ACC-2026-0362,0841491699,2025-12,Fonctionnaire,367.45,56,0.051,9,0,1.0,0,0,0,0,7.46,0.41,45.931,0.18,1
ACC-2026-0362,0841491699,2026-01,Fonctionnaire,367.45,57,0.051,10,0,1.0,0,1,0,0,7.74,0.41,45.931,0.18,0
ACC-2026-0362,0841491699,2026-02,Fonctionnaire,367.45,58,0.051,11,0,1.0,0,1,0,0,8.32,0.41,45.931,0.18,0
ACC-2026-0362,0841491699,2026-03,Fonctionnaire,367.45,59,0.051,12,0,1.0,0,1,0,0,8.34,0.41,45.931,0.18,0
ACC-2026-0362,0841491699,2026-04,Fonctionnaire,367.45,60,0.051,13,0,1.0,0,1,0,0,8.49,0.41,45.931,0.18,0
ACC-2026-0362,0841491699,2026-05,Fonctionnaire,367.45,61,0.051,14,0,1.0,0,1,0,0,8.62,0.41,45.931,0.18,0
ACC-2026-0362,0841491699,2026-06,Fonctionnaire,367.45,62,0.051,15,0,1.0,0,1,0,0,8.63,0.41,45.931,0.18,0
ACC-2026-0362,0841491699,2026-07,Fonctionnaire,367.45,63,0.051,16,0,1.0,0,1,0,0,7.72,0.41,45.931,0.18,0
ACC-2026-0363,0849789306,2025-08,Commercant independant,328.68,16,0.115,4,0,1.0,0,0,0,0,7.79,0.92,41.085,0.36,0
ACC-2026-0363,0849789306,2025-09,Commercant independant,328.68,17,0.115,5,0,1.0,0,0,0,0,7.57,0.92,41.085,0.36,0
ACC-2026-0363,0849789306,2025-10,Commercant independant,328.68,18,0.115,6,0,1.0,0,0,0,0,8.31,0.92,41.085,0.36,0
ACC-2026-0363,0849789306,2025-11,Commercant independant,328.68,19,0.115,7,0,1.0,0,0,0,0,7.43,0.92,41.085,0.36,0
ACC-2026-0363,0849789306,2025-12,Commercant independant,328.68,20,0.115,8,0,1.0,0,0,0,0,7.91,0.92,41.085,0.36,0
ACC-2026-0363,0849789306,2026-01,Commercant independant,328.68,21,0.115,9,0,1.0,0,0,0,0,7.96,0.92,41.085,0.36,0
ACC-2026-0363,0849789306,2026-02,Commercant independant,328.68,22,0.115,10,0,1.0,0,0,0,0,8.12,0.92,41.085,0.36,0
ACC-2026-0363,0849789306,2026-03,Commercant independant,328.68,23,0.115,11,0,1.0,0,0,0,0,7.98,0.92,41.085,0.36,0
ACC-2026-0363,0849789306,2026-04,Commercant independant,328.68,24,0.115,12,0,1.0,0,0,0,0,8.43,0.92,41.085,0.36,0
ACC-2026-0363,0849789306,2026-05,Commercant independant,328.68,25,0.115,13,0,1.0,0,0,0,0,7.5,0.92,41.085,0.36,0
ACC-2026-0363,0849789306,2026-06,Commercant independant,328.68,26,0.115,14,0,1.0,0,0,0,0,7.38,0.92,41.085,0.36,0
ACC-2026-0363,0849789306,2026-07,Commercant independant,328.68,27,0.115,15,0,1.0,0,0,0,0,7.96,0.92,41.085,0.36,1
ACC-2026-0364,0843847369,2025-08,Chauffeur,329.59,38,0.237,2,0,1.0,0,0,0,0,9.83,2.37,32.959,0.42,0
ACC-2026-0364,0843847369,2025-09,Chauffeur,329.59,39,0.237,3,0,1.0,0,0,0,0,10.14,2.37,32.959,0.42,0
ACC-2026-0364,0843847369,2025-10,Chauffeur,329.59,40,0.237,4,0,1.0,0,0,0,0,9.81,2.37,32.959,0.42,0
ACC-2026-0364,0843847369,2025-11,Chauffeur,329.59,41,0.237,5,0,1.0,0,0,0,0,9.96,2.37,32.959,0.42,0
ACC-2026-0364,0843847369,2025-12,Chauffeur,329.59,42,0.237,6,0,1.0,0,0,0,0,9.31,2.37,32.959,0.42,0
ACC-2026-0364,0843847369,2026-01,Chauffeur,329.59,43,0.237,7,0,1.0,0,0,0,0,10.77,2.37,32.959,0.42,0
ACC-2026-0364,0843847369,2026-02,Chauffeur,329.59,44,0.237,8,0,1.0,0,0,0,0,10.71,2.37,32.959,0.42,1
ACC-2026-0364,0843847369,2026-03,Chauffeur,329.59,45,0.237,9,0,1.0,0,0,0,0,9.85,2.37,32.959,0.42,0
ACC-2026-0364,0843847369,2026-04,Chauffeur,329.59,46,0.237,10,0,1.0,0,1,0,0,9.97,2.37,32.959,0.42,0
ACC-2026-0364,0843847369,2026-05,Chauffeur,329.59,47,0.237,10,0,0.9,0,1,1,30,10.71,2.37,32.959,0.42,0
ACC-2026-0364,0843847369,2026-06,Chauffeur,329.59,48,0.237,11,0,0.909,0,1,1,0,10.45,2.37,32.959,0.42,0
ACC-2026-0364,0843847369,2026-07,Chauffeur,329.59,49,0.237,12,0,0.917,0,1,1,0,9.38,2.37,32.959,0.42,0
ACC-2026-0365,0843297699,2025-08,Infirmier,429.38,29,0.03,1,0,1.0,0,0,0,0,8.13,0.24,53.672,0.24,0
ACC-2026-0365,0843297699,2025-09,Infirmier,429.38,30,0.03,2,0,1.0,0,0,0,0,7.65,0.24,53.672,0.24,0
ACC-2026-0365,0843297699,2025-10,Infirmier,429.38,31,0.03,3,0,1.0,0,0,0,0,7.97,0.24,53.672,0.24,0
ACC-2026-0365,0843297699,2025-11,Infirmier,429.38,32,0.03,4,0,1.0,0,0,0,0,7.86,0.24,53.672,0.24,0
ACC-2026-0365,0843297699,2025-12,Infirmier,429.38,33,0.03,5,0,1.0,0,0,0,0,8.21,0.24,53.672,0.24,0
ACC-2026-0365,0843297699,2026-01,Infirmier,429.38,34,0.03,6,0,1.0,0,0,0,0,8.06,0.24,53.672,0.24,0
ACC-2026-0365,0843297699,2026-02,Infirmier,429.38,35,0.03,7,0,1.0,0,0,0,0,8.49,0.24,53.672,0.24,0
ACC-2026-0365,0843297699,2026-03,Infirmier,429.38,36,0.03,8,0,1.0,0,0,0,0,8.63,0.24,53.672,0.24,0
ACC-2026-0365,0843297699,2026-04,Infirmier,429.38,37,0.03,9,0,1.0,0,0,0,0,7.9,0.24,53.672,0.24,0
ACC-2026-0365,0843297699,2026-05,Infirmier,429.38,38,0.03,10,0,1.0,0,0,0,0,7.79,0.24,53.672,0.24,0
ACC-2026-0365,0843297699,2026-06,Infirmier,429.38,39,0.03,11,0,1.0,0,0,0,0,8.06,0.24,53.672,0.24,0
ACC-2026-0365,0843297699,2026-07,Infirmier,429.38,40,0.03,12,0,1.0,0,0,0,0,8.39,0.24,53.672,0.24,0
ACC-2026-0366,0849350868,2025-08,Commercant independant,257.04,44,0.124,4,0,1.0,0,0,0,0,15.33,1.85,17.136,0.36,0
ACC-2026-0366,0849350868,2025-09,Commercant independant,257.04,45,0.124,5,0,1.0,0,0,0,0,14.34,1.85,17.136,0.36,0
ACC-2026-0366,0849350868,2025-10,Commercant independant,257.04,46,0.124,6,0,1.0,0,0,0,0,14.84,1.85,17.136,0.36,0
ACC-2026-0366,0849350868,2025-11,Commercant independant,257.04,47,0.124,7,0,1.0,0,0,0,0,14.81,1.85,17.136,0.36,0
ACC-2026-0366,0849350868,2025-12,Commercant independant,257.04,48,0.124,8,0,1.0,0,0,0,0,14.86,1.85,17.136,0.36,0
ACC-2026-0366,0849350868,2026-01,Commercant independant,257.04,49,0.124,9,0,1.0,0,0,0,0,14.91,1.85,17.136,0.36,0
ACC-2026-0366,0849350868,2026-02,Commercant independant,257.04,50,0.124,10,0,1.0,0,0,0,0,14.95,1.85,17.136,0.36,0
ACC-2026-0366,0849350868,2026-03,Commercant independant,257.04,51,0.124,11,0,1.0,0,0,0,0,15.53,1.85,17.136,0.36,0
ACC-2026-0366,0849350868,2026-04,Commercant independant,257.04,52,0.124,12,0,1.0,0,0,0,0,14.35,1.85,17.136,0.36,0
ACC-2026-0366,0849350868,2026-05,Commercant independant,257.04,53,0.124,13,0,1.0,0,0,0,0,15.77,1.85,17.136,0.36,0
ACC-2026-0366,0849350868,2026-06,Commercant independant,257.04,54,0.124,14,0,1.0,0,0,0,0,14.9,1.85,17.136,0.36,0
ACC-2026-0366,0849350868,2026-07,Commercant independant,257.04,55,0.124,15,0,1.0,0,0,0,0,14.6,1.85,17.136,0.36,0
ACC-2026-0367,0849859667,2025-08,Commercant independant,392.28,72,0.215,1,0,1.0,0,0,0,0,24.71,5.39,15.691,0.36,0
ACC-2026-0367,0849859667,2025-09,Commercant independant,392.28,73,0.215,2,0,1.0,0,0,0,0,25.73,5.39,15.691,0.36,0
ACC-2026-0367,0849859667,2025-10,Commercant independant,392.28,74,0.215,3,0,1.0,0,0,0,0,25.83,5.39,15.691,0.36,0
ACC-2026-0367,0849859667,2025-11,Commercant independant,392.28,75,0.215,4,0,1.0,0,0,0,0,26.68,5.39,15.691,0.36,0
ACC-2026-0367,0849859667,2025-12,Commercant independant,392.28,76,0.215,5,0,1.0,0,0,0,0,23.5,5.39,15.691,0.36,0
ACC-2026-0367,0849859667,2026-01,Commercant independant,392.28,77,0.215,6,0,1.0,0,0,0,0,24.9,5.39,15.691,0.36,0
ACC-2026-0367,0849859667,2026-02,Commercant independant,392.28,78,0.215,7,0,1.0,0,0,0,0,26.19,5.39,15.691,0.36,0
ACC-2026-0367,0849859667,2026-03,Commercant independant,392.28,79,0.215,8,0,1.0,0,0,0,0,25.37,5.39,15.691,0.36,1
ACC-2026-0367,0849859667,2026-04,Commercant independant,392.28,80,0.215,9,0,1.0,0,0,0,0,24.48,5.39,15.691,0.36,1
ACC-2026-0367,0849859667,2026-05,Commercant independant,392.28,81,0.215,10,0,1.0,0,0,0,0,25.75,5.39,15.691,0.36,0
ACC-2026-0367,0849859667,2026-06,Commercant independant,392.28,82,0.215,11,0,1.0,0,0,0,0,23.8,5.39,15.691,0.36,0
ACC-2026-0367,0849859667,2026-07,Commercant independant,392.28,83,0.215,12,0,1.0,0,0,0,0,25.38,5.39,15.691,0.36,0
ACC-2026-0368,0841148219,2025-08,Infirmier,442.02,42,0.1,4,0,1.0,0,0,0,0,21.22,2.0,22.101,0.24,0
ACC-2026-0368,0841148219,2025-09,Infirmier,442.02,43,0.1,5,0,1.0,0,0,0,0,19.8,2.0,22.101,0.24,0
ACC-2026-0368,0841148219,2025-10,Infirmier,442.02,44,0.1,6,0,1.0,0,1,0,0,21.06,2.0,22.101,0.24,0
ACC-2026-0368,0841148219,2025-11,Infirmier,442.02,45,0.1,7,0,1.0,0,1,0,0,19.07,2.0,22.101,0.24,0
ACC-2026-0368,0841148219,2025-12,Infirmier,442.02,46,0.1,8,0,1.0,0,1,0,0,19.06,2.0,22.101,0.24,0
ACC-2026-0368,0841148219,2026-01,Infirmier,442.02,47,0.1,9,0,1.0,0,1,0,0,18.87,2.0,22.101,0.24,0
ACC-2026-0368,0841148219,2026-02,Infirmier,442.02,48,0.1,10,0,1.0,0,1,0,0,21.06,2.0,22.101,0.24,0
ACC-2026-0368,0841148219,2026-03,Infirmier,442.02,49,0.1,11,0,1.0,0,1,0,0,21.5,2.0,22.101,0.24,0
ACC-2026-0368,0841148219,2026-04,Infirmier,442.02,50,0.1,12,0,1.0,0,1,0,0,18.9,2.0,22.101,0.24,0
ACC-2026-0368,0841148219,2026-05,Infirmier,442.02,51,0.1,13,0,1.0,0,1,0,0,21.08,2.0,22.101,0.24,0
ACC-2026-0368,0841148219,2026-06,Infirmier,442.02,52,0.1,14,0,1.0,0,2,0,0,18.96,2.0,22.101,0.24,0
ACC-2026-0368,0841148219,2026-07,Infirmier,442.02,53,0.1,15,0,1.0,0,2,0,0,19.06,2.0,22.101,0.24,0
ACC-2026-0369,0841496403,2025-08,Vendeur de rue,263.38,71,0.214,3,0,1.0,0,0,0,0,7.87,1.71,32.922,0.62,1
ACC-2026-0369,0841496403,2025-09,Vendeur de rue,263.38,72,0.214,4,0,1.0,0,0,0,0,7.39,1.71,32.922,0.62,0
ACC-2026-0369,0841496403,2025-10,Vendeur de rue,263.38,73,0.214,5,0,1.0,0,0,0,0,7.38,1.71,32.922,0.62,0
ACC-2026-0369,0841496403,2025-11,Vendeur de rue,263.38,74,0.214,6,0,1.0,0,0,0,0,7.61,1.71,32.922,0.62,1
ACC-2026-0369,0841496403,2025-12,Vendeur de rue,263.38,75,0.214,7,0,1.0,0,0,0,0,7.37,1.71,32.922,0.62,0
ACC-2026-0369,0841496403,2026-01,Vendeur de rue,263.38,76,0.214,8,0,1.0,0,0,0,0,7.89,1.71,32.922,0.62,0
ACC-2026-0369,0841496403,2026-02,Vendeur de rue,263.38,77,0.214,9,0,1.0,0,0,0,0,8.1,1.71,32.922,0.62,0
ACC-2026-0369,0841496403,2026-03,Vendeur de rue,263.38,78,0.214,10,0,1.0,0,0,0,0,8.08,1.71,32.922,0.62,0
ACC-2026-0369,0841496403,2026-04,Vendeur de rue,263.38,79,0.214,11,0,1.0,0,0,0,0,8.07,1.71,32.922,0.62,0
ACC-2026-0369,0841496403,2026-05,Vendeur de rue,263.38,80,0.214,11,0,0.9,0,0,1,30,7.87,1.71,32.922,0.62,0
ACC-2026-0369,0841496403,2026-06,Vendeur de rue,263.38,81,0.214,12,0,0.909,0,0,1,0,7.81,1.71,32.922,0.62,0
ACC-2026-0369,0841496403,2026-07,Vendeur de rue,263.38,82,0.214,13,0,0.917,0,0,1,0,7.5,1.71,32.922,0.62,0
ACC-2026-0370,0844772631,2025-08,Enseignant,96.67,21,0.248,1,0,1.0,0,1,0,0,20.23,8.56,4.833,0.22,1
ACC-2026-0370,0844772631,2025-09,Enseignant,96.67,22,0.248,2,0,1.0,0,1,0,0,19.36,8.56,4.833,0.22,0
ACC-2026-0370,0844772631,2025-10,Enseignant,96.67,23,0.248,2,0,0.667,0,1,1,30,21.06,8.56,4.833,0.22,0
ACC-2026-0370,0844772631,2025-11,Enseignant,96.67,24,0.248,3,0,0.75,0,1,1,0,21.04,8.56,4.833,0.22,1
ACC-2026-0370,0844772631,2025-12,Enseignant,96.67,25,0.248,4,0,0.8,0,1,1,0,19.54,8.56,4.833,0.22,0
ACC-2026-0370,0844772631,2026-01,Enseignant,96.67,26,0.248,5,0,0.833,0,1,1,0,20.41,8.56,4.833,0.22,0
ACC-2026-0370,0844772631,2026-02,Enseignant,96.67,27,0.248,5,0,0.714,0,1,2,30,21.15,8.56,4.833,0.22,0
ACC-2026-0370,0844772631,2026-03,Enseignant,96.67,28,0.248,6,0,0.75,0,1,2,0,19.98,10.96,4.833,0.22,0
ACC-2026-0370,0844772631,2026-04,Enseignant,96.67,29,0.248,7,0,0.778,0,1,2,0,18.94,10.96,4.833,0.22,0
ACC-2026-0370,0844772631,2026-05,Enseignant,96.67,30,0.248,8,0,0.8,0,1,2,0,20.21,10.96,4.833,0.22,1
ACC-2026-0370,0844772631,2026-06,Enseignant,96.67,31,0.248,8,1,0.727,0,1,3,30,18.65,10.96,4.833,0.22,0
ACC-2026-0370,0844772631,2026-07,Enseignant,96.67,32,0.248,8,0,0.667,1,1,3,60,20.38,12.0,4.833,0.22,0
ACC-2026-0371,0841580404,2025-08,Chauffeur,343.8,25,0.142,1,0,1.0,0,0,0,0,9.59,1.42,34.38,0.42,0
ACC-2026-0371,0841580404,2025-09,Chauffeur,343.8,26,0.142,2,0,1.0,0,0,0,0,10.24,1.42,34.38,0.42,0
ACC-2026-0371,0841580404,2025-10,Chauffeur,343.8,27,0.142,2,0,0.667,1,0,0,30,10.19,1.42,34.38,0.42,0
ACC-2026-0371,0841580404,2025-11,Chauffeur,343.8,28,0.142,3,0,0.75,1,0,0,0,10.47,1.42,34.38,0.42,1
ACC-2026-0371,0841580404,2025-12,Chauffeur,343.8,29,0.142,4,0,0.8,1,0,0,0,10.13,1.42,34.38,0.42,0
ACC-2026-0371,0841580404,2026-01,Chauffeur,343.8,30,0.142,5,0,0.833,1,0,0,0,10.45,1.42,34.38,0.42,0
ACC-2026-0371,0841580404,2026-02,Chauffeur,343.8,31,0.142,6,0,0.857,1,0,0,0,10.6,1.42,34.38,0.42,0
ACC-2026-0371,0841580404,2026-03,Chauffeur,343.8,32,0.142,7,0,0.875,1,0,0,0,10.15,1.42,34.38,0.42,0
ACC-2026-0371,0841580404,2026-04,Chauffeur,343.8,33,0.142,7,0,0.778,1,0,1,30,10.1,1.42,34.38,0.42,0
ACC-2026-0371,0841580404,2026-05,Chauffeur,343.8,34,0.142,8,0,0.8,1,0,1,0,9.4,1.42,34.38,0.42,0
ACC-2026-0371,0841580404,2026-06,Chauffeur,343.8,35,0.142,9,0,0.818,1,0,1,0,9.46,1.42,34.38,0.42,0
ACC-2026-0371,0841580404,2026-07,Chauffeur,343.8,36,0.142,10,0,0.833,1,0,1,0,10.16,1.42,34.38,0.42,0
ACC-2026-0372,0843246423,2025-08,Sans emploi,271.21,16,0.31,4,0,1.0,0,0,0,0,9.32,3.1,27.121,0.78,0
ACC-2026-0372,0843246423,2025-09,Sans emploi,271.21,17,0.31,5,0,1.0,0,0,0,0,9.3,3.1,27.121,0.78,0
ACC-2026-0372,0843246423,2025-10,Sans emploi,271.21,18,0.31,6,0,1.0,0,0,0,0,9.63,3.1,27.121,0.78,0
ACC-2026-0372,0843246423,2025-11,Sans emploi,271.21,19,0.31,7,0,1.0,0,0,0,0,10.2,3.1,27.121,0.78,0
ACC-2026-0372,0843246423,2025-12,Sans emploi,271.21,20,0.31,8,0,1.0,0,0,0,0,9.91,3.1,27.121,0.78,1
ACC-2026-0372,0843246423,2026-01,Sans emploi,271.21,21,0.31,9,0,1.0,0,0,0,0,10.36,3.1,27.121,0.78,0
ACC-2026-0372,0843246423,2026-02,Sans emploi,271.21,22,0.31,10,0,1.0,0,0,0,0,9.96,3.1,27.121,0.78,0
ACC-2026-0372,0843246423,2026-03,Sans emploi,271.21,23,0.31,11,0,1.0,0,0,0,0,9.84,3.1,27.121,0.78,0
ACC-2026-0372,0843246423,2026-04,Sans emploi,271.21,24,0.31,11,0,0.889,1,0,0,30,9.24,3.1,27.121,0.78,1
ACC-2026-0372,0843246423,2026-05,Sans emploi,271.21,25,0.31,12,0,0.9,1,0,0,0,9.57,3.1,27.121,0.78,0
ACC-2026-0372,0843246423,2026-06,Sans emploi,271.21,26,0.31,13,0,0.909,1,0,0,0,10.61,3.1,27.121,0.78,0
ACC-2026-0372,0843246423,2026-07,Sans emploi,271.21,27,0.31,13,0,0.833,2,0,0,30,9.3,3.1,27.121,0.78,0
ACC-2026-0373,0846936330,2025-08,Agriculteur,361.13,41,0.17,2,0,1.0,0,0,0,0,8.18,1.36,45.141,0.46,0
ACC-2026-0373,0846936330,2025-09,Agriculteur,361.13,42,0.17,3,0,1.0,0,1,0,0,8.45,1.36,45.141,0.46,0
ACC-2026-0373,0846936330,2025-10,Agriculteur,361.13,43,0.17,4,0,1.0,0,1,0,0,7.69,1.36,45.141,0.46,0
ACC-2026-0373,0846936330,2025-11,Agriculteur,361.13,44,0.17,5,0,1.0,0,1,0,0,7.68,1.36,45.141,0.46,0
ACC-2026-0373,0846936330,2025-12,Agriculteur,361.13,45,0.17,6,0,1.0,0,1,0,0,7.66,1.36,45.141,0.46,0
ACC-2026-0373,0846936330,2026-01,Agriculteur,361.13,46,0.17,7,0,1.0,0,1,0,0,8.26,1.36,45.141,0.46,0
ACC-2026-0373,0846936330,2026-02,Agriculteur,361.13,47,0.17,8,0,1.0,0,1,0,0,8.55,1.36,45.141,0.46,0
ACC-2026-0373,0846936330,2026-03,Agriculteur,361.13,48,0.17,9,0,1.0,0,1,0,0,7.41,1.36,45.141,0.46,0
ACC-2026-0373,0846936330,2026-04,Agriculteur,361.13,49,0.17,10,0,1.0,0,1,0,0,8.59,1.36,45.141,0.46,0
ACC-2026-0373,0846936330,2026-05,Agriculteur,361.13,50,0.17,11,0,1.0,0,1,0,0,8.62,1.36,45.141,0.46,0
ACC-2026-0373,0846936330,2026-06,Agriculteur,361.13,51,0.17,12,0,1.0,0,1,0,0,8.57,1.36,45.141,0.46,0
ACC-2026-0373,0846936330,2026-07,Agriculteur,361.13,52,0.17,13,0,1.0,0,1,0,0,7.73,1.36,45.141,0.46,1
ACC-2026-0374,0849720215,2025-08,Commercant independant,275.13,65,0.2,5,0,1.0,0,0,0,0,15.57,2.99,18.342,0.36,0
ACC-2026-0374,0849720215,2025-09,Commercant independant,275.13,66,0.2,6,0,1.0,0,0,0,0,15.51,2.99,18.342,0.36,0
ACC-2026-0374,0849720215,2025-10,Commercant independant,275.13,67,0.2,7,0,1.0,0,0,0,0,15.58,2.99,18.342,0.36,0
ACC-2026-0374,0849720215,2025-11,Commercant independant,275.13,68,0.2,8,0,1.0,0,0,0,0,15.67,2.99,18.342,0.36,0
ACC-2026-0374,0849720215,2025-12,Commercant independant,275.13,69,0.2,9,0,1.0,0,0,0,0,15.33,2.99,18.342,0.36,0
ACC-2026-0374,0849720215,2026-01,Commercant independant,275.13,70,0.2,10,0,1.0,0,0,0,0,14.74,2.99,18.342,0.36,0
ACC-2026-0374,0849720215,2026-02,Commercant independant,275.13,71,0.2,11,0,1.0,0,0,0,0,13.82,2.99,18.342,0.36,0
ACC-2026-0374,0849720215,2026-03,Commercant independant,275.13,72,0.2,12,0,1.0,0,0,0,0,15.39,2.99,18.342,0.36,0
ACC-2026-0374,0849720215,2026-04,Commercant independant,275.13,73,0.2,13,0,1.0,0,0,0,0,14.52,2.99,18.342,0.36,0
ACC-2026-0374,0849720215,2026-05,Commercant independant,275.13,74,0.2,14,0,1.0,0,0,0,0,14.4,2.99,18.342,0.36,1
ACC-2026-0374,0849720215,2026-06,Commercant independant,275.13,75,0.2,15,0,1.0,0,0,0,0,14.21,2.99,18.342,0.36,0
ACC-2026-0374,0849720215,2026-07,Commercant independant,275.13,76,0.2,15,0,0.917,1,0,0,30,15.17,2.99,18.342,0.36,1
ACC-2026-0375,0841225565,2025-08,Chauffeur,273.0,57,0.131,3,0,0.0,0,0,1,365,8.54,1.04,34.125,0.42,0
ACC-2026-0375,0841225565,2025-09,Chauffeur,273.0,58,0.131,3,0,0.0,1,0,1,365,8.1,1.04,34.125,0.42,1
ACC-2026-0375,0841225565,2025-10,Chauffeur,273.0,59,0.131,4,0,0.333,1,0,1,0,7.72,1.04,34.125,0.42,0
ACC-2026-0375,0841225565,2025-11,Chauffeur,273.0,60,0.131,5,0,0.5,1,0,1,0,7.42,1.04,34.125,0.42,0
ACC-2026-0375,0841225565,2025-12,Chauffeur,273.0,61,0.131,6,0,0.6,1,0,1,0,8.34,1.04,34.125,0.42,1
ACC-2026-0375,0841225565,2026-01,Chauffeur,273.0,62,0.131,7,0,0.667,1,0,1,0,8.43,1.04,34.125,0.42,0
ACC-2026-0375,0841225565,2026-02,Chauffeur,273.0,63,0.131,8,0,0.714,1,0,1,0,8.45,1.04,34.125,0.42,0
ACC-2026-0375,0841225565,2026-03,Chauffeur,273.0,64,0.131,8,1,0.625,1,0,2,30,7.95,1.04,34.125,0.42,1
ACC-2026-0375,0841225565,2026-04,Chauffeur,273.0,65,0.131,9,1,0.667,1,0,2,0,8.24,2.96,34.125,0.42,0
ACC-2026-0375,0841225565,2026-05,Chauffeur,273.0,66,0.131,10,1,0.7,1,0,2,0,7.53,2.96,34.125,0.42,0
ACC-2026-0375,0841225565,2026-06,Chauffeur,273.0,67,0.131,11,1,0.727,1,0,2,0,7.38,2.96,34.125,0.42,1
ACC-2026-0375,0841225565,2026-07,Chauffeur,273.0,68,0.131,12,1,0.75,1,0,2,0,7.93,2.96,34.125,0.42,1
ACC-2026-0376,0844740168,2025-08,Chauffeur,250.35,27,0.235,0,0,0.0,0,0,1,365,10.7,2.35,25.035,0.42,1
ACC-2026-0376,0844740168,2025-09,Chauffeur,250.35,28,0.235,1,0,0.5,0,1,1,0,9.9,2.35,25.035,0.42,1
ACC-2026-0376,0844740168,2025-10,Chauffeur,250.35,29,0.235,1,0,0.333,1,1,1,30,9.76,2.35,25.035,0.42,1
ACC-2026-0376,0844740168,2025-11,Chauffeur,250.35,30,0.235,2,0,0.5,1,1,1,0,9.51,2.35,25.035,0.42,0
ACC-2026-0376,0844740168,2025-12,Chauffeur,250.35,31,0.235,3,0,0.6,1,1,1,0,10.04,2.35,25.035,0.42,0
ACC-2026-0376,0844740168,2026-01,Chauffeur,250.35,32,0.235,4,0,0.667,1,1,1,0,9.25,2.35,25.035,0.42,0
ACC-2026-0376,0844740168,2026-02,Chauffeur,250.35,33,0.235,5,0,0.714,1,1,1,0,9.67,2.35,25.035,0.42,1
ACC-2026-0376,0844740168,2026-03,Chauffeur,250.35,34,0.235,6,0,0.75,1,1,1,0,9.89,2.35,25.035,0.42,0
ACC-2026-0376,0844740168,2026-04,Chauffeur,250.35,35,0.235,7,0,0.778,1,1,1,0,10.02,2.35,25.035,0.42,0
ACC-2026-0376,0844740168,2026-05,Chauffeur,250.35,36,0.235,8,0,0.8,1,1,1,0,9.99,2.35,25.035,0.42,0
ACC-2026-0376,0844740168,2026-06,Chauffeur,250.35,37,0.235,9,0,0.818,1,1,1,0,9.49,2.35,25.035,0.42,0
ACC-2026-0376,0844740168,2026-07,Chauffeur,250.35,38,0.235,10,0,0.833,1,1,1,0,9.69,2.35,25.035,0.42,1
ACC-2026-0377,0849325026,2025-08,Enseignant,362.28,43,0.099,4,0,1.0,0,0,0,0,9.92,0.99,36.228,0.22,1
ACC-2026-0377,0849325026,2025-09,Enseignant,362.28,44,0.099,5,0,1.0,0,0,0,0,9.67,0.99,36.228,0.22,0
ACC-2026-0377,0849325026,2025-10,Enseignant,362.28,45,0.099,6,0,1.0,0,0,0,0,10.42,0.99,36.228,0.22,0
ACC-2026-0377,0849325026,2025-11,Enseignant,362.28,46,0.099,7,0,1.0,0,0,0,0,9.95,0.99,36.228,0.22,0
ACC-2026-0377,0849325026,2025-12,Enseignant,362.28,47,0.099,8,0,1.0,0,0,0,0,9.3,0.99,36.228,0.22,0
ACC-2026-0377,0849325026,2026-01,Enseignant,362.28,48,0.099,9,0,1.0,0,0,0,0,9.56,0.99,36.228,0.22,0
ACC-2026-0377,0849325026,2026-02,Enseignant,362.28,49,0.099,10,0,1.0,0,0,0,0,10.39,0.99,36.228,0.22,0
ACC-2026-0377,0849325026,2026-03,Enseignant,362.28,50,0.099,11,0,1.0,0,0,0,0,9.58,0.99,36.228,0.22,0
ACC-2026-0377,0849325026,2026-04,Enseignant,362.28,51,0.099,12,0,1.0,0,0,0,0,9.25,0.99,36.228,0.22,0
ACC-2026-0377,0849325026,2026-05,Enseignant,362.28,52,0.099,13,0,1.0,0,0,0,0,10.28,0.99,36.228,0.22,0
ACC-2026-0377,0849325026,2026-06,Enseignant,362.28,53,0.099,14,0,1.0,0,0,0,0,9.86,0.99,36.228,0.22,0
ACC-2026-0377,0849325026,2026-07,Enseignant,362.28,54,0.099,15,0,1.0,0,0,0,0,10.65,0.99,36.228,0.22,0
ACC-2026-0378,0841859485,2025-08,Commercant independant,425.68,49,0.169,4,0,1.0,0,0,0,0,8.59,1.35,53.21,0.36,0
ACC-2026-0378,0841859485,2025-09,Commercant independant,425.68,50,0.169,5,0,1.0,0,0,0,0,8.45,1.35,53.21,0.36,0
ACC-2026-0378,0841859485,2025-10,Commercant independant,425.68,51,0.169,6,0,1.0,0,0,0,0,7.88,1.35,53.21,0.36,0
ACC-2026-0378,0841859485,2025-11,Commercant independant,425.68,52,0.169,7,0,1.0,0,0,0,0,7.83,1.35,53.21,0.36,0
ACC-2026-0378,0841859485,2025-12,Commercant independant,425.68,53,0.169,8,0,1.0,0,0,0,0,8.41,1.35,53.21,0.36,0
ACC-2026-0378,0841859485,2026-01,Commercant independant,425.68,54,0.169,9,0,1.0,0,0,0,0,7.55,1.35,53.21,0.36,0
ACC-2026-0378,0841859485,2026-02,Commercant independant,425.68,55,0.169,10,0,1.0,0,0,0,0,7.5,1.35,53.21,0.36,0
ACC-2026-0378,0841859485,2026-03,Commercant independant,425.68,56,0.169,11,0,1.0,0,1,0,0,7.94,1.35,53.21,0.36,0
ACC-2026-0378,0841859485,2026-04,Commercant independant,425.68,57,0.169,11,0,0.889,0,1,1,30,8.61,1.35,53.21,0.36,0
ACC-2026-0378,0841859485,2026-05,Commercant independant,425.68,58,0.169,12,0,0.9,0,1,1,0,7.79,1.35,53.21,0.36,0
ACC-2026-0378,0841859485,2026-06,Commercant independant,425.68,59,0.169,13,0,0.909,0,1,1,0,8.53,1.35,53.21,0.36,0
ACC-2026-0378,0841859485,2026-07,Commercant independant,425.68,60,0.169,13,0,0.833,0,1,2,30,7.98,1.35,53.21,0.36,0
ACC-2026-0379,0847787248,2025-08,Commercant independant,383.88,71,0.111,2,0,1.0,0,0,0,0,10.62,1.11,38.388,0.36,0
ACC-2026-0379,0847787248,2025-09,Commercant independant,383.88,72,0.111,3,0,1.0,0,0,0,0,9.33,1.11,38.388,0.36,0
ACC-2026-0379,0847787248,2025-10,Commercant independant,383.88,73,0.111,4,0,1.0,0,0,0,0,10.01,1.11,38.388,0.36,0
ACC-2026-0379,0847787248,2025-11,Commercant independant,383.88,74,0.111,5,0,1.0,0,0,0,0,10.16,1.11,38.388,0.36,0
ACC-2026-0379,0847787248,2025-12,Commercant independant,383.88,75,0.111,6,0,1.0,0,0,0,0,10.12,1.11,38.388,0.36,0
ACC-2026-0379,0847787248,2026-01,Commercant independant,383.88,76,0.111,7,0,1.0,0,0,0,0,10.02,1.11,38.388,0.36,0
ACC-2026-0379,0847787248,2026-02,Commercant independant,383.88,77,0.111,8,0,1.0,0,0,0,0,10.78,1.11,38.388,0.36,0
ACC-2026-0379,0847787248,2026-03,Commercant independant,383.88,78,0.111,9,0,1.0,0,0,0,0,10.22,1.11,38.388,0.36,0
ACC-2026-0379,0847787248,2026-04,Commercant independant,383.88,79,0.111,10,0,1.0,0,0,0,0,10.11,1.11,38.388,0.36,0
ACC-2026-0379,0847787248,2026-05,Commercant independant,383.88,80,0.111,11,0,1.0,0,0,0,0,9.62,1.11,38.388,0.36,0
ACC-2026-0379,0847787248,2026-06,Commercant independant,383.88,81,0.111,12,0,1.0,0,0,0,0,9.32,1.11,38.388,0.36,0
ACC-2026-0379,0847787248,2026-07,Commercant independant,383.88,82,0.111,13,0,1.0,0,0,0,0,9.85,1.11,38.388,0.36,0
ACC-2026-0380,0842169844,2025-08,Commercant independant,158.29,21,0.231,1,0,1.0,0,0,0,0,26.77,10.27,6.332,0.36,1
ACC-2026-0380,0842169844,2025-09,Commercant independant,158.29,22,0.231,2,0,1.0,0,0,0,0,26.36,10.27,6.332,0.36,0
ACC-2026-0380,0842169844,2025-10,Commercant independant,158.29,23,0.231,3,0,1.0,0,0,0,0,26.72,10.27,6.332,0.36,0
ACC-2026-0380,0842169844,2025-11,Commercant independant,158.29,24,0.231,4,0,1.0,0,0,0,0,24.29,10.27,6.332,0.36,1
ACC-2026-0380,0842169844,2025-12,Commercant independant,158.29,25,0.231,5,0,1.0,0,0,0,0,24.85,10.27,6.332,0.36,0
ACC-2026-0380,0842169844,2026-01,Commercant independant,158.29,26,0.231,5,0,0.833,0,0,1,30,24.69,10.27,6.332,0.36,0
ACC-2026-0380,0842169844,2026-02,Commercant independant,158.29,27,0.231,5,0,0.714,1,0,1,60,25.35,10.27,6.332,0.36,1
ACC-2026-0380,0842169844,2026-03,Commercant independant,158.29,28,0.231,6,0,0.75,1,0,1,0,25.14,10.27,6.332,0.36,1
ACC-2026-0380,0842169844,2026-04,Commercant independant,158.29,29,0.231,7,0,0.778,1,0,1,0,25.7,10.27,6.332,0.36,0
ACC-2026-0380,0842169844,2026-05,Commercant independant,158.29,30,0.231,8,0,0.8,1,0,1,0,25.56,10.27,6.332,0.36,1
ACC-2026-0380,0842169844,2026-06,Commercant independant,158.29,31,0.231,9,0,0.818,1,0,1,0,25.26,10.27,6.332,0.36,0
ACC-2026-0380,0842169844,2026-07,Commercant independant,158.29,32,0.231,10,0,0.833,1,0,1,0,25.4,10.27,6.332,0.36,0
ACC-2026-0381,0848368372,2025-08,Enseignant,181.18,68,0.172,3,0,1.0,0,0,0,0,10.66,1.72,18.118,0.22,0
ACC-2026-0381,0848368372,2025-09,Enseignant,181.18,69,0.172,4,0,1.0,0,0,0,0,10.5,1.72,18.118,0.22,0
ACC-2026-0381,0848368372,2025-10,Enseignant,181.18,70,0.172,5,0,1.0,0,0,0,0,10.52,1.72,18.118,0.22,0
ACC-2026-0381,0848368372,2025-11,Enseignant,181.18,71,0.172,6,0,1.0,0,0,0,0,9.95,1.72,18.118,0.22,1
ACC-2026-0381,0848368372,2025-12,Enseignant,181.18,72,0.172,7,0,1.0,0,0,0,0,10.73,1.72,18.118,0.22,0
ACC-2026-0381,0848368372,2026-01,Enseignant,181.18,73,0.172,8,0,1.0,0,0,0,0,10.61,1.72,18.118,0.22,0
ACC-2026-0381,0848368372,2026-02,Enseignant,181.18,74,0.172,9,0,1.0,0,0,0,0,10.67,1.72,18.118,0.22,0
ACC-2026-0381,0848368372,2026-03,Enseignant,181.18,75,0.172,10,0,1.0,0,0,0,0,10.44,1.72,18.118,0.22,0
ACC-2026-0381,0848368372,2026-04,Enseignant,181.18,76,0.172,11,0,1.0,0,0,0,0,10.25,1.72,18.118,0.22,1
ACC-2026-0381,0848368372,2026-05,Enseignant,181.18,77,0.172,12,0,1.0,0,0,0,0,10.44,1.72,18.118,0.22,0
ACC-2026-0381,0848368372,2026-06,Enseignant,181.18,78,0.172,13,0,1.0,0,0,0,0,9.45,1.72,18.118,0.22,1
ACC-2026-0381,0848368372,2026-07,Enseignant,181.18,79,0.172,14,0,1.0,0,0,0,0,9.53,1.72,18.118,0.22,0
ACC-2026-0382,0849683574,2025-08,Chauffeur,530.42,9,0.134,2,0,1.0,0,0,0,0,20.32,2.69,26.521,0.42,0
ACC-2026-0382,0849683574,2025-09,Chauffeur,530.42,10,0.134,3,0,1.0,0,0,0,0,19.35,2.69,26.521,0.42,0
ACC-2026-0382,0849683574,2025-10,Chauffeur,530.42,11,0.134,4,0,1.0,0,0,0,0,18.5,2.69,26.521,0.42,0
ACC-2026-0382,0849683574,2025-11,Chauffeur,530.42,12,0.134,5,0,1.0,0,0,0,0,20.51,2.69,26.521,0.42,0
ACC-2026-0382,0849683574,2025-12,Chauffeur,530.42,13,0.134,6,0,1.0,0,0,0,0,20.47,2.69,26.521,0.42,0
ACC-2026-0382,0849683574,2026-01,Chauffeur,530.42,14,0.134,7,0,1.0,0,0,0,0,18.41,2.69,26.521,0.42,0
ACC-2026-0382,0849683574,2026-02,Chauffeur,530.42,15,0.134,8,0,1.0,0,0,0,0,21.23,2.69,26.521,0.42,0
ACC-2026-0382,0849683574,2026-03,Chauffeur,530.42,16,0.134,9,0,1.0,0,0,0,0,19.7,2.69,26.521,0.42,0
ACC-2026-0382,0849683574,2026-04,Chauffeur,530.42,17,0.134,10,0,1.0,0,0,0,0,21.09,2.69,26.521,0.42,0
ACC-2026-0382,0849683574,2026-05,Chauffeur,530.42,18,0.134,10,0,0.9,1,0,0,30,20.82,2.69,26.521,0.42,0
ACC-2026-0382,0849683574,2026-06,Chauffeur,530.42,19,0.134,11,0,0.909,1,0,0,0,21.28,2.69,26.521,0.42,0
ACC-2026-0382,0849683574,2026-07,Chauffeur,530.42,20,0.134,12,0,0.917,1,0,0,0,20.3,2.69,26.521,0.42,0
ACC-2026-0383,0845246007,2025-08,Commercant independant,180.14,63,0.095,1,0,1.0,0,0,0,0,7.74,0.76,22.517,0.36,0
ACC-2026-0383,0845246007,2025-09,Commercant independant,180.14,64,0.095,2,0,1.0,0,0,0,0,8.2,0.76,22.517,0.36,0
ACC-2026-0383,0845246007,2025-10,Commercant independant,180.14,65,0.095,2,0,0.667,0,0,1,30,7.48,0.76,22.517,0.36,0
ACC-2026-0383,0845246007,2025-11,Commercant independant,180.14,66,0.095,3,0,0.75,0,0,1,0,7.68,0.76,22.517,0.36,0
ACC-2026-0383,0845246007,2025-12,Commercant independant,180.14,67,0.095,4,0,0.8,0,0,1,0,7.88,0.76,22.517,0.36,0
ACC-2026-0383,0845246007,2026-01,Commercant independant,180.14,68,0.095,5,0,0.833,0,0,1,0,7.84,0.76,22.517,0.36,1
ACC-2026-0383,0845246007,2026-02,Commercant independant,180.14,69,0.095,6,0,0.857,0,0,1,0,7.74,0.76,22.517,0.36,0
ACC-2026-0383,0845246007,2026-03,Commercant independant,180.14,70,0.095,7,0,0.875,0,0,1,0,8.24,0.76,22.517,0.36,0
ACC-2026-0383,0845246007,2026-04,Commercant independant,180.14,71,0.095,8,0,0.889,0,0,1,0,7.9,0.76,22.517,0.36,0
ACC-2026-0383,0845246007,2026-05,Commercant independant,180.14,72,0.095,9,0,0.9,0,0,1,0,7.92,0.76,22.517,0.36,0
ACC-2026-0383,0845246007,2026-06,Commercant independant,180.14,73,0.095,10,0,0.909,0,0,1,0,8.6,0.76,22.517,0.36,0
ACC-2026-0383,0845246007,2026-07,Commercant independant,180.14,74,0.095,11,0,0.917,0,0,1,0,8.48,0.76,22.517,0.36,0
ACC-2026-0384,0846910246,2025-08,Vendeur de rue,247.14,58,0.239,3,0,1.0,0,0,0,0,20.68,4.78,12.357,0.62,0
ACC-2026-0384,0846910246,2025-09,Vendeur de rue,247.14,59,0.239,4,0,1.0,0,0,0,0,19.14,4.78,12.357,0.62,0
ACC-2026-0384,0846910246,2025-10,Vendeur de rue,247.14,60,0.239,5,0,1.0,0,0,0,0,20.88,4.78,12.357,0.62,0
ACC-2026-0384,0846910246,2025-11,Vendeur de rue,247.14,61,0.239,6,0,1.0,0,0,0,0,18.81,4.78,12.357,0.62,0
ACC-2026-0384,0846910246,2025-12,Vendeur de rue,247.14,62,0.239,7,0,1.0,0,0,0,0,21.32,4.78,12.357,0.62,0
ACC-2026-0384,0846910246,2026-01,Vendeur de rue,247.14,63,0.239,8,0,1.0,0,0,0,0,18.56,4.78,12.357,0.62,0
ACC-2026-0384,0846910246,2026-02,Vendeur de rue,247.14,64,0.239,9,0,1.0,0,0,0,0,18.93,4.78,12.357,0.62,0
ACC-2026-0384,0846910246,2026-03,Vendeur de rue,247.14,65,0.239,9,0,0.875,0,0,1,30,19.73,4.78,12.357,0.62,0
ACC-2026-0384,0846910246,2026-04,Vendeur de rue,247.14,66,0.239,10,0,0.889,0,0,1,0,20.27,4.78,12.357,0.62,0
ACC-2026-0384,0846910246,2026-05,Vendeur de rue,247.14,67,0.239,11,0,0.9,0,0,1,0,21.55,4.78,12.357,0.62,0
ACC-2026-0384,0846910246,2026-06,Vendeur de rue,247.14,68,0.239,12,0,0.909,0,0,1,0,18.89,4.78,12.357,0.62,0
ACC-2026-0384,0846910246,2026-07,Vendeur de rue,247.14,69,0.239,13,0,0.917,0,0,1,0,20.15,4.78,12.357,0.62,0
ACC-2026-0385,0849010436,2025-08,Vendeur de rue,186.17,64,0.297,3,0,1.0,0,0,0,0,19.79,5.93,9.308,0.62,0
ACC-2026-0385,0849010436,2025-09,Vendeur de rue,186.17,65,0.297,4,0,1.0,0,0,0,0,18.56,5.93,9.308,0.62,0
ACC-2026-0385,0849010436,2025-10,Vendeur de rue,186.17,66,0.297,5,0,1.0,0,0,0,0,21.0,5.93,9.308,0.62,0
ACC-2026-0385,0849010436,2025-11,Vendeur de rue,186.17,67,0.297,6,0,1.0,0,0,0,0,19.01,5.93,9.308,0.62,1
ACC-2026-0385,0849010436,2025-12,Vendeur de rue,186.17,68,0.297,7,0,1.0,0,0,0,0,19.69,5.93,9.308,0.62,0
ACC-2026-0385,0849010436,2026-01,Vendeur de rue,186.17,69,0.297,8,0,1.0,0,0,0,0,18.56,5.93,9.308,0.62,0
ACC-2026-0385,0849010436,2026-02,Vendeur de rue,186.17,70,0.297,9,0,1.0,0,0,0,0,18.87,5.93,9.308,0.62,0
ACC-2026-0385,0849010436,2026-03,Vendeur de rue,186.17,71,0.297,10,0,1.0,0,1,0,0,20.94,5.93,9.308,0.62,0
ACC-2026-0385,0849010436,2026-04,Vendeur de rue,186.17,72,0.297,11,0,1.0,0,1,0,0,21.19,5.93,9.308,0.62,0
ACC-2026-0385,0849010436,2026-05,Vendeur de rue,186.17,73,0.297,12,0,1.0,0,1,0,0,18.78,5.93,9.308,0.62,0
ACC-2026-0385,0849010436,2026-06,Vendeur de rue,186.17,74,0.297,13,0,1.0,0,1,0,0,18.89,5.93,9.308,0.62,0
ACC-2026-0385,0849010436,2026-07,Vendeur de rue,186.17,75,0.297,13,0,0.917,1,1,0,30,20.29,5.93,9.308,0.62,0
ACC-2026-0386,0847438163,2025-08,Infirmier,427.78,18,0.173,3,0,1.0,0,0,0,0,15.5,2.6,28.519,0.24,0
ACC-2026-0386,0847438163,2025-09,Infirmier,427.78,19,0.173,4,0,1.0,0,0,0,0,15.8,2.6,28.519,0.24,0
ACC-2026-0386,0847438163,2025-10,Infirmier,427.78,20,0.173,5,0,1.0,0,0,0,0,14.83,2.6,28.519,0.24,0
ACC-2026-0386,0847438163,2025-11,Infirmier,427.78,21,0.173,6,0,1.0,0,0,0,0,15.14,2.6,28.519,0.24,0
ACC-2026-0386,0847438163,2025-12,Infirmier,427.78,22,0.173,7,0,1.0,0,0,0,0,16.06,2.6,28.519,0.24,0
ACC-2026-0386,0847438163,2026-01,Infirmier,427.78,23,0.173,8,0,1.0,0,0,0,0,15.76,2.6,28.519,0.24,0
ACC-2026-0386,0847438163,2026-02,Infirmier,427.78,24,0.173,9,0,1.0,0,0,0,0,14.12,2.6,28.519,0.24,0
ACC-2026-0386,0847438163,2026-03,Infirmier,427.78,25,0.173,10,0,1.0,0,0,0,0,15.31,2.6,28.519,0.24,0
ACC-2026-0386,0847438163,2026-04,Infirmier,427.78,26,0.173,11,0,1.0,0,0,0,0,16.05,2.6,28.519,0.24,0
ACC-2026-0386,0847438163,2026-05,Infirmier,427.78,27,0.173,12,0,1.0,0,0,0,0,15.62,2.6,28.519,0.24,0
ACC-2026-0386,0847438163,2026-06,Infirmier,427.78,28,0.173,13,0,1.0,0,0,0,0,14.5,2.6,28.519,0.24,0
ACC-2026-0386,0847438163,2026-07,Infirmier,427.78,29,0.173,14,0,1.0,0,0,0,0,14.54,2.6,28.519,0.24,0
ACC-2026-0387,0846334947,2025-08,Enseignant,422.95,41,0.035,1,0,1.0,0,0,0,0,19.99,0.69,21.148,0.22,0
ACC-2026-0387,0846334947,2025-09,Enseignant,422.95,42,0.035,2,0,1.0,0,0,0,0,19.52,0.69,21.148,0.22,0
ACC-2026-0387,0846334947,2025-10,Enseignant,422.95,43,0.035,3,0,1.0,0,0,0,0,20.52,0.69,21.148,0.22,0
ACC-2026-0387,0846334947,2025-11,Enseignant,422.95,44,0.035,4,0,1.0,0,0,0,0,20.39,0.69,21.148,0.22,0
ACC-2026-0387,0846334947,2025-12,Enseignant,422.95,45,0.035,5,0,1.0,0,0,0,0,19.03,0.69,21.148,0.22,0
ACC-2026-0387,0846334947,2026-01,Enseignant,422.95,46,0.035,6,0,1.0,0,0,0,0,19.35,0.69,21.148,0.22,0
ACC-2026-0387,0846334947,2026-02,Enseignant,422.95,47,0.035,7,0,1.0,0,0,0,0,19.28,0.69,21.148,0.22,0
ACC-2026-0387,0846334947,2026-03,Enseignant,422.95,48,0.035,7,0,0.875,0,0,1,30,19.27,0.69,21.148,0.22,0
ACC-2026-0387,0846334947,2026-04,Enseignant,422.95,49,0.035,8,0,0.889,0,0,1,0,19.73,0.69,21.148,0.22,0
ACC-2026-0387,0846334947,2026-05,Enseignant,422.95,50,0.035,9,0,0.9,0,0,1,0,21.35,0.69,21.148,0.22,0
ACC-2026-0387,0846334947,2026-06,Enseignant,422.95,51,0.035,10,0,0.909,0,0,1,0,19.43,0.69,21.148,0.22,0
ACC-2026-0387,0846334947,2026-07,Enseignant,422.95,52,0.035,11,0,0.917,0,0,1,0,20.42,0.69,21.148,0.22,0
ACC-2026-0388,0846994162,2025-08,Fonctionnaire,407.79,31,0.03,5,0,1.0,0,0,0,0,27.98,0.9,13.593,0.18,0
ACC-2026-0388,0846994162,2025-09,Fonctionnaire,407.79,32,0.03,6,0,1.0,0,0,0,0,30.5,0.9,13.593,0.18,0
ACC-2026-0388,0846994162,2025-10,Fonctionnaire,407.79,33,0.03,7,0,1.0,0,0,0,0,29.25,0.9,13.593,0.18,0
ACC-2026-0388,0846994162,2025-11,Fonctionnaire,407.79,34,0.03,8,0,1.0,0,0,0,0,28.06,0.9,13.593,0.18,0
ACC-2026-0388,0846994162,2025-12,Fonctionnaire,407.79,35,0.03,9,0,1.0,0,0,0,0,31.44,0.9,13.593,0.18,0
ACC-2026-0388,0846994162,2026-01,Fonctionnaire,407.79,36,0.03,10,0,1.0,0,0,0,0,28.16,0.9,13.593,0.18,0
ACC-2026-0388,0846994162,2026-02,Fonctionnaire,407.79,37,0.03,11,0,1.0,0,0,0,0,27.61,0.9,13.593,0.18,0
ACC-2026-0388,0846994162,2026-03,Fonctionnaire,407.79,38,0.03,12,0,1.0,0,0,0,0,31.45,0.9,13.593,0.18,0
ACC-2026-0388,0846994162,2026-04,Fonctionnaire,407.79,39,0.03,13,0,1.0,0,0,0,0,30.19,0.9,13.593,0.18,0
ACC-2026-0388,0846994162,2026-05,Fonctionnaire,407.79,40,0.03,14,0,1.0,0,0,0,0,32.03,0.9,13.593,0.18,0
ACC-2026-0388,0846994162,2026-06,Fonctionnaire,407.79,41,0.03,15,0,1.0,0,0,0,0,30.19,0.9,13.593,0.18,0
ACC-2026-0388,0846994162,2026-07,Fonctionnaire,407.79,42,0.03,16,0,1.0,0,0,0,0,28.37,0.9,13.593,0.18,0
ACC-2026-0389,0845002161,2025-08,Commercant independant,428.2,52,0.234,1,0,1.0,0,0,0,0,30.16,7.01,14.273,0.36,0
ACC-2026-0389,0845002161,2025-09,Commercant independant,428.2,53,0.234,2,0,1.0,0,0,0,0,30.95,7.01,14.273,0.36,0
ACC-2026-0389,0845002161,2025-10,Commercant independant,428.2,54,0.234,3,0,1.0,0,0,0,0,29.7,7.01,14.273,0.36,0
ACC-2026-0389,0845002161,2025-11,Commercant independant,428.2,55,0.234,4,0,1.0,0,0,0,0,29.24,7.01,14.273,0.36,0
ACC-2026-0389,0845002161,2025-12,Commercant independant,428.2,56,0.234,5,0,1.0,0,0,0,0,30.5,7.01,14.273,0.36,0
ACC-2026-0389,0845002161,2026-01,Commercant independant,428.2,57,0.234,5,0,0.833,0,0,1,30,31.96,7.01,14.273,0.36,0
ACC-2026-0389,0845002161,2026-02,Commercant independant,428.2,58,0.234,6,0,0.857,0,0,1,0,29.94,7.01,14.273,0.36,0
ACC-2026-0389,0845002161,2026-03,Commercant independant,428.2,59,0.234,7,0,0.875,0,0,1,0,32.36,7.01,14.273,0.36,0
ACC-2026-0389,0845002161,2026-04,Commercant independant,428.2,60,0.234,8,0,0.889,0,0,1,0,31.04,7.01,14.273,0.36,0
ACC-2026-0389,0845002161,2026-05,Commercant independant,428.2,61,0.234,9,0,0.9,0,0,1,0,31.07,7.01,14.273,0.36,0
ACC-2026-0389,0845002161,2026-06,Commercant independant,428.2,62,0.234,10,0,0.909,0,0,1,0,28.67,7.01,14.273,0.36,0
ACC-2026-0389,0845002161,2026-07,Commercant independant,428.2,63,0.234,11,0,0.917,0,0,1,0,31.49,7.01,14.273,0.36,0
ACC-2026-0390,0845625093,2025-08,Commercant independant,282.37,72,0.137,4,0,1.0,0,0,0,0,8.2,1.09,35.296,0.36,0
ACC-2026-0390,0845625093,2025-09,Commercant independant,282.37,73,0.137,5,0,1.0,0,1,0,0,8.63,1.09,35.296,0.36,0
ACC-2026-0390,0845625093,2025-10,Commercant independant,282.37,74,0.137,6,0,1.0,0,1,0,0,7.38,1.09,35.296,0.36,0
ACC-2026-0390,0845625093,2025-11,Commercant independant,282.37,75,0.137,7,0,1.0,0,1,0,0,7.97,1.09,35.296,0.36,0
ACC-2026-0390,0845625093,2025-12,Commercant independant,282.37,76,0.137,8,0,1.0,0,1,0,0,7.97,1.09,35.296,0.36,0
ACC-2026-0390,0845625093,2026-01,Commercant independant,282.37,77,0.137,9,0,1.0,0,1,0,0,8.23,1.09,35.296,0.36,0
ACC-2026-0390,0845625093,2026-02,Commercant independant,282.37,78,0.137,10,0,1.0,0,1,0,0,7.61,1.09,35.296,0.36,0
ACC-2026-0390,0845625093,2026-03,Commercant independant,282.37,79,0.137,11,0,1.0,0,1,0,0,7.45,1.09,35.296,0.36,0
ACC-2026-0390,0845625093,2026-04,Commercant independant,282.37,80,0.137,12,0,1.0,0,1,0,0,7.71,1.09,35.296,0.36,0
ACC-2026-0390,0845625093,2026-05,Commercant independant,282.37,81,0.137,13,0,1.0,0,1,0,0,7.88,1.09,35.296,0.36,0
ACC-2026-0390,0845625093,2026-06,Commercant independant,282.37,82,0.137,14,0,1.0,0,1,0,0,8.33,1.09,35.296,0.36,1
ACC-2026-0390,0845625093,2026-07,Commercant independant,282.37,83,0.137,15,0,1.0,0,1,0,0,7.38,1.09,35.296,0.36,0
ACC-2026-0391,0849969444,2025-08,Infirmier,434.86,72,0.03,4,0,1.0,0,0,0,0,18.55,0.6,21.743,0.24,0
ACC-2026-0391,0849969444,2025-09,Infirmier,434.86,73,0.03,5,0,1.0,0,0,0,0,19.67,0.6,21.743,0.24,0
ACC-2026-0391,0849969444,2025-10,Infirmier,434.86,74,0.03,6,0,1.0,0,0,0,0,18.81,0.6,21.743,0.24,0
ACC-2026-0391,0849969444,2025-11,Infirmier,434.86,75,0.03,7,0,1.0,0,0,0,0,19.77,0.6,21.743,0.24,0
ACC-2026-0391,0849969444,2025-12,Infirmier,434.86,76,0.03,8,0,1.0,0,0,0,0,18.44,0.6,21.743,0.24,0
ACC-2026-0391,0849969444,2026-01,Infirmier,434.86,77,0.03,9,0,1.0,0,0,0,0,18.93,0.6,21.743,0.24,0
ACC-2026-0391,0849969444,2026-02,Infirmier,434.86,78,0.03,10,0,1.0,0,0,0,0,19.57,0.6,21.743,0.24,0
ACC-2026-0391,0849969444,2026-03,Infirmier,434.86,79,0.03,11,0,1.0,0,0,0,0,19.04,0.6,21.743,0.24,0
ACC-2026-0391,0849969444,2026-04,Infirmier,434.86,80,0.03,12,0,1.0,0,0,0,0,20.63,0.6,21.743,0.24,0
ACC-2026-0391,0849969444,2026-05,Infirmier,434.86,81,0.03,13,0,1.0,0,0,0,0,21.04,0.6,21.743,0.24,0
ACC-2026-0391,0849969444,2026-06,Infirmier,434.86,82,0.03,14,0,1.0,0,0,0,0,20.11,0.6,21.743,0.24,0
ACC-2026-0391,0849969444,2026-07,Infirmier,434.86,83,0.03,15,0,1.0,0,0,0,0,21.34,0.6,21.743,0.24,0
ACC-2026-0392,0846396907,2025-08,Infirmier,438.99,35,0.122,2,0,1.0,0,1,0,0,28.97,3.67,14.633,0.24,0
ACC-2026-0392,0846396907,2025-09,Infirmier,438.99,36,0.122,3,0,1.0,0,1,0,0,32.04,3.67,14.633,0.24,0
ACC-2026-0392,0846396907,2025-10,Infirmier,438.99,37,0.122,4,0,1.0,0,1,0,0,30.63,3.67,14.633,0.24,0
ACC-2026-0392,0846396907,2025-11,Infirmier,438.99,38,0.122,5,0,1.0,0,1,0,0,30.62,3.67,14.633,0.24,0
ACC-2026-0392,0846396907,2025-12,Infirmier,438.99,39,0.122,6,0,1.0,0,1,0,0,28.96,3.67,14.633,0.24,0
ACC-2026-0392,0846396907,2026-01,Infirmier,438.99,40,0.122,7,0,1.0,0,1,0,0,28.41,3.67,14.633,0.24,0
ACC-2026-0392,0846396907,2026-02,Infirmier,438.99,41,0.122,8,0,1.0,0,1,0,0,30.56,3.67,14.633,0.24,0
ACC-2026-0392,0846396907,2026-03,Infirmier,438.99,42,0.122,9,0,1.0,0,1,0,0,28.73,3.67,14.633,0.24,0
ACC-2026-0392,0846396907,2026-04,Infirmier,438.99,43,0.122,10,0,1.0,0,1,0,0,28.27,3.67,14.633,0.24,1
ACC-2026-0392,0846396907,2026-05,Infirmier,438.99,44,0.122,10,0,0.9,0,1,1,30,29.75,3.67,14.633,0.24,0
ACC-2026-0392,0846396907,2026-06,Infirmier,438.99,45,0.122,11,0,0.909,0,1,1,0,29.55,3.67,14.633,0.24,0
ACC-2026-0392,0846396907,2026-07,Infirmier,438.99,46,0.122,12,0,0.917,0,1,1,0,29.36,3.67,14.633,0.24,0
ACC-2026-0393,0844339467,2025-08,Agriculteur,366.41,12,0.207,1,0,1.0,0,0,0,0,18.57,4.13,18.321,0.46,0
ACC-2026-0393,0844339467,2025-09,Agriculteur,366.41,13,0.207,2,0,1.0,0,0,0,0,18.97,4.13,18.321,0.46,0
ACC-2026-0393,0844339467,2025-10,Agriculteur,366.41,14,0.207,3,0,1.0,0,0,0,0,19.38,4.13,18.321,0.46,1
ACC-2026-0393,0844339467,2025-11,Agriculteur,366.41,15,0.207,4,0,1.0,0,0,0,0,19.25,4.13,18.321,0.46,0
ACC-2026-0393,0844339467,2025-12,Agriculteur,366.41,16,0.207,5,0,1.0,0,0,0,0,19.42,4.13,18.321,0.46,0
ACC-2026-0393,0844339467,2026-01,Agriculteur,366.41,17,0.207,6,0,1.0,0,0,0,0,19.42,4.13,18.321,0.46,0
ACC-2026-0393,0844339467,2026-02,Agriculteur,366.41,18,0.207,7,0,1.0,0,0,0,0,20.83,4.13,18.321,0.46,0
ACC-2026-0393,0844339467,2026-03,Agriculteur,366.41,19,0.207,8,0,1.0,0,0,0,0,19.79,4.13,18.321,0.46,0
ACC-2026-0393,0844339467,2026-04,Agriculteur,366.41,20,0.207,9,0,1.0,0,0,0,0,20.26,4.13,18.321,0.46,0
ACC-2026-0393,0844339467,2026-05,Agriculteur,366.41,21,0.207,10,0,1.0,0,0,0,0,19.15,4.13,18.321,0.46,0
ACC-2026-0393,0844339467,2026-06,Agriculteur,366.41,22,0.207,11,0,1.0,0,0,0,0,20.41,4.13,18.321,0.46,0
ACC-2026-0393,0844339467,2026-07,Agriculteur,366.41,23,0.207,12,0,1.0,0,0,0,0,19.6,4.13,18.321,0.46,0
ACC-2026-0394,0845074974,2025-08,Sans emploi,252.64,62,0.399,1,0,1.0,0,0,0,0,19.18,7.98,12.632,0.78,0
ACC-2026-0394,0845074974,2025-09,Sans emploi,252.64,63,0.399,2,0,1.0,0,0,0,0,18.92,7.98,12.632,0.78,0
ACC-2026-0394,0845074974,2025-10,Sans emploi,252.64,64,0.399,3,0,1.0,0,0,0,0,19.01,7.98,12.632,0.78,0
ACC-2026-0394,0845074974,2025-11,Sans emploi,252.64,65,0.399,4,0,1.0,0,0,0,0,19.93,7.98,12.632,0.78,1
ACC-2026-0394,0845074974,2025-12,Sans emploi,252.64,66,0.399,5,0,1.0,0,0,0,0,21.15,7.98,12.632,0.78,1
ACC-2026-0394,0845074974,2026-01,Sans emploi,252.64,67,0.399,6,0,1.0,0,0,0,0,21.35,7.98,12.632,0.78,0
ACC-2026-0394,0845074974,2026-02,Sans emploi,252.64,68,0.399,7,0,1.0,0,0,0,0,21.39,7.98,12.632,0.78,0
ACC-2026-0394,0845074974,2026-03,Sans emploi,252.64,69,0.399,8,0,1.0,0,0,0,0,20.3,7.98,12.632,0.78,0
ACC-2026-0394,0845074974,2026-04,Sans emploi,252.64,70,0.399,9,0,1.0,0,0,0,0,19.16,7.98,12.632,0.78,1
ACC-2026-0394,0845074974,2026-05,Sans emploi,252.64,71,0.399,10,0,1.0,0,0,0,0,21.18,7.98,12.632,0.78,1
ACC-2026-0394,0845074974,2026-06,Sans emploi,252.64,72,0.399,11,0,1.0,0,0,0,0,18.98,7.98,12.632,0.78,0
ACC-2026-0394,0845074974,2026-07,Sans emploi,252.64,73,0.399,12,0,1.0,0,0,0,0,18.61,7.98,12.632,0.78,0
ACC-2026-0395,0843939153,2025-08,Commercant independant,320.6,39,0.188,5,0,1.0,0,0,0,0,18.88,3.75,16.03,0.36,0
ACC-2026-0395,0843939153,2025-09,Commercant independant,320.6,40,0.188,6,0,1.0,0,0,0,0,21.02,3.75,16.03,0.36,0
ACC-2026-0395,0843939153,2025-10,Commercant independant,320.6,41,0.188,7,0,1.0,0,0,0,0,19.49,3.75,16.03,0.36,1
ACC-2026-0395,0843939153,2025-11,Commercant independant,320.6,42,0.188,8,0,1.0,0,0,0,0,19.44,3.75,16.03,0.36,0
ACC-2026-0395,0843939153,2025-12,Commercant independant,320.6,43,0.188,9,0,1.0,0,1,0,0,20.16,3.75,16.03,0.36,1
ACC-2026-0395,0843939153,2026-01,Commercant independant,320.6,44,0.188,10,0,1.0,0,1,0,0,19.66,3.75,16.03,0.36,0
ACC-2026-0395,0843939153,2026-02,Commercant independant,320.6,45,0.188,11,0,1.0,0,1,0,0,18.99,3.75,16.03,0.36,0
ACC-2026-0395,0843939153,2026-03,Commercant independant,320.6,46,0.188,12,0,1.0,0,1,0,0,18.88,3.75,16.03,0.36,0
ACC-2026-0395,0843939153,2026-04,Commercant independant,320.6,47,0.188,13,0,1.0,0,1,0,0,19.05,3.75,16.03,0.36,0
ACC-2026-0395,0843939153,2026-05,Commercant independant,320.6,48,0.188,14,0,1.0,0,1,0,0,21.47,3.75,16.03,0.36,0
ACC-2026-0395,0843939153,2026-06,Commercant independant,320.6,49,0.188,15,0,1.0,0,1,0,0,19.93,3.75,16.03,0.36,0
ACC-2026-0395,0843939153,2026-07,Commercant independant,320.6,50,0.188,16,0,1.0,0,1,0,0,19.56,3.75,16.03,0.36,0
ACC-2026-0396,0846621341,2025-08,Chauffeur,377.38,22,0.19,3,0,1.0,0,0,0,0,24.15,4.74,15.095,0.42,1
ACC-2026-0396,0846621341,2025-09,Chauffeur,377.38,23,0.19,4,0,1.0,0,0,0,0,25.83,4.74,15.095,0.42,0
ACC-2026-0396,0846621341,2025-10,Chauffeur,377.38,24,0.19,5,0,1.0,0,0,0,0,23.07,4.74,15.095,0.42,0
ACC-2026-0396,0846621341,2025-11,Chauffeur,377.38,25,0.19,6,0,1.0,0,0,0,0,24.47,4.74,15.095,0.42,0
ACC-2026-0396,0846621341,2025-12,Chauffeur,377.38,26,0.19,7,0,1.0,0,0,0,0,25.28,4.74,15.095,0.42,0
ACC-2026-0396,0846621341,2026-01,Chauffeur,377.38,27,0.19,8,0,1.0,0,0,0,0,23.06,4.74,15.095,0.42,0
ACC-2026-0396,0846621341,2026-02,Chauffeur,377.38,28,0.19,9,0,1.0,0,0,0,0,25.03,4.74,15.095,0.42,0
ACC-2026-0396,0846621341,2026-03,Chauffeur,377.38,29,0.19,10,0,1.0,0,0,0,0,26.78,4.74,15.095,0.42,0
ACC-2026-0396,0846621341,2026-04,Chauffeur,377.38,30,0.19,11,0,1.0,0,0,0,0,25.92,4.74,15.095,0.42,0
ACC-2026-0396,0846621341,2026-05,Chauffeur,377.38,31,0.19,12,0,1.0,0,0,0,0,24.94,4.74,15.095,0.42,0
ACC-2026-0396,0846621341,2026-06,Chauffeur,377.38,32,0.19,13,0,1.0,0,0,0,0,26.92,4.74,15.095,0.42,0
ACC-2026-0396,0846621341,2026-07,Chauffeur,377.38,33,0.19,14,0,1.0,0,0,0,0,25.3,4.74,15.095,0.42,0
ACC-2026-0397,0842298335,2025-08,Infirmier,454.14,5,0.296,3,0,1.0,0,0,0,0,23.06,7.41,18.166,0.24,0
ACC-2026-0397,0842298335,2025-09,Infirmier,454.14,6,0.296,4,0,1.0,0,0,0,0,23.57,7.41,18.166,0.24,0
ACC-2026-0397,0842298335,2025-10,Infirmier,454.14,7,0.296,5,0,1.0,0,0,0,0,23.51,7.41,18.166,0.24,0
ACC-2026-0397,0842298335,2025-11,Infirmier,454.14,8,0.296,6,0,1.0,0,0,0,0,24.52,7.41,18.166,0.24,0
ACC-2026-0397,0842298335,2025-12,Infirmier,454.14,9,0.296,7,0,1.0,0,0,0,0,25.82,7.41,18.166,0.24,0
ACC-2026-0397,0842298335,2026-01,Infirmier,454.14,10,0.296,8,0,1.0,0,1,0,0,26.47,7.41,18.166,0.24,0
ACC-2026-0397,0842298335,2026-02,Infirmier,454.14,11,0.296,9,0,1.0,0,1,0,0,24.36,7.41,18.166,0.24,1
ACC-2026-0397,0842298335,2026-03,Infirmier,454.14,12,0.296,10,0,1.0,0,2,0,0,25.74,7.41,18.166,0.24,0
ACC-2026-0397,0842298335,2026-04,Infirmier,454.14,13,0.296,11,0,1.0,0,2,0,0,23.65,7.41,18.166,0.24,0
ACC-2026-0397,0842298335,2026-05,Infirmier,454.14,14,0.296,12,0,1.0,0,2,0,0,25.81,7.41,18.166,0.24,0
ACC-2026-0397,0842298335,2026-06,Infirmier,454.14,15,0.296,13,0,1.0,0,2,0,0,26.56,7.41,18.166,0.24,0
ACC-2026-0397,0842298335,2026-07,Infirmier,454.14,16,0.296,14,0,1.0,0,2,0,0,25.99,7.41,18.166,0.24,1
ACC-2026-0398,0849613285,2025-08,Agriculteur,258.4,68,0.272,2,0,1.0,0,0,0,0,10.04,2.72,25.84,0.46,0
ACC-2026-0398,0849613285,2025-09,Agriculteur,258.4,69,0.272,3,0,1.0,0,0,0,0,10.07,2.72,25.84,0.46,1
ACC-2026-0398,0849613285,2025-10,Agriculteur,258.4,70,0.272,4,0,1.0,0,0,0,0,9.82,2.72,25.84,0.46,0
ACC-2026-0398,0849613285,2025-11,Agriculteur,258.4,71,0.272,5,0,1.0,0,0,0,0,9.61,2.72,25.84,0.46,0
ACC-2026-0398,0849613285,2025-12,Agriculteur,258.4,72,0.272,6,0,1.0,0,0,0,0,10.77,2.72,25.84,0.46,0
ACC-2026-0398,0849613285,2026-01,Agriculteur,258.4,73,0.272,7,0,1.0,0,0,0,0,9.83,2.72,25.84,0.46,0
ACC-2026-0398,0849613285,2026-02,Agriculteur,258.4,74,0.272,8,0,1.0,0,0,0,0,9.91,2.72,25.84,0.46,0
ACC-2026-0398,0849613285,2026-03,Agriculteur,258.4,75,0.272,9,0,1.0,0,0,0,0,10.61,2.72,25.84,0.46,0
ACC-2026-0398,0849613285,2026-04,Agriculteur,258.4,76,0.272,10,0,1.0,0,0,0,0,10.57,2.72,25.84,0.46,0
ACC-2026-0398,0849613285,2026-05,Agriculteur,258.4,77,0.272,11,0,1.0,0,0,0,0,9.28,2.72,25.84,0.46,0
ACC-2026-0398,0849613285,2026-06,Agriculteur,258.4,78,0.272,12,0,1.0,0,0,0,0,9.33,2.72,25.84,0.46,1
ACC-2026-0398,0849613285,2026-07,Agriculteur,258.4,79,0.272,13,0,1.0,0,0,0,0,9.77,2.72,25.84,0.46,0
ACC-2026-0399,0849498791,2025-08,Commercant independant,319.04,67,0.134,3,0,1.0,0,0,0,0,19.53,2.67,15.952,0.36,0
ACC-2026-0399,0849498791,2025-09,Commercant independant,319.04,68,0.134,4,0,1.0,0,0,0,0,19.28,2.67,15.952,0.36,0
ACC-2026-0399,0849498791,2025-10,Commercant independant,319.04,69,0.134,5,0,1.0,0,0,0,0,20.07,2.67,15.952,0.36,0
ACC-2026-0399,0849498791,2025-11,Commercant independant,319.04,70,0.134,6,0,1.0,0,0,0,0,19.33,2.67,15.952,0.36,0
ACC-2026-0399,0849498791,2025-12,Commercant independant,319.04,71,0.134,7,0,1.0,0,0,0,0,19.22,2.67,15.952,0.36,0
ACC-2026-0399,0849498791,2026-01,Commercant independant,319.04,72,0.134,8,0,1.0,0,0,0,0,19.37,2.67,15.952,0.36,0
ACC-2026-0399,0849498791,2026-02,Commercant independant,319.04,73,0.134,9,0,1.0,0,0,0,0,21.39,2.67,15.952,0.36,0
ACC-2026-0399,0849498791,2026-03,Commercant independant,319.04,74,0.134,10,0,1.0,0,0,0,0,19.05,2.67,15.952,0.36,0
ACC-2026-0399,0849498791,2026-04,Commercant independant,319.04,75,0.134,11,0,1.0,0,0,0,0,20.04,2.67,15.952,0.36,0
ACC-2026-0399,0849498791,2026-05,Commercant independant,319.04,76,0.134,12,0,1.0,0,0,0,0,18.53,2.67,15.952,0.36,1
ACC-2026-0399,0849498791,2026-06,Commercant independant,319.04,77,0.134,13,0,1.0,0,0,0,0,19.02,2.67,15.952,0.36,0
ACC-2026-0399,0849498791,2026-07,Commercant independant,319.04,78,0.134,14,0,1.0,0,0,0,0,18.89,2.67,15.952,0.36,0
ACC-2026-0400,0842019436,2025-08,Enseignant,471.25,43,0.03,5,0,1.0,0,0,0,0,28.67,0.9,15.708,0.22,0
ACC-2026-0400,0842019436,2025-09,Enseignant,471.25,44,0.03,6,0,1.0,0,0,0,0,27.93,0.9,15.708,0.22,0
ACC-2026-0400,0842019436,2025-10,Enseignant,471.25,45,0.03,7,0,1.0,0,0,0,0,29.68,0.9,15.708,0.22,0
ACC-2026-0400,0842019436,2025-11,Enseignant,471.25,46,0.03,8,0,1.0,0,0,0,0,31.77,0.9,15.708,0.22,0
ACC-2026-0400,0842019436,2025-12,Enseignant,471.25,47,0.03,9,0,1.0,0,0,0,0,28.25,0.9,15.708,0.22,0
ACC-2026-0400,0842019436,2026-01,Enseignant,471.25,48,0.03,10,0,1.0,0,0,0,0,28.13,0.9,15.708,0.22,0
ACC-2026-0400,0842019436,2026-02,Enseignant,471.25,49,0.03,11,0,1.0,0,0,0,0,29.03,0.9,15.708,0.22,0
ACC-2026-0400,0842019436,2026-03,Enseignant,471.25,50,0.03,12,0,1.0,0,0,0,0,31.3,0.9,15.708,0.22,0
ACC-2026-0400,0842019436,2026-04,Enseignant,471.25,51,0.03,13,0,1.0,0,0,0,0,32.27,0.9,15.708,0.22,0
ACC-2026-0400,0842019436,2026-05,Enseignant,471.25,52,0.03,14,0,1.0,0,0,0,0,32.18,0.9,15.708,0.22,0
ACC-2026-0400,0842019436,2026-06,Enseignant,471.25,53,0.03,15,0,1.0,0,0,0,0,30.41,0.9,15.708,0.22,0
ACC-2026-0400,0842019436,2026-07,Enseignant,471.25,54,0.03,16,0,1.0,0,0,0,0,32.32,0.9,15.708,0.22,0
ACC-2026-0401,0845210656,2025-08,Infirmier,277.26,6,0.183,3,0,1.0,0,0,0,0,10.16,1.83,27.726,0.24,0
ACC-2026-0401,0845210656,2025-09,Infirmier,277.26,7,0.183,4,0,1.0,0,0,0,0,10.55,1.83,27.726,0.24,0
ACC-2026-0401,0845210656,2025-10,Infirmier,277.26,8,0.183,5,0,1.0,0,0,0,0,9.27,1.83,27.726,0.24,0
ACC-2026-0401,0845210656,2025-11,Infirmier,277.26,9,0.183,6,0,1.0,0,0,0,0,9.95,1.83,27.726,0.24,0
ACC-2026-0401,0845210656,2025-12,Infirmier,277.26,10,0.183,7,0,1.0,0,0,0,0,10.73,1.83,27.726,0.24,0
ACC-2026-0401,0845210656,2026-01,Infirmier,277.26,11,0.183,8,0,1.0,0,0,0,0,9.88,1.83,27.726,0.24,0
ACC-2026-0401,0845210656,2026-02,Infirmier,277.26,12,0.183,9,0,1.0,0,0,0,0,9.45,1.83,27.726,0.24,0
ACC-2026-0401,0845210656,2026-03,Infirmier,277.26,13,0.183,10,0,1.0,0,0,0,0,10.54,1.83,27.726,0.24,0
ACC-2026-0401,0845210656,2026-04,Infirmier,277.26,14,0.183,11,0,1.0,0,0,0,0,10.31,1.83,27.726,0.24,0
ACC-2026-0401,0845210656,2026-05,Infirmier,277.26,15,0.183,12,0,1.0,0,0,0,0,9.45,1.83,27.726,0.24,0
ACC-2026-0401,0845210656,2026-06,Infirmier,277.26,16,0.183,13,0,1.0,0,0,0,0,9.89,1.83,27.726,0.24,0
ACC-2026-0401,0845210656,2026-07,Infirmier,277.26,17,0.183,14,0,1.0,0,0,0,0,10.35,1.83,27.726,0.24,0
ACC-2026-0402,0848046262,2025-08,Vendeur de rue,143.34,38,0.433,4,0,1.0,0,1,0,0,23.01,15.0,5.734,0.62,0
ACC-2026-0402,0848046262,2025-09,Vendeur de rue,143.34,39,0.433,5,0,1.0,0,2,0,0,26.87,15.0,5.734,0.62,1
ACC-2026-0402,0848046262,2025-10,Vendeur de rue,143.34,40,0.433,5,0,0.667,0,2,1,30,26.25,15.0,5.734,0.62,0
ACC-2026-0402,0848046262,2025-11,Vendeur de rue,143.34,41,0.433,5,1,0.5,0,2,2,60,23.6,15.0,5.734,0.62,1
ACC-2026-0402,0848046262,2025-12,Vendeur de rue,143.34,42,0.433,6,0,0.6,0,2,2,0,25.25,15.0,5.734,0.62,1
ACC-2026-0402,0848046262,2026-01,Vendeur de rue,143.34,43,0.433,7,0,0.667,0,2,2,0,26.71,15.0,5.734,0.62,0
ACC-2026-0402,0848046262,2026-02,Vendeur de rue,143.34,44,0.433,7,0,0.571,0,2,3,30,23.48,15.0,5.734,0.62,0
ACC-2026-0402,0848046262,2026-03,Vendeur de rue,143.34,45,0.433,7,1,0.5,0,2,4,60,23.69,15.0,5.734,0.62,1
ACC-2026-0402,0848046262,2026-04,Vendeur de rue,143.34,46,0.433,7,0,0.444,0,2,5,90,26.19,15.0,5.734,0.62,1
ACC-2026-0402,0848046262,2026-05,Vendeur de rue,143.34,47,0.433,8,0,0.5,0,3,5,0,25.17,15.0,5.734,0.62,1
ACC-2026-0402,0848046262,2026-06,Vendeur de rue,143.34,48,0.433,9,1,0.545,0,3,5,0,24.86,15.0,5.734,0.62,1
ACC-2026-0402,0848046262,2026-07,Vendeur de rue,143.34,49,0.433,10,0,0.583,0,4,5,0,24.78,15.0,5.734,0.62,1
ACC-2026-0403,0849805208,2025-08,Fonctionnaire,454.2,70,0.111,4,0,1.0,0,0,0,0,24.85,2.77,18.168,0.18,0
ACC-2026-0403,0849805208,2025-09,Fonctionnaire,454.2,71,0.111,5,0,1.0,0,0,0,0,25.41,2.77,18.168,0.18,0
ACC-2026-0403,0849805208,2025-10,Fonctionnaire,454.2,72,0.111,6,0,1.0,0,0,0,0,25.43,2.77,18.168,0.18,0
ACC-2026-0403,0849805208,2025-11,Fonctionnaire,454.2,73,0.111,7,0,1.0,0,0,0,0,25.2,2.77,18.168,0.18,0
ACC-2026-0403,0849805208,2025-12,Fonctionnaire,454.2,74,0.111,8,0,1.0,0,0,0,0,23.82,2.77,18.168,0.18,0
ACC-2026-0403,0849805208,2026-01,Fonctionnaire,454.2,75,0.111,8,0,0.833,0,0,1,30,24.92,2.77,18.168,0.18,0
ACC-2026-0403,0849805208,2026-02,Fonctionnaire,454.2,76,0.111,9,0,0.857,0,0,1,0,23.44,2.77,18.168,0.18,0
ACC-2026-0403,0849805208,2026-03,Fonctionnaire,454.2,77,0.111,10,0,0.875,0,0,1,0,23.11,2.77,18.168,0.18,0
ACC-2026-0403,0849805208,2026-04,Fonctionnaire,454.2,78,0.111,11,0,0.889,0,0,1,0,26.23,2.77,18.168,0.18,0
ACC-2026-0403,0849805208,2026-05,Fonctionnaire,454.2,79,0.111,12,0,0.9,0,0,1,0,25.16,2.77,18.168,0.18,0
ACC-2026-0403,0849805208,2026-06,Fonctionnaire,454.2,80,0.111,13,0,0.909,0,0,1,0,23.39,2.77,18.168,0.18,0
ACC-2026-0403,0849805208,2026-07,Fonctionnaire,454.2,81,0.111,14,0,0.917,0,1,1,0,26.31,2.77,18.168,0.18,0
ACC-2026-0404,0841614850,2025-08,Vendeur de rue,114.26,7,0.493,2,0,1.0,0,0,0,0,18.87,12.0,5.713,0.62,0
ACC-2026-0404,0841614850,2025-09,Vendeur de rue,114.26,8,0.493,3,0,1.0,0,0,0,0,19.14,12.0,5.713,0.62,0
ACC-2026-0404,0841614850,2025-10,Vendeur de rue,114.26,9,0.493,4,0,1.0,0,0,0,0,21.12,12.0,5.713,0.62,0
ACC-2026-0404,0841614850,2025-11,Vendeur de rue,114.26,10,0.493,5,0,1.0,0,0,0,0,18.55,12.0,5.713,0.62,1
ACC-2026-0404,0841614850,2025-12,Vendeur de rue,114.26,11,0.493,6,0,1.0,0,0,0,0,19.87,12.0,5.713,0.62,0
ACC-2026-0404,0841614850,2026-01,Vendeur de rue,114.26,12,0.493,7,0,1.0,0,0,0,0,21.17,12.0,5.713,0.62,1
ACC-2026-0404,0841614850,2026-02,Vendeur de rue,114.26,13,0.493,8,0,1.0,0,0,0,0,19.83,12.0,5.713,0.62,0
ACC-2026-0404,0841614850,2026-03,Vendeur de rue,114.26,14,0.493,9,0,1.0,0,0,0,0,20.85,12.0,5.713,0.62,0
ACC-2026-0404,0841614850,2026-04,Vendeur de rue,114.26,15,0.493,10,0,1.0,0,0,0,0,18.72,12.0,5.713,0.62,0
ACC-2026-0404,0841614850,2026-05,Vendeur de rue,114.26,16,0.493,11,0,1.0,0,0,0,0,20.86,12.0,5.713,0.62,0
ACC-2026-0404,0841614850,2026-06,Vendeur de rue,114.26,17,0.493,12,0,1.0,0,0,0,0,20.46,12.0,5.713,0.62,0
ACC-2026-0404,0841614850,2026-07,Vendeur de rue,114.26,18,0.493,13,0,1.0,0,0,0,0,20.77,12.0,5.713,0.62,0
ACC-2026-0405,0845700249,2025-08,Infirmier,277.34,69,0.045,1,0,1.0,0,0,0,0,9.69,0.45,27.734,0.24,0
ACC-2026-0405,0845700249,2025-09,Infirmier,277.34,70,0.045,2,0,1.0,0,0,0,0,9.36,0.45,27.734,0.24,0
ACC-2026-0405,0845700249,2025-10,Infirmier,277.34,71,0.045,3,0,1.0,0,0,0,0,9.72,0.45,27.734,0.24,0
ACC-2026-0405,0845700249,2025-11,Infirmier,277.34,72,0.045,4,0,1.0,0,0,0,0,9.38,0.45,27.734,0.24,0
ACC-2026-0405,0845700249,2025-12,Infirmier,277.34,73,0.045,5,0,1.0,0,0,0,0,10.05,0.45,27.734,0.24,0
ACC-2026-0405,0845700249,2026-01,Infirmier,277.34,74,0.045,6,0,1.0,0,0,0,0,10.61,0.45,27.734,0.24,0
ACC-2026-0405,0845700249,2026-02,Infirmier,277.34,75,0.045,7,0,1.0,0,0,0,0,10.61,0.45,27.734,0.24,0
ACC-2026-0405,0845700249,2026-03,Infirmier,277.34,76,0.045,8,0,1.0,0,0,0,0,10.2,0.45,27.734,0.24,0
ACC-2026-0405,0845700249,2026-04,Infirmier,277.34,77,0.045,9,0,1.0,0,0,0,0,10.76,0.45,27.734,0.24,0
ACC-2026-0405,0845700249,2026-05,Infirmier,277.34,78,0.045,10,0,1.0,0,0,0,0,10.78,0.45,27.734,0.24,0
ACC-2026-0405,0845700249,2026-06,Infirmier,277.34,79,0.045,11,0,1.0,0,0,0,0,10.73,0.45,27.734,0.24,0
ACC-2026-0405,0845700249,2026-07,Infirmier,277.34,80,0.045,12,0,1.0,0,0,0,0,9.42,0.45,27.734,0.24,0
ACC-2026-0406,0849365272,2025-08,Commercant independant,559.53,27,0.139,4,0,1.0,0,0,0,0,8.26,1.11,69.941,0.36,0
ACC-2026-0406,0849365272,2025-09,Commercant independant,559.53,28,0.139,5,0,1.0,0,0,0,0,8.21,1.11,69.941,0.36,0
ACC-2026-0406,0849365272,2025-10,Commercant independant,559.53,29,0.139,6,0,1.0,0,0,0,0,8.35,1.11,69.941,0.36,1
ACC-2026-0406,0849365272,2025-11,Commercant independant,559.53,30,0.139,7,0,1.0,0,0,0,0,7.47,1.11,69.941,0.36,0
ACC-2026-0406,0849365272,2025-12,Commercant independant,559.53,31,0.139,8,0,1.0,0,0,0,0,8.18,1.11,69.941,0.36,0
ACC-2026-0406,0849365272,2026-01,Commercant independant,559.53,32,0.139,9,0,1.0,0,0,0,0,7.48,1.11,69.941,0.36,0
ACC-2026-0406,0849365272,2026-02,Commercant independant,559.53,33,0.139,10,0,1.0,0,0,0,0,7.8,1.11,69.941,0.36,0
ACC-2026-0406,0849365272,2026-03,Commercant independant,559.53,34,0.139,11,0,1.0,0,0,0,0,8.38,1.11,69.941,0.36,0
ACC-2026-0406,0849365272,2026-04,Commercant independant,559.53,35,0.139,12,0,1.0,0,0,0,0,7.73,1.11,69.941,0.36,0
ACC-2026-0406,0849365272,2026-05,Commercant independant,559.53,36,0.139,13,0,1.0,0,0,0,0,7.59,1.11,69.941,0.36,0
ACC-2026-0406,0849365272,2026-06,Commercant independant,559.53,37,0.139,14,0,1.0,0,0,0,0,8.06,1.11,69.941,0.36,0
ACC-2026-0406,0849365272,2026-07,Commercant independant,559.53,38,0.139,15,0,1.0,0,0,0,0,8.31,1.11,69.941,0.36,0
ACC-2026-0407,0848125196,2025-08,Fonctionnaire,397.02,21,0.03,1,0,1.0,0,0,0,0,10.08,0.3,39.702,0.18,0
ACC-2026-0407,0848125196,2025-09,Fonctionnaire,397.02,22,0.03,2,0,1.0,0,0,0,0,9.36,0.3,39.702,0.18,0
ACC-2026-0407,0848125196,2025-10,Fonctionnaire,397.02,23,0.03,3,0,1.0,0,0,0,0,9.97,0.3,39.702,0.18,0
ACC-2026-0407,0848125196,2025-11,Fonctionnaire,397.02,24,0.03,4,0,1.0,0,0,0,0,10.51,0.3,39.702,0.18,0
ACC-2026-0407,0848125196,2025-12,Fonctionnaire,397.02,25,0.03,5,0,1.0,0,0,0,0,9.24,0.3,39.702,0.18,0
ACC-2026-0407,0848125196,2026-01,Fonctionnaire,397.02,26,0.03,6,0,1.0,0,0,0,0,9.4,0.3,39.702,0.18,0
ACC-2026-0407,0848125196,2026-02,Fonctionnaire,397.02,27,0.03,7,0,1.0,0,0,0,0,10.75,0.3,39.702,0.18,0
ACC-2026-0407,0848125196,2026-03,Fonctionnaire,397.02,28,0.03,8,0,1.0,0,0,0,0,10.74,0.3,39.702,0.18,0
ACC-2026-0407,0848125196,2026-04,Fonctionnaire,397.02,29,0.03,9,0,1.0,0,0,0,0,10.12,0.3,39.702,0.18,0
ACC-2026-0407,0848125196,2026-05,Fonctionnaire,397.02,30,0.03,10,0,1.0,0,0,0,0,9.39,0.3,39.702,0.18,0
ACC-2026-0407,0848125196,2026-06,Fonctionnaire,397.02,31,0.03,11,0,1.0,0,0,0,0,9.4,0.3,39.702,0.18,0
ACC-2026-0407,0848125196,2026-07,Fonctionnaire,397.02,32,0.03,12,0,1.0,0,0,0,0,10.72,0.3,39.702,0.18,0
ACC-2026-0408,0847612845,2025-08,Vendeur de rue,269.06,36,0.329,0,0,0.0,1,0,0,365,10.56,3.29,26.906,0.62,0
ACC-2026-0408,0847612845,2025-09,Vendeur de rue,269.06,37,0.329,1,0,0.5,1,0,0,0,9.63,3.29,26.906,0.62,1
ACC-2026-0408,0847612845,2025-10,Vendeur de rue,269.06,38,0.329,2,0,0.667,1,0,0,0,9.53,3.29,26.906,0.62,0
ACC-2026-0408,0847612845,2025-11,Vendeur de rue,269.06,39,0.329,3,0,0.75,1,0,0,0,9.87,3.29,26.906,0.62,0
ACC-2026-0408,0847612845,2025-12,Vendeur de rue,269.06,40,0.329,4,0,0.8,1,1,0,0,10.58,3.29,26.906,0.62,0
ACC-2026-0408,0847612845,2026-01,Vendeur de rue,269.06,41,0.329,5,0,0.833,1,1,0,0,9.64,3.29,26.906,0.62,0
ACC-2026-0408,0847612845,2026-02,Vendeur de rue,269.06,42,0.329,5,0,0.714,1,1,1,30,9.46,3.29,26.906,0.62,0
ACC-2026-0408,0847612845,2026-03,Vendeur de rue,269.06,43,0.329,5,1,0.625,1,1,2,60,9.83,3.29,26.906,0.62,0
ACC-2026-0408,0847612845,2026-04,Vendeur de rue,269.06,44,0.329,6,0,0.667,1,2,2,0,10.5,5.69,26.906,0.62,0
ACC-2026-0408,0847612845,2026-05,Vendeur de rue,269.06,45,0.329,7,1,0.7,1,2,2,0,9.55,4.49,26.906,0.62,0
ACC-2026-0408,0847612845,2026-06,Vendeur de rue,269.06,46,0.329,8,0,0.727,1,2,2,0,9.81,5.69,26.906,0.62,0
ACC-2026-0408,0847612845,2026-07,Vendeur de rue,269.06,47,0.329,9,1,0.75,1,2,2,0,9.49,4.49,26.906,0.62,1
ACC-2026-0409,0845407512,2025-08,Vendeur de rue,261.04,28,0.251,2,0,1.0,0,0,0,0,24.34,6.27,10.442,0.62,0
ACC-2026-0409,0845407512,2025-09,Vendeur de rue,261.04,29,0.251,3,0,1.0,0,0,0,0,26.75,6.27,10.442,0.62,0
ACC-2026-0409,0845407512,2025-10,Vendeur de rue,261.04,30,0.251,4,0,1.0,0,0,0,0,24.02,6.27,10.442,0.62,0
ACC-2026-0409,0845407512,2025-11,Vendeur de rue,261.04,31,0.251,5,0,1.0,0,0,0,0,26.64,6.27,10.442,0.62,1
ACC-2026-0409,0845407512,2025-12,Vendeur de rue,261.04,32,0.251,6,0,1.0,0,0,0,0,23.96,6.27,10.442,0.62,0
ACC-2026-0409,0845407512,2026-01,Vendeur de rue,261.04,33,0.251,7,0,1.0,0,0,0,0,24.51,6.27,10.442,0.62,1
ACC-2026-0409,0845407512,2026-02,Vendeur de rue,261.04,34,0.251,8,0,1.0,0,0,0,0,24.17,6.27,10.442,0.62,0
ACC-2026-0409,0845407512,2026-03,Vendeur de rue,261.04,35,0.251,9,0,1.0,0,1,0,0,24.04,6.27,10.442,0.62,0
ACC-2026-0409,0845407512,2026-04,Vendeur de rue,261.04,36,0.251,10,0,1.0,0,1,0,0,25.36,6.27,10.442,0.62,1
ACC-2026-0409,0845407512,2026-05,Vendeur de rue,261.04,37,0.251,11,0,1.0,0,1,0,0,23.03,6.27,10.442,0.62,0
ACC-2026-0409,0845407512,2026-06,Vendeur de rue,261.04,38,0.251,12,0,1.0,0,1,0,0,24.98,6.27,10.442,0.62,0
ACC-2026-0409,0845407512,2026-07,Vendeur de rue,261.04,39,0.251,13,0,1.0,0,1,0,0,25.79,6.27,10.442,0.62,0
ACC-2026-0410,0842002850,2025-08,Fonctionnaire,407.79,69,0.155,1,0,1.0,0,0,0,0,20.26,3.11,20.39,0.18,0
ACC-2026-0410,0842002850,2025-09,Fonctionnaire,407.79,70,0.155,2,0,1.0,0,0,0,0,19.79,3.11,20.39,0.18,0
ACC-2026-0410,0842002850,2025-10,Fonctionnaire,407.79,71,0.155,3,0,1.0,0,0,0,0,20.96,3.11,20.39,0.18,0
ACC-2026-0410,0842002850,2025-11,Fonctionnaire,407.79,72,0.155,4,0,1.0,0,0,0,0,18.71,3.11,20.39,0.18,0
ACC-2026-0410,0842002850,2025-12,Fonctionnaire,407.79,73,0.155,5,0,1.0,0,0,0,0,19.75,3.11,20.39,0.18,0
ACC-2026-0410,0842002850,2026-01,Fonctionnaire,407.79,74,0.155,6,0,1.0,0,0,0,0,19.7,3.11,20.39,0.18,0
ACC-2026-0410,0842002850,2026-02,Fonctionnaire,407.79,75,0.155,7,0,1.0,0,0,0,0,19.77,3.11,20.39,0.18,0
ACC-2026-0410,0842002850,2026-03,Fonctionnaire,407.79,76,0.155,8,0,1.0,0,0,0,0,20.71,3.11,20.39,0.18,0
ACC-2026-0410,0842002850,2026-04,Fonctionnaire,407.79,77,0.155,9,0,1.0,0,0,0,0,19.03,3.11,20.39,0.18,1
ACC-2026-0410,0842002850,2026-05,Fonctionnaire,407.79,78,0.155,10,0,1.0,0,0,0,0,18.99,3.11,20.39,0.18,0
ACC-2026-0410,0842002850,2026-06,Fonctionnaire,407.79,79,0.155,11,0,1.0,0,0,0,0,20.61,3.11,20.39,0.18,0
ACC-2026-0410,0842002850,2026-07,Fonctionnaire,407.79,80,0.155,12,0,1.0,0,0,0,0,21.33,3.11,20.39,0.18,0
ACC-2026-0411,0842603506,2025-08,Fonctionnaire,387.96,53,0.03,3,0,1.0,0,0,0,0,19.42,0.6,19.398,0.18,0
ACC-2026-0411,0842603506,2025-09,Fonctionnaire,387.96,54,0.03,4,0,1.0,0,0,0,0,21.15,0.6,19.398,0.18,0
ACC-2026-0411,0842603506,2025-10,Fonctionnaire,387.96,55,0.03,5,0,1.0,0,0,0,0,20.06,0.6,19.398,0.18,0
ACC-2026-0411,0842603506,2025-11,Fonctionnaire,387.96,56,0.03,6,0,1.0,0,0,0,0,18.5,0.6,19.398,0.18,0
ACC-2026-0411,0842603506,2025-12,Fonctionnaire,387.96,57,0.03,7,0,1.0,0,0,0,0,18.99,0.6,19.398,0.18,0
ACC-2026-0411,0842603506,2026-01,Fonctionnaire,387.96,58,0.03,8,0,1.0,0,0,0,0,18.49,0.6,19.398,0.18,0
ACC-2026-0411,0842603506,2026-02,Fonctionnaire,387.96,59,0.03,9,0,1.0,0,0,0,0,21.12,0.6,19.398,0.18,0
ACC-2026-0411,0842603506,2026-03,Fonctionnaire,387.96,60,0.03,10,0,1.0,0,0,0,0,19.07,0.6,19.398,0.18,0
ACC-2026-0411,0842603506,2026-04,Fonctionnaire,387.96,61,0.03,11,0,1.0,0,0,0,0,19.56,0.6,19.398,0.18,0
ACC-2026-0411,0842603506,2026-05,Fonctionnaire,387.96,62,0.03,12,0,1.0,0,0,0,0,19.09,0.6,19.398,0.18,0
ACC-2026-0411,0842603506,2026-06,Fonctionnaire,387.96,63,0.03,13,0,1.0,0,0,0,0,21.15,0.6,19.398,0.18,0
ACC-2026-0411,0842603506,2026-07,Fonctionnaire,387.96,64,0.03,14,0,1.0,0,0,0,0,18.99,0.6,19.398,0.18,0
ACC-2026-0412,0845998755,2025-08,Chauffeur,301.37,55,0.137,5,0,1.0,0,0,0,0,7.91,1.09,37.671,0.42,0
ACC-2026-0412,0845998755,2025-09,Chauffeur,301.37,56,0.137,6,0,1.0,0,0,0,0,8.11,1.09,37.671,0.42,0
ACC-2026-0412,0845998755,2025-10,Chauffeur,301.37,57,0.137,7,0,1.0,0,0,0,0,8.22,1.09,37.671,0.42,0
ACC-2026-0412,0845998755,2025-11,Chauffeur,301.37,58,0.137,8,0,1.0,0,0,0,0,8.21,1.09,37.671,0.42,0
ACC-2026-0412,0845998755,2025-12,Chauffeur,301.37,59,0.137,9,0,1.0,0,0,0,0,7.96,1.09,37.671,0.42,0
ACC-2026-0412,0845998755,2026-01,Chauffeur,301.37,60,0.137,10,0,1.0,0,0,0,0,7.79,1.09,37.671,0.42,0
ACC-2026-0412,0845998755,2026-02,Chauffeur,301.37,61,0.137,11,0,1.0,0,0,0,0,7.83,1.09,37.671,0.42,0
ACC-2026-0412,0845998755,2026-03,Chauffeur,301.37,62,0.137,12,0,1.0,0,0,0,0,8.34,1.09,37.671,0.42,0
ACC-2026-0412,0845998755,2026-04,Chauffeur,301.37,63,0.137,13,0,1.0,0,0,0,0,8.48,1.09,37.671,0.42,0
ACC-2026-0412,0845998755,2026-05,Chauffeur,301.37,64,0.137,14,0,1.0,0,0,0,0,7.74,1.09,37.671,0.42,0
ACC-2026-0412,0845998755,2026-06,Chauffeur,301.37,65,0.137,15,0,1.0,0,0,0,0,7.68,1.09,37.671,0.42,0
ACC-2026-0412,0845998755,2026-07,Chauffeur,301.37,66,0.137,16,0,1.0,0,0,0,0,8.48,1.09,37.671,0.42,0
ACC-2026-0413,0847606979,2025-08,Commercant independant,310.8,27,0.175,4,0,1.0,0,0,0,0,25.54,4.37,12.432,0.36,0
ACC-2026-0413,0847606979,2025-09,Commercant independant,310.8,28,0.175,5,0,1.0,0,0,0,0,24.0,4.37,12.432,0.36,0
ACC-2026-0413,0847606979,2025-10,Commercant independant,310.8,29,0.175,6,0,1.0,0,0,0,0,26.96,4.37,12.432,0.36,0
ACC-2026-0413,0847606979,2025-11,Commercant independant,310.8,30,0.175,7,0,1.0,0,0,0,0,24.36,4.37,12.432,0.36,0
ACC-2026-0413,0847606979,2025-12,Commercant independant,310.8,31,0.175,8,0,1.0,0,0,0,0,25.79,4.37,12.432,0.36,0
ACC-2026-0413,0847606979,2026-01,Commercant independant,310.8,32,0.175,9,0,1.0,0,0,0,0,26.72,4.37,12.432,0.36,0
ACC-2026-0413,0847606979,2026-02,Commercant independant,310.8,33,0.175,10,0,1.0,0,0,0,0,24.64,4.37,12.432,0.36,0
ACC-2026-0413,0847606979,2026-03,Commercant independant,310.8,34,0.175,11,0,1.0,0,0,0,0,25.31,4.37,12.432,0.36,0
ACC-2026-0413,0847606979,2026-04,Commercant independant,310.8,35,0.175,12,0,1.0,0,0,0,0,23.59,4.37,12.432,0.36,0
ACC-2026-0413,0847606979,2026-05,Commercant independant,310.8,36,0.175,13,0,1.0,0,0,0,0,25.43,4.37,12.432,0.36,0
ACC-2026-0413,0847606979,2026-06,Commercant independant,310.8,37,0.175,14,0,1.0,0,0,0,0,24.66,4.37,12.432,0.36,0
ACC-2026-0413,0847606979,2026-07,Commercant independant,310.8,38,0.175,15,0,1.0,0,0,0,0,23.33,4.37,12.432,0.36,0
ACC-2026-0414,0844300652,2025-08,Agriculteur,366.83,12,0.166,4,0,1.0,0,0,0,0,7.97,1.33,45.854,0.46,0
ACC-2026-0414,0844300652,2025-09,Agriculteur,366.83,13,0.166,5,0,1.0,0,0,0,0,8.42,1.33,45.854,0.46,0
ACC-2026-0414,0844300652,2025-10,Agriculteur,366.83,14,0.166,6,0,1.0,0,0,0,0,7.9,1.33,45.854,0.46,0
ACC-2026-0414,0844300652,2025-11,Agriculteur,366.83,15,0.166,7,0,1.0,0,0,0,0,8.07,1.33,45.854,0.46,0
ACC-2026-0414,0844300652,2025-12,Agriculteur,366.83,16,0.166,8,0,1.0,0,0,0,0,7.51,1.33,45.854,0.46,0
ACC-2026-0414,0844300652,2026-01,Agriculteur,366.83,17,0.166,9,0,1.0,0,0,0,0,7.61,1.33,45.854,0.46,0
ACC-2026-0414,0844300652,2026-02,Agriculteur,366.83,18,0.166,10,0,1.0,0,0,0,0,7.6,1.33,45.854,0.46,0
ACC-2026-0414,0844300652,2026-03,Agriculteur,366.83,19,0.166,11,0,1.0,0,0,0,0,8.63,1.33,45.854,0.46,0
ACC-2026-0414,0844300652,2026-04,Agriculteur,366.83,20,0.166,12,0,1.0,0,0,0,0,7.8,1.33,45.854,0.46,0
ACC-2026-0414,0844300652,2026-05,Agriculteur,366.83,21,0.166,13,0,1.0,0,0,0,0,7.5,1.33,45.854,0.46,0
ACC-2026-0414,0844300652,2026-06,Agriculteur,366.83,22,0.166,14,0,1.0,0,0,0,0,8.11,1.33,45.854,0.46,1
ACC-2026-0414,0844300652,2026-07,Agriculteur,366.83,23,0.166,15,0,1.0,0,0,0,0,8.09,1.33,45.854,0.46,0
ACC-2026-0415,0842842764,2025-08,Enseignant,212.69,38,0.093,5,0,1.0,0,0,0,0,26.96,2.32,8.508,0.22,0
ACC-2026-0415,0842842764,2025-09,Enseignant,212.69,39,0.093,6,0,1.0,0,0,0,0,23.87,2.32,8.508,0.22,0
ACC-2026-0415,0842842764,2025-10,Enseignant,212.69,40,0.093,7,0,1.0,0,0,0,0,24.56,2.32,8.508,0.22,0
ACC-2026-0415,0842842764,2025-11,Enseignant,212.69,41,0.093,8,0,1.0,0,0,0,0,23.45,2.32,8.508,0.22,0
ACC-2026-0415,0842842764,2025-12,Enseignant,212.69,42,0.093,9,0,1.0,0,0,0,0,25.93,2.32,8.508,0.22,0
ACC-2026-0415,0842842764,2026-01,Enseignant,212.69,43,0.093,10,0,1.0,0,0,0,0,23.93,2.32,8.508,0.22,0
ACC-2026-0415,0842842764,2026-02,Enseignant,212.69,44,0.093,11,0,1.0,0,0,0,0,24.68,2.32,8.508,0.22,0
ACC-2026-0415,0842842764,2026-03,Enseignant,212.69,45,0.093,12,0,1.0,0,0,0,0,24.09,2.32,8.508,0.22,0
ACC-2026-0415,0842842764,2026-04,Enseignant,212.69,46,0.093,13,0,1.0,0,0,0,0,25.18,2.32,8.508,0.22,0
ACC-2026-0415,0842842764,2026-05,Enseignant,212.69,47,0.093,14,0,1.0,0,0,0,0,23.28,2.32,8.508,0.22,0
ACC-2026-0415,0842842764,2026-06,Enseignant,212.69,48,0.093,14,0,0.909,1,0,0,30,26.98,2.32,8.508,0.22,0
ACC-2026-0415,0842842764,2026-07,Enseignant,212.69,49,0.093,15,0,0.917,1,0,0,0,26.9,2.32,8.508,0.22,0
ACC-2026-0416,0842393146,2025-08,Agriculteur,406.98,7,0.232,2,0,1.0,0,0,0,0,13.89,3.48,27.132,0.46,0
ACC-2026-0416,0842393146,2025-09,Agriculteur,406.98,8,0.232,3,0,1.0,0,0,0,0,14.8,3.48,27.132,0.46,0
ACC-2026-0416,0842393146,2025-10,Agriculteur,406.98,9,0.232,4,0,1.0,0,0,0,0,15.6,3.48,27.132,0.46,0
ACC-2026-0416,0842393146,2025-11,Agriculteur,406.98,10,0.232,4,0,0.75,0,0,1,30,14.5,3.48,27.132,0.46,0
ACC-2026-0416,0842393146,2025-12,Agriculteur,406.98,11,0.232,5,0,0.8,0,0,1,0,15.0,3.48,27.132,0.46,0
ACC-2026-0416,0842393146,2026-01,Agriculteur,406.98,12,0.232,6,0,0.833,0,0,1,0,15.93,3.48,27.132,0.46,0
ACC-2026-0416,0842393146,2026-02,Agriculteur,406.98,13,0.232,7,0,0.857,0,0,1,0,14.82,3.48,27.132,0.46,0
ACC-2026-0416,0842393146,2026-03,Agriculteur,406.98,14,0.232,8,0,0.875,0,0,1,0,14.97,3.48,27.132,0.46,0
ACC-2026-0416,0842393146,2026-04,Agriculteur,406.98,15,0.232,9,0,0.889,0,0,1,0,15.1,3.48,27.132,0.46,0
ACC-2026-0416,0842393146,2026-05,Agriculteur,406.98,16,0.232,10,0,0.9,0,0,1,0,15.85,3.48,27.132,0.46,0
ACC-2026-0416,0842393146,2026-06,Agriculteur,406.98,17,0.232,11,0,0.909,0,0,1,0,15.9,3.48,27.132,0.46,1
ACC-2026-0416,0842393146,2026-07,Agriculteur,406.98,18,0.232,12,0,0.917,0,0,1,0,16.02,3.48,27.132,0.46,0
ACC-2026-0417,0846091131,2025-08,Vendeur de rue,264.95,67,0.327,1,0,1.0,0,0,0,0,23.48,8.19,10.598,0.62,0
ACC-2026-0417,0846091131,2025-09,Vendeur de rue,264.95,68,0.327,2,0,1.0,0,0,0,0,24.27,8.19,10.598,0.62,0
ACC-2026-0417,0846091131,2025-10,Vendeur de rue,264.95,69,0.327,3,0,1.0,0,1,0,0,26.72,8.19,10.598,0.62,0
ACC-2026-0417,0846091131,2025-11,Vendeur de rue,264.95,70,0.327,4,0,1.0,0,1,0,0,24.47,8.19,10.598,0.62,0
ACC-2026-0417,0846091131,2025-12,Vendeur de rue,264.95,71,0.327,5,0,1.0,0,1,0,0,23.29,8.19,10.598,0.62,0
ACC-2026-0417,0846091131,2026-01,Vendeur de rue,264.95,72,0.327,5,0,0.833,0,1,1,30,25.55,8.19,10.598,0.62,0
ACC-2026-0417,0846091131,2026-02,Vendeur de rue,264.95,73,0.327,6,0,0.857,0,1,1,0,24.52,8.19,10.598,0.62,0
ACC-2026-0417,0846091131,2026-03,Vendeur de rue,264.95,74,0.327,7,0,0.875,0,1,1,0,25.57,8.19,10.598,0.62,0
ACC-2026-0417,0846091131,2026-04,Vendeur de rue,264.95,75,0.327,7,0,0.778,0,1,2,30,25.84,8.19,10.598,0.62,0
ACC-2026-0417,0846091131,2026-05,Vendeur de rue,264.95,76,0.327,8,0,0.8,0,1,2,0,24.64,11.19,10.598,0.62,0
ACC-2026-0417,0846091131,2026-06,Vendeur de rue,264.95,77,0.327,8,1,0.727,1,1,2,30,25.19,11.19,10.598,0.62,1
ACC-2026-0417,0846091131,2026-07,Vendeur de rue,264.95,78,0.327,9,1,0.75,1,1,2,0,25.62,14.19,10.598,0.62,0
ACC-2026-0418,0841033832,2025-08,Enseignant,365.9,47,0.097,1,0,1.0,0,0,0,0,14.92,1.45,24.393,0.22,0
ACC-2026-0418,0841033832,2025-09,Enseignant,365.9,48,0.097,2,0,1.0,0,0,0,0,15.06,1.45,24.393,0.22,0
ACC-2026-0418,0841033832,2025-10,Enseignant,365.9,49,0.097,3,0,1.0,0,0,0,0,15.02,1.45,24.393,0.22,0
ACC-2026-0418,0841033832,2025-11,Enseignant,365.9,50,0.097,4,0,1.0,0,0,0,0,13.87,1.45,24.393,0.22,0
ACC-2026-0418,0841033832,2025-12,Enseignant,365.9,51,0.097,5,0,1.0,0,0,0,0,14.62,1.45,24.393,0.22,0
ACC-2026-0418,0841033832,2026-01,Enseignant,365.9,52,0.097,6,0,1.0,0,0,0,0,14.3,1.45,24.393,0.22,0
ACC-2026-0418,0841033832,2026-02,Enseignant,365.9,53,0.097,7,0,1.0,0,0,0,0,15.84,1.45,24.393,0.22,0
ACC-2026-0418,0841033832,2026-03,Enseignant,365.9,54,0.097,8,0,1.0,0,0,0,0,14.17,1.45,24.393,0.22,0
ACC-2026-0418,0841033832,2026-04,Enseignant,365.9,55,0.097,9,0,1.0,0,0,0,0,14.68,1.45,24.393,0.22,0
ACC-2026-0418,0841033832,2026-05,Enseignant,365.9,56,0.097,10,0,1.0,0,0,0,0,15.39,1.45,24.393,0.22,0
ACC-2026-0418,0841033832,2026-06,Enseignant,365.9,57,0.097,11,0,1.0,0,0,0,0,14.46,1.45,24.393,0.22,1
ACC-2026-0418,0841033832,2026-07,Enseignant,365.9,58,0.097,12,0,1.0,0,0,0,0,15.02,1.45,24.393,0.22,0
ACC-2026-0419,0844020446,2025-08,Infirmier,391.34,14,0.03,4,0,1.0,0,0,0,0,8.13,0.24,48.917,0.24,0
ACC-2026-0419,0844020446,2025-09,Infirmier,391.34,15,0.03,5,0,1.0,0,0,0,0,7.49,0.24,48.917,0.24,0
ACC-2026-0419,0844020446,2025-10,Infirmier,391.34,16,0.03,6,0,1.0,0,0,0,0,7.58,0.24,48.917,0.24,0
ACC-2026-0419,0844020446,2025-11,Infirmier,391.34,17,0.03,7,0,1.0,0,0,0,0,8.37,0.24,48.917,0.24,0
ACC-2026-0419,0844020446,2025-12,Infirmier,391.34,18,0.03,8,0,1.0,0,0,0,0,7.59,0.24,48.917,0.24,0
ACC-2026-0419,0844020446,2026-01,Infirmier,391.34,19,0.03,9,0,1.0,0,0,0,0,7.96,0.24,48.917,0.24,0
ACC-2026-0419,0844020446,2026-02,Infirmier,391.34,20,0.03,10,0,1.0,0,0,0,0,8.14,0.24,48.917,0.24,0
ACC-2026-0419,0844020446,2026-03,Infirmier,391.34,21,0.03,11,0,1.0,0,0,0,0,7.41,0.24,48.917,0.24,0
ACC-2026-0419,0844020446,2026-04,Infirmier,391.34,22,0.03,12,0,1.0,0,0,0,0,7.51,0.24,48.917,0.24,0
ACC-2026-0419,0844020446,2026-05,Infirmier,391.34,23,0.03,13,0,1.0,0,0,0,0,8.56,0.24,48.917,0.24,0
ACC-2026-0419,0844020446,2026-06,Infirmier,391.34,24,0.03,14,0,1.0,0,0,0,0,8.35,0.24,48.917,0.24,0
ACC-2026-0419,0844020446,2026-07,Infirmier,391.34,25,0.03,15,0,1.0,0,0,0,0,8.55,0.24,48.917,0.24,0
ACC-2026-0420,0843202043,2025-08,Vendeur de rue,169.79,1,0.395,3,0,1.0,0,0,0,0,20.18,7.91,8.489,0.62,0
ACC-2026-0420,0843202043,2025-09,Vendeur de rue,169.79,2,0.395,4,0,1.0,0,0,0,0,18.49,7.91,8.489,0.62,1
ACC-2026-0420,0843202043,2025-10,Vendeur de rue,169.79,3,0.395,4,0,0.667,0,0,1,30,21.26,7.91,8.489,0.62,0
ACC-2026-0420,0843202043,2025-11,Vendeur de rue,169.79,4,0.395,5,0,0.75,0,0,1,0,21.42,7.91,8.489,0.62,1
ACC-2026-0420,0843202043,2025-12,Vendeur de rue,169.79,5,0.395,6,0,0.8,0,0,1,0,20.83,7.91,8.489,0.62,0
ACC-2026-0420,0843202043,2026-01,Vendeur de rue,169.79,6,0.395,7,0,0.833,0,0,1,0,21.38,7.91,8.489,0.62,0
ACC-2026-0420,0843202043,2026-02,Vendeur de rue,169.79,7,0.395,8,0,0.857,0,0,1,0,19.85,7.91,8.489,0.62,0
ACC-2026-0420,0843202043,2026-03,Vendeur de rue,169.79,8,0.395,9,0,0.875,0,0,1,0,18.96,7.91,8.489,0.62,0
ACC-2026-0420,0843202043,2026-04,Vendeur de rue,169.79,9,0.395,10,0,0.889,0,0,1,0,19.11,7.91,8.489,0.62,0
ACC-2026-0420,0843202043,2026-05,Vendeur de rue,169.79,10,0.395,11,0,0.9,0,0,1,0,21.32,7.91,8.489,0.62,0
ACC-2026-0420,0843202043,2026-06,Vendeur de rue,169.79,11,0.395,12,0,0.909,0,0,1,0,19.13,7.91,8.489,0.62,0
ACC-2026-0420,0843202043,2026-07,Vendeur de rue,169.79,12,0.395,13,0,0.917,0,0,1,0,18.71,7.91,8.489,0.62,0
ACC-2026-0421,0848459700,2025-08,Infirmier,422.28,52,0.12,3,0,1.0,0,0,0,0,25.21,3.0,16.891,0.24,0
ACC-2026-0421,0848459700,2025-09,Infirmier,422.28,53,0.12,4,0,1.0,0,0,0,0,25.37,3.0,16.891,0.24,0
ACC-2026-0421,0848459700,2025-10,Infirmier,422.28,54,0.12,5,0,1.0,0,0,0,0,24.11,3.0,16.891,0.24,0
ACC-2026-0421,0848459700,2025-11,Infirmier,422.28,55,0.12,6,0,1.0,0,0,0,0,25.41,3.0,16.891,0.24,0
ACC-2026-0421,0848459700,2025-12,Infirmier,422.28,56,0.12,7,0,1.0,0,0,0,0,24.44,3.0,16.891,0.24,0
ACC-2026-0421,0848459700,2026-01,Infirmier,422.28,57,0.12,8,0,1.0,0,0,0,0,23.06,3.0,16.891,0.24,0
ACC-2026-0421,0848459700,2026-02,Infirmier,422.28,58,0.12,9,0,1.0,0,0,0,0,24.84,3.0,16.891,0.24,0
ACC-2026-0421,0848459700,2026-03,Infirmier,422.28,59,0.12,10,0,1.0,0,0,0,0,26.57,3.0,16.891,0.24,0
ACC-2026-0421,0848459700,2026-04,Infirmier,422.28,60,0.12,11,0,1.0,0,0,0,0,23.37,3.0,16.891,0.24,0
ACC-2026-0421,0848459700,2026-05,Infirmier,422.28,61,0.12,12,0,1.0,0,0,0,0,25.35,3.0,16.891,0.24,0
ACC-2026-0421,0848459700,2026-06,Infirmier,422.28,62,0.12,13,0,1.0,0,0,0,0,23.08,3.0,16.891,0.24,0
ACC-2026-0421,0848459700,2026-07,Infirmier,422.28,63,0.12,14,0,1.0,0,0,0,0,25.46,3.0,16.891,0.24,0
ACC-2026-0422,0845962045,2025-08,Infirmier,336.51,59,0.166,2,0,1.0,0,0,0,0,21.2,3.31,16.825,0.24,0
ACC-2026-0422,0845962045,2025-09,Infirmier,336.51,60,0.166,3,0,1.0,0,0,0,0,20.78,3.31,16.825,0.24,0
ACC-2026-0422,0845962045,2025-10,Infirmier,336.51,61,0.166,4,0,1.0,0,0,0,0,18.42,3.31,16.825,0.24,0
ACC-2026-0422,0845962045,2025-11,Infirmier,336.51,62,0.166,5,0,1.0,0,0,0,0,19.39,3.31,16.825,0.24,0
ACC-2026-0422,0845962045,2025-12,Infirmier,336.51,63,0.166,6,0,1.0,0,0,0,0,19.67,3.31,16.825,0.24,0
ACC-2026-0422,0845962045,2026-01,Infirmier,336.51,64,0.166,7,0,1.0,0,0,0,0,19.3,3.31,16.825,0.24,0
ACC-2026-0422,0845962045,2026-02,Infirmier,336.51,65,0.166,8,0,1.0,0,0,0,0,21.07,3.31,16.825,0.24,0
ACC-2026-0422,0845962045,2026-03,Infirmier,336.51,66,0.166,9,0,1.0,0,0,0,0,18.93,3.31,16.825,0.24,0
ACC-2026-0422,0845962045,2026-04,Infirmier,336.51,67,0.166,10,0,1.0,0,0,0,0,19.11,3.31,16.825,0.24,0
ACC-2026-0422,0845962045,2026-05,Infirmier,336.51,68,0.166,11,0,1.0,0,0,0,0,19.33,3.31,16.825,0.24,0
ACC-2026-0422,0845962045,2026-06,Infirmier,336.51,69,0.166,12,0,1.0,0,0,0,0,20.45,3.31,16.825,0.24,0
ACC-2026-0422,0845962045,2026-07,Infirmier,336.51,70,0.166,13,0,1.0,0,0,0,0,18.55,3.31,16.825,0.24,0
ACC-2026-0423,0848299487,2025-08,Commercant independant,443.94,12,0.107,4,0,1.0,0,0,0,0,18.9,2.15,22.197,0.36,0
ACC-2026-0423,0848299487,2025-09,Commercant independant,443.94,13,0.107,5,0,1.0,0,0,0,0,19.7,2.15,22.197,0.36,0
ACC-2026-0423,0848299487,2025-10,Commercant independant,443.94,14,0.107,6,0,1.0,0,0,0,0,19.55,2.15,22.197,0.36,0
ACC-2026-0423,0848299487,2025-11,Commercant independant,443.94,15,0.107,7,0,1.0,0,0,0,0,20.33,2.15,22.197,0.36,0
ACC-2026-0423,0848299487,2025-12,Commercant independant,443.94,16,0.107,7,0,0.8,0,0,1,30,19.11,2.15,22.197,0.36,0
ACC-2026-0423,0848299487,2026-01,Commercant independant,443.94,17,0.107,8,0,0.833,0,1,1,0,19.09,2.15,22.197,0.36,0
ACC-2026-0423,0848299487,2026-02,Commercant independant,443.94,18,0.107,9,0,0.857,0,1,1,0,19.37,2.15,22.197,0.36,0
ACC-2026-0423,0848299487,2026-03,Commercant independant,443.94,19,0.107,9,0,0.75,0,1,2,30,18.88,2.15,22.197,0.36,0
ACC-2026-0423,0848299487,2026-04,Commercant independant,443.94,20,0.107,9,0,0.667,0,1,3,60,20.46,4.55,22.197,0.36,0
ACC-2026-0423,0848299487,2026-05,Commercant independant,443.94,21,0.107,10,1,0.7,0,1,3,0,20.33,4.55,22.197,0.36,0
ACC-2026-0423,0848299487,2026-06,Commercant independant,443.94,22,0.107,11,0,0.727,0,1,3,0,19.49,6.95,22.197,0.36,0
ACC-2026-0423,0848299487,2026-07,Commercant independant,443.94,23,0.107,12,1,0.75,0,1,3,0,20.7,4.55,22.197,0.36,0
ACC-2026-0424,0849625548,2025-08,Agriculteur,237.14,46,0.176,4,0,1.0,0,0,0,0,25.49,4.41,9.486,0.46,0
ACC-2026-0424,0849625548,2025-09,Agriculteur,237.14,47,0.176,5,0,1.0,0,0,0,0,26.12,4.41,9.486,0.46,0
ACC-2026-0424,0849625548,2025-10,Agriculteur,237.14,48,0.176,6,0,1.0,0,0,0,0,23.94,4.41,9.486,0.46,0
ACC-2026-0424,0849625548,2025-11,Agriculteur,237.14,49,0.176,7,0,1.0,0,0,0,0,26.66,4.41,9.486,0.46,0
ACC-2026-0424,0849625548,2025-12,Agriculteur,237.14,50,0.176,8,0,1.0,0,0,0,0,24.16,4.41,9.486,0.46,0
ACC-2026-0424,0849625548,2026-01,Agriculteur,237.14,51,0.176,9,0,1.0,0,0,0,0,26.13,4.41,9.486,0.46,0
ACC-2026-0424,0849625548,2026-02,Agriculteur,237.14,52,0.176,10,0,1.0,0,0,0,0,23.78,4.41,9.486,0.46,0
ACC-2026-0424,0849625548,2026-03,Agriculteur,237.14,53,0.176,11,0,1.0,0,0,0,0,25.68,4.41,9.486,0.46,0
ACC-2026-0424,0849625548,2026-04,Agriculteur,237.14,54,0.176,12,0,1.0,0,0,0,0,24.71,4.41,9.486,0.46,0
ACC-2026-0424,0849625548,2026-05,Agriculteur,237.14,55,0.176,13,0,1.0,0,0,0,0,26.59,4.41,9.486,0.46,0
ACC-2026-0424,0849625548,2026-06,Agriculteur,237.14,56,0.176,14,0,1.0,0,0,0,0,23.64,4.41,9.486,0.46,0
ACC-2026-0424,0849625548,2026-07,Agriculteur,237.14,57,0.176,15,0,1.0,0,0,0,0,25.19,4.41,9.486,0.46,0
ACC-2026-0425,0842004520,2025-08,Enseignant,376.08,51,0.119,3,0,0.0,0,0,1,365,20.41,2.38,18.804,0.22,0
ACC-2026-0425,0842004520,2025-09,Enseignant,376.08,52,0.119,4,0,0.5,0,0,1,0,18.83,2.38,18.804,0.22,0
ACC-2026-0425,0842004520,2025-10,Enseignant,376.08,53,0.119,5,0,0.667,0,0,1,0,20.27,2.38,18.804,0.22,0
ACC-2026-0425,0842004520,2025-11,Enseignant,376.08,54,0.119,6,0,0.75,0,0,1,0,20.05,2.38,18.804,0.22,0
ACC-2026-0425,0842004520,2025-12,Enseignant,376.08,55,0.119,7,0,0.8,0,0,1,0,21.32,2.38,18.804,0.22,0
ACC-2026-0425,0842004520,2026-01,Enseignant,376.08,56,0.119,8,0,0.833,0,0,1,0,19.4,2.38,18.804,0.22,0
ACC-2026-0425,0842004520,2026-02,Enseignant,376.08,57,0.119,9,0,0.857,0,0,1,0,19.85,2.38,18.804,0.22,0
ACC-2026-0425,0842004520,2026-03,Enseignant,376.08,58,0.119,10,0,0.875,0,0,1,0,20.12,2.38,18.804,0.22,0
ACC-2026-0425,0842004520,2026-04,Enseignant,376.08,59,0.119,11,0,0.889,0,0,1,0,20.63,2.38,18.804,0.22,0
ACC-2026-0425,0842004520,2026-05,Enseignant,376.08,60,0.119,12,0,0.9,0,0,1,0,20.51,2.38,18.804,0.22,0
ACC-2026-0425,0842004520,2026-06,Enseignant,376.08,61,0.119,13,0,0.909,0,0,1,0,18.81,2.38,18.804,0.22,0
ACC-2026-0425,0842004520,2026-07,Enseignant,376.08,62,0.119,14,0,0.917,0,0,1,0,18.73,2.38,18.804,0.22,0
ACC-2026-0426,0849337140,2025-08,Commercant independant,463.83,10,0.225,5,0,1.0,0,0,0,0,14.03,3.38,30.922,0.36,0
ACC-2026-0426,0849337140,2025-09,Commercant independant,463.83,11,0.225,5,0,0.5,0,0,1,30,14.73,3.38,30.922,0.36,0
ACC-2026-0426,0849337140,2025-10,Commercant independant,463.83,12,0.225,6,0,0.667,0,0,1,0,14.24,3.38,30.922,0.36,0
ACC-2026-0426,0849337140,2025-11,Commercant independant,463.83,13,0.225,7,0,0.75,0,0,1,0,15.93,3.38,30.922,0.36,0
ACC-2026-0426,0849337140,2025-12,Commercant independant,463.83,14,0.225,8,0,0.8,0,0,1,0,14.47,3.38,30.922,0.36,0
ACC-2026-0426,0849337140,2026-01,Commercant independant,463.83,15,0.225,9,0,0.833,0,0,1,0,14.4,3.38,30.922,0.36,0
ACC-2026-0426,0849337140,2026-02,Commercant independant,463.83,16,0.225,10,0,0.857,0,0,1,0,16.03,3.38,30.922,0.36,0
ACC-2026-0426,0849337140,2026-03,Commercant independant,463.83,17,0.225,11,0,0.875,0,0,1,0,15.07,3.38,30.922,0.36,0
ACC-2026-0426,0849337140,2026-04,Commercant independant,463.83,18,0.225,12,0,0.889,0,0,1,0,14.47,3.38,30.922,0.36,0
ACC-2026-0426,0849337140,2026-05,Commercant independant,463.83,19,0.225,13,0,0.9,0,0,1,0,14.09,3.38,30.922,0.36,0
ACC-2026-0426,0849337140,2026-06,Commercant independant,463.83,20,0.225,14,0,0.909,0,0,1,0,16.1,3.38,30.922,0.36,0
ACC-2026-0426,0849337140,2026-07,Commercant independant,463.83,21,0.225,15,0,0.917,0,0,1,0,14.72,3.38,30.922,0.36,0
ACC-2026-0427,0843399050,2025-08,Vendeur de rue,352.64,17,0.339,4,0,1.0,0,0,0,0,21.42,6.78,17.632,0.62,0
ACC-2026-0427,0843399050,2025-09,Vendeur de rue,352.64,18,0.339,5,0,1.0,0,0,0,0,20.27,6.78,17.632,0.62,0
ACC-2026-0427,0843399050,2025-10,Vendeur de rue,352.64,19,0.339,6,0,1.0,0,0,0,0,18.84,6.78,17.632,0.62,1
ACC-2026-0427,0843399050,2025-11,Vendeur de rue,352.64,20,0.339,7,0,1.0,0,0,0,0,20.9,6.78,17.632,0.62,1
ACC-2026-0427,0843399050,2025-12,Vendeur de rue,352.64,21,0.339,7,0,0.8,1,0,0,30,19.03,6.78,17.632,0.62,0
ACC-2026-0427,0843399050,2026-01,Vendeur de rue,352.64,22,0.339,8,0,0.833,1,0,0,0,20.61,6.78,17.632,0.62,0
ACC-2026-0427,0843399050,2026-02,Vendeur de rue,352.64,23,0.339,9,0,0.857,1,0,0,0,19.32,6.78,17.632,0.62,0
ACC-2026-0427,0843399050,2026-03,Vendeur de rue,352.64,24,0.339,10,0,0.875,1,0,0,0,21.15,6.78,17.632,0.62,0
ACC-2026-0427,0843399050,2026-04,Vendeur de rue,352.64,25,0.339,11,0,0.889,1,0,0,0,20.63,6.78,17.632,0.62,1
ACC-2026-0427,0843399050,2026-05,Vendeur de rue,352.64,26,0.339,12,0,0.9,1,0,0,0,20.36,6.78,17.632,0.62,0
ACC-2026-0427,0843399050,2026-06,Vendeur de rue,352.64,27,0.339,13,0,0.909,1,0,0,0,21.09,6.78,17.632,0.62,0
ACC-2026-0427,0843399050,2026-07,Vendeur de rue,352.64,28,0.339,14,0,0.917,1,0,0,0,19.02,6.78,17.632,0.62,0
ACC-2026-0428,0841941206,2025-08,Vendeur de rue,298.53,35,0.209,4,0,1.0,0,0,0,0,15.64,3.14,19.902,0.62,0
ACC-2026-0428,0841941206,2025-09,Vendeur de rue,298.53,36,0.209,5,0,1.0,0,0,0,0,14.33,3.14,19.902,0.62,0
ACC-2026-0428,0841941206,2025-10,Vendeur de rue,298.53,37,0.209,6,0,1.0,0,0,0,0,15.05,3.14,19.902,0.62,0
ACC-2026-0428,0841941206,2025-11,Vendeur de rue,298.53,38,0.209,7,0,1.0,0,0,0,0,15.92,3.14,19.902,0.62,1
ACC-2026-0428,0841941206,2025-12,Vendeur de rue,298.53,39,0.209,8,0,1.0,0,0,0,0,13.92,3.14,19.902,0.62,0
ACC-2026-0428,0841941206,2026-01,Vendeur de rue,298.53,40,0.209,9,0,1.0,0,0,0,0,16.0,3.14,19.902,0.62,0
ACC-2026-0428,0841941206,2026-02,Vendeur de rue,298.53,41,0.209,10,0,1.0,0,0,0,0,15.89,3.14,19.902,0.62,0
ACC-2026-0428,0841941206,2026-03,Vendeur de rue,298.53,42,0.209,11,0,1.0,0,0,0,0,15.84,3.14,19.902,0.62,0
ACC-2026-0428,0841941206,2026-04,Vendeur de rue,298.53,43,0.209,12,0,1.0,0,0,0,0,15.02,3.14,19.902,0.62,0
ACC-2026-0428,0841941206,2026-05,Vendeur de rue,298.53,44,0.209,13,0,1.0,0,0,0,0,15.0,3.14,19.902,0.62,1
ACC-2026-0428,0841941206,2026-06,Vendeur de rue,298.53,45,0.209,14,0,1.0,0,0,0,0,13.82,3.14,19.902,0.62,0
ACC-2026-0428,0841941206,2026-07,Vendeur de rue,298.53,46,0.209,15,0,1.0,0,0,0,0,14.49,3.14,19.902,0.62,0
ACC-2026-0429,0843232725,2025-08,Fonctionnaire,572.15,36,0.115,1,0,1.0,0,0,0,0,23.75,2.89,22.886,0.18,0
ACC-2026-0429,0843232725,2025-09,Fonctionnaire,572.15,37,0.115,2,0,1.0,0,0,0,0,26.63,2.89,22.886,0.18,0
ACC-2026-0429,0843232725,2025-10,Fonctionnaire,572.15,38,0.115,3,0,1.0,0,0,0,0,26.88,2.89,22.886,0.18,0
ACC-2026-0429,0843232725,2025-11,Fonctionnaire,572.15,39,0.115,4,0,1.0,0,0,0,0,24.17,2.89,22.886,0.18,0
ACC-2026-0429,0843232725,2025-12,Fonctionnaire,572.15,40,0.115,5,0,1.0,0,0,0,0,25.86,2.89,22.886,0.18,0
ACC-2026-0429,0843232725,2026-01,Fonctionnaire,572.15,41,0.115,6,0,1.0,0,0,0,0,23.2,2.89,22.886,0.18,0
ACC-2026-0429,0843232725,2026-02,Fonctionnaire,572.15,42,0.115,7,0,1.0,0,0,0,0,26.03,2.89,22.886,0.18,0
ACC-2026-0429,0843232725,2026-03,Fonctionnaire,572.15,43,0.115,8,0,1.0,0,0,0,0,23.25,2.89,22.886,0.18,0
ACC-2026-0429,0843232725,2026-04,Fonctionnaire,572.15,44,0.115,9,0,1.0,0,0,0,0,24.54,2.89,22.886,0.18,0
ACC-2026-0429,0843232725,2026-05,Fonctionnaire,572.15,45,0.115,10,0,1.0,0,0,0,0,24.32,2.89,22.886,0.18,0
ACC-2026-0429,0843232725,2026-06,Fonctionnaire,572.15,46,0.115,11,0,1.0,0,0,0,0,25.58,2.89,22.886,0.18,0
ACC-2026-0429,0843232725,2026-07,Fonctionnaire,572.15,47,0.115,12,0,1.0,0,0,0,0,23.2,2.89,22.886,0.18,0
ACC-2026-0430,0842729886,2025-08,Vendeur de rue,251.38,67,0.26,3,0,0.0,1,0,0,365,15.82,3.9,16.759,0.62,1
ACC-2026-0430,0842729886,2025-09,Vendeur de rue,251.38,68,0.26,4,0,0.5,1,1,0,0,16.03,3.9,16.759,0.62,0
ACC-2026-0430,0842729886,2025-10,Vendeur de rue,251.38,69,0.26,5,0,0.667,1,1,0,0,15.38,3.9,16.759,0.62,0
ACC-2026-0430,0842729886,2025-11,Vendeur de rue,251.38,70,0.26,6,0,0.75,1,1,0,0,15.35,3.9,16.759,0.62,0
ACC-2026-0430,0842729886,2025-12,Vendeur de rue,251.38,71,0.26,7,0,0.8,1,1,0,0,14.06,3.9,16.759,0.62,0
ACC-2026-0430,0842729886,2026-01,Vendeur de rue,251.38,72,0.26,8,0,0.833,1,1,0,0,15.04,3.9,16.759,0.62,1
ACC-2026-0430,0842729886,2026-02,Vendeur de rue,251.38,73,0.26,9,0,0.857,1,1,0,0,15.78,3.9,16.759,0.62,0
ACC-2026-0430,0842729886,2026-03,Vendeur de rue,251.38,74,0.26,10,0,0.875,1,1,0,0,15.05,3.9,16.759,0.62,0
ACC-2026-0430,0842729886,2026-04,Vendeur de rue,251.38,75,0.26,11,0,0.889,1,2,0,0,15.89,3.9,16.759,0.62,0
ACC-2026-0430,0842729886,2026-05,Vendeur de rue,251.38,76,0.26,12,0,0.9,1,2,0,0,16.15,3.9,16.759,0.62,0
ACC-2026-0430,0842729886,2026-06,Vendeur de rue,251.38,77,0.26,13,0,0.909,1,2,0,0,15.09,3.9,16.759,0.62,0
ACC-2026-0430,0842729886,2026-07,Vendeur de rue,251.38,78,0.26,14,0,0.917,1,2,0,0,14.16,3.9,16.759,0.62,0
ACC-2026-0431,0845016724,2025-08,Sans emploi,126.78,66,0.516,4,0,1.0,0,0,0,0,9.43,5.16,12.678,0.78,0
ACC-2026-0431,0845016724,2025-09,Sans emploi,126.78,67,0.516,5,0,1.0,0,0,0,0,10.1,5.16,12.678,0.78,0
ACC-2026-0431,0845016724,2025-10,Sans emploi,126.78,68,0.516,6,0,1.0,0,0,0,0,10.69,5.16,12.678,0.78,0
ACC-2026-0431,0845016724,2025-11,Sans emploi,126.78,69,0.516,7,0,1.0,0,0,0,0,9.21,5.16,12.678,0.78,1
ACC-2026-0431,0845016724,2025-12,Sans emploi,126.78,70,0.516,8,0,1.0,0,1,0,0,10.02,5.16,12.678,0.78,0
ACC-2026-0431,0845016724,2026-01,Sans emploi,126.78,71,0.516,9,0,1.0,0,1,0,0,9.97,5.16,12.678,0.78,0
ACC-2026-0431,0845016724,2026-02,Sans emploi,126.78,72,0.516,10,0,1.0,0,1,0,0,9.56,5.16,12.678,0.78,0
ACC-2026-0431,0845016724,2026-03,Sans emploi,126.78,73,0.516,11,0,1.0,0,1,0,0,10.34,5.16,12.678,0.78,1
ACC-2026-0431,0845016724,2026-04,Sans emploi,126.78,74,0.516,12,0,1.0,0,1,0,0,10.71,5.16,12.678,0.78,0
ACC-2026-0431,0845016724,2026-05,Sans emploi,126.78,75,0.516,12,0,0.9,0,1,1,30,10.07,5.16,12.678,0.78,0
ACC-2026-0431,0845016724,2026-06,Sans emploi,126.78,76,0.516,12,0,0.818,0,1,2,60,10.67,5.16,12.678,0.78,1
ACC-2026-0431,0845016724,2026-07,Sans emploi,126.78,77,0.516,13,0,0.833,0,1,2,0,9.21,6.0,12.678,0.78,0
ACC-2026-0432,0843800406,2025-08,Sans emploi,173.22,61,0.344,1,0,1.0,0,1,0,0,20.83,6.88,8.661,0.78,0
ACC-2026-0432,0843800406,2025-09,Sans emploi,173.22,62,0.344,2,0,1.0,0,1,0,0,19.94,6.88,8.661,0.78,0
ACC-2026-0432,0843800406,2025-10,Sans emploi,173.22,63,0.344,2,0,0.667,0,1,1,30,20.33,6.88,8.661,0.78,0
ACC-2026-0432,0843800406,2025-11,Sans emploi,173.22,64,0.344,2,0,0.5,1,1,1,60,18.55,6.88,8.661,0.78,0
ACC-2026-0432,0843800406,2025-12,Sans emploi,173.22,65,0.344,2,1,0.4,2,1,1,90,19.33,6.88,8.661,0.78,1
ACC-2026-0432,0843800406,2026-01,Sans emploi,173.22,66,0.344,2,0,0.333,2,1,2,120,19.95,11.28,8.661,0.78,0
ACC-2026-0432,0843800406,2026-02,Sans emploi,173.22,67,0.344,3,1,0.429,2,1,2,0,20.38,11.28,8.661,0.78,1
ACC-2026-0432,0843800406,2026-03,Sans emploi,173.22,68,0.344,4,1,0.5,2,1,2,0,20.25,12.0,8.661,0.78,1
ACC-2026-0432,0843800406,2026-04,Sans emploi,173.22,69,0.344,5,0,0.556,2,1,2,0,19.52,12.0,8.661,0.78,0
ACC-2026-0432,0843800406,2026-05,Sans emploi,173.22,70,0.344,6,1,0.6,2,1,2,0,20.35,11.28,8.661,0.78,1
ACC-2026-0432,0843800406,2026-06,Sans emploi,173.22,71,0.344,7,1,0.636,2,2,2,0,19.25,12.0,8.661,0.78,1
ACC-2026-0432,0843800406,2026-07,Sans emploi,173.22,72,0.344,8,0,0.667,2,3,2,0,21.09,12.0,8.661,0.78,0
ACC-2026-0433,0847373024,2025-08,Agriculteur,212.86,26,0.156,1,0,1.0,0,0,0,0,31.25,10.09,7.095,0.46,0
ACC-2026-0433,0847373024,2025-09,Agriculteur,212.86,27,0.156,1,0,0.5,0,0,1,30,27.7,10.09,7.095,0.46,0
ACC-2026-0433,0847373024,2025-10,Agriculteur,212.86,28,0.156,2,0,0.667,0,0,1,0,27.84,10.09,7.095,0.46,0
ACC-2026-0433,0847373024,2025-11,Agriculteur,212.86,29,0.156,3,0,0.75,0,0,1,0,28.15,10.09,7.095,0.46,0
ACC-2026-0433,0847373024,2025-12,Agriculteur,212.86,30,0.156,4,0,0.8,0,0,1,0,28.06,10.09,7.095,0.46,0
ACC-2026-0433,0847373024,2026-01,Agriculteur,212.86,31,0.156,5,0,0.833,0,0,1,0,29.61,10.09,7.095,0.46,1
ACC-2026-0433,0847373024,2026-02,Agriculteur,212.86,32,0.156,6,0,0.857,0,0,1,0,30.29,10.09,7.095,0.46,0
ACC-2026-0433,0847373024,2026-03,Agriculteur,212.86,33,0.156,7,0,0.875,0,0,1,0,31.97,10.09,7.095,0.46,0
ACC-2026-0433,0847373024,2026-04,Agriculteur,212.86,34,0.156,8,0,0.889,0,0,1,0,28.58,10.09,7.095,0.46,0
ACC-2026-0433,0847373024,2026-05,Agriculteur,212.86,35,0.156,9,0,0.9,0,0,1,0,29.32,10.09,7.095,0.46,0
ACC-2026-0433,0847373024,2026-06,Agriculteur,212.86,36,0.156,10,0,0.909,0,1,1,0,30.34,10.09,7.095,0.46,1
ACC-2026-0433,0847373024,2026-07,Agriculteur,212.86,37,0.156,11,0,0.917,0,1,1,0,28.76,10.09,7.095,0.46,0
ACC-2026-0434,0847931802,2025-08,Sans emploi,338.5,50,0.38,2,0,1.0,0,0,0,0,13.86,5.69,22.567,0.78,0
ACC-2026-0434,0847931802,2025-09,Sans emploi,338.5,51,0.38,3,0,1.0,0,0,0,0,15.46,5.69,22.567,0.78,0
ACC-2026-0434,0847931802,2025-10,Sans emploi,338.5,52,0.38,4,0,1.0,0,0,0,0,15.67,5.69,22.567,0.78,0
ACC-2026-0434,0847931802,2025-11,Sans emploi,338.5,53,0.38,5,0,1.0,0,0,0,0,15.86,5.69,22.567,0.78,0
ACC-2026-0434,0847931802,2025-12,Sans emploi,338.5,54,0.38,6,0,1.0,0,0,0,0,15.41,5.69,22.567,0.78,1
ACC-2026-0434,0847931802,2026-01,Sans emploi,338.5,55,0.38,6,0,0.833,0,0,1,30,15.91,5.69,22.567,0.78,1
ACC-2026-0434,0847931802,2026-02,Sans emploi,338.5,56,0.38,7,0,0.857,0,0,1,0,15.39,5.69,22.567,0.78,0
ACC-2026-0434,0847931802,2026-03,Sans emploi,338.5,57,0.38,8,0,0.875,0,0,1,0,13.84,5.69,22.567,0.78,1
ACC-2026-0434,0847931802,2026-04,Sans emploi,338.5,58,0.38,9,0,0.889,0,0,1,0,14.47,5.69,22.567,0.78,0
ACC-2026-0434,0847931802,2026-05,Sans emploi,338.5,59,0.38,10,0,0.9,0,1,1,0,16.09,5.69,22.567,0.78,1
ACC-2026-0434,0847931802,2026-06,Sans emploi,338.5,60,0.38,11,0,0.909,0,1,1,0,15.54,5.69,22.567,0.78,0
ACC-2026-0434,0847931802,2026-07,Sans emploi,338.5,61,0.38,12,0,0.917,0,1,1,0,15.37,5.69,22.567,0.78,0
ACC-2026-0435,0844368402,2025-08,Vendeur de rue,293.71,5,0.357,5,0,1.0,0,0,0,0,23.26,8.93,11.748,0.62,1
ACC-2026-0435,0844368402,2025-09,Vendeur de rue,293.71,6,0.357,5,0,0.5,0,0,1,30,26.76,8.93,11.748,0.62,0
ACC-2026-0435,0844368402,2025-10,Vendeur de rue,293.71,7,0.357,5,0,0.333,0,0,2,60,25.11,8.93,11.748,0.62,1
ACC-2026-0435,0844368402,2025-11,Vendeur de rue,293.71,8,0.357,6,0,0.5,0,0,2,0,24.11,11.93,11.748,0.62,0
ACC-2026-0435,0844368402,2025-12,Vendeur de rue,293.71,9,0.357,7,0,0.6,0,0,2,0,23.72,11.93,11.748,0.62,0
ACC-2026-0435,0844368402,2026-01,Vendeur de rue,293.71,10,0.357,8,0,0.667,0,0,2,0,26.69,11.93,11.748,0.62,0
ACC-2026-0435,0844368402,2026-02,Vendeur de rue,293.71,11,0.357,9,0,0.714,0,0,2,0,23.35,11.93,11.748,0.62,0
ACC-2026-0435,0844368402,2026-03,Vendeur de rue,293.71,12,0.357,10,0,0.75,0,0,2,0,25.57,11.93,11.748,0.62,0
ACC-2026-0435,0844368402,2026-04,Vendeur de rue,293.71,13,0.357,11,0,0.778,0,1,2,0,23.55,11.93,11.748,0.62,0
ACC-2026-0435,0844368402,2026-05,Vendeur de rue,293.71,14,0.357,12,0,0.8,0,1,2,0,26.94,11.93,11.748,0.62,0
ACC-2026-0435,0844368402,2026-06,Vendeur de rue,293.71,15,0.357,13,0,0.818,0,1,2,0,25.79,11.93,11.748,0.62,0
ACC-2026-0435,0844368402,2026-07,Vendeur de rue,293.71,16,0.357,13,1,0.75,0,1,3,30,25.87,11.93,11.748,0.62,0
ACC-2026-0436,0842481041,2025-08,Fonctionnaire,398.88,45,0.089,2,0,1.0,0,0,0,0,31.16,2.66,13.296,0.18,0
ACC-2026-0436,0842481041,2025-09,Fonctionnaire,398.88,46,0.089,3,0,1.0,0,0,0,0,28.57,2.66,13.296,0.18,0
ACC-2026-0436,0842481041,2025-10,Fonctionnaire,398.88,47,0.089,4,0,1.0,0,0,0,0,28.05,2.66,13.296,0.18,0
ACC-2026-0436,0842481041,2025-11,Fonctionnaire,398.88,48,0.089,5,0,1.0,0,0,0,0,30.8,2.66,13.296,0.18,0
ACC-2026-0436,0842481041,2025-12,Fonctionnaire,398.88,49,0.089,6,0,1.0,0,0,0,0,31.74,2.66,13.296,0.18,0
ACC-2026-0436,0842481041,2026-01,Fonctionnaire,398.88,50,0.089,7,0,1.0,0,0,0,0,31.5,2.66,13.296,0.18,0
ACC-2026-0436,0842481041,2026-02,Fonctionnaire,398.88,51,0.089,8,0,1.0,0,0,0,0,29.98,2.66,13.296,0.18,0
ACC-2026-0436,0842481041,2026-03,Fonctionnaire,398.88,52,0.089,9,0,1.0,0,0,0,0,30.2,2.66,13.296,0.18,0
ACC-2026-0436,0842481041,2026-04,Fonctionnaire,398.88,53,0.089,10,0,1.0,0,0,0,0,30.21,2.66,13.296,0.18,0
ACC-2026-0436,0842481041,2026-05,Fonctionnaire,398.88,54,0.089,11,0,1.0,0,1,0,0,31.1,2.66,13.296,0.18,0
ACC-2026-0436,0842481041,2026-06,Fonctionnaire,398.88,55,0.089,12,0,1.0,0,1,0,0,29.81,2.66,13.296,0.18,0
ACC-2026-0436,0842481041,2026-07,Fonctionnaire,398.88,56,0.089,13,0,1.0,0,1,0,0,29.67,2.66,13.296,0.18,0
ACC-2026-0437,0849638231,2025-08,Fonctionnaire,365.66,51,0.153,3,0,1.0,0,0,0,0,8.06,1.22,45.708,0.18,0
ACC-2026-0437,0849638231,2025-09,Fonctionnaire,365.66,52,0.153,4,0,1.0,0,0,0,0,8.6,1.22,45.708,0.18,0
ACC-2026-0437,0849638231,2025-10,Fonctionnaire,365.66,53,0.153,5,0,1.0,0,0,0,0,8.39,1.22,45.708,0.18,0
ACC-2026-0437,0849638231,2025-11,Fonctionnaire,365.66,54,0.153,6,0,1.0,0,0,0,0,8.16,1.22,45.708,0.18,0
ACC-2026-0437,0849638231,2025-12,Fonctionnaire,365.66,55,0.153,7,0,1.0,0,0,0,0,8.13,1.22,45.708,0.18,0
ACC-2026-0437,0849638231,2026-01,Fonctionnaire,365.66,56,0.153,8,0,1.0,0,0,0,0,7.6,1.22,45.708,0.18,0
ACC-2026-0437,0849638231,2026-02,Fonctionnaire,365.66,57,0.153,9,0,1.0,0,0,0,0,7.77,1.22,45.708,0.18,0
ACC-2026-0437,0849638231,2026-03,Fonctionnaire,365.66,58,0.153,10,0,1.0,0,0,0,0,7.73,1.22,45.708,0.18,0
ACC-2026-0437,0849638231,2026-04,Fonctionnaire,365.66,59,0.153,11,0,1.0,0,0,0,0,7.86,1.22,45.708,0.18,0
ACC-2026-0437,0849638231,2026-05,Fonctionnaire,365.66,60,0.153,12,0,1.0,0,0,0,0,8.58,1.22,45.708,0.18,0
ACC-2026-0437,0849638231,2026-06,Fonctionnaire,365.66,61,0.153,13,0,1.0,0,0,0,0,8.47,1.22,45.708,0.18,0
ACC-2026-0437,0849638231,2026-07,Fonctionnaire,365.66,62,0.153,14,0,1.0,0,0,0,0,7.46,1.22,45.708,0.18,0
ACC-2026-0438,0849817804,2025-08,Commercant independant,283.28,8,0.14,0,0,0.0,0,0,1,365,30.5,4.19,9.443,0.36,0
ACC-2026-0438,0849817804,2025-09,Commercant independant,283.28,9,0.14,1,0,0.5,0,0,1,0,30.11,4.19,9.443,0.36,0
ACC-2026-0438,0849817804,2025-10,Commercant independant,283.28,10,0.14,2,0,0.667,0,0,1,0,30.67,4.19,9.443,0.36,0
ACC-2026-0438,0849817804,2025-11,Commercant independant,283.28,11,0.14,3,0,0.75,0,0,1,0,31.31,4.19,9.443,0.36,1
ACC-2026-0438,0849817804,2025-12,Commercant independant,283.28,12,0.14,4,0,0.8,0,0,1,0,31.81,4.19,9.443,0.36,1
ACC-2026-0438,0849817804,2026-01,Commercant independant,283.28,13,0.14,5,0,0.833,0,0,1,0,29.48,4.19,9.443,0.36,0
ACC-2026-0438,0849817804,2026-02,Commercant independant,283.28,14,0.14,6,0,0.857,0,0,1,0,31.22,4.19,9.443,0.36,0
ACC-2026-0438,0849817804,2026-03,Commercant independant,283.28,15,0.14,7,0,0.875,0,0,1,0,28.32,4.19,9.443,0.36,0
ACC-2026-0438,0849817804,2026-04,Commercant independant,283.28,16,0.14,8,0,0.889,0,0,1,0,30.5,4.19,9.443,0.36,0
ACC-2026-0438,0849817804,2026-05,Commercant independant,283.28,17,0.14,8,0,0.8,0,0,2,30,28.41,4.19,9.443,0.36,0
ACC-2026-0438,0849817804,2026-06,Commercant independant,283.28,18,0.14,9,0,0.818,0,0,2,0,28.54,7.79,9.443,0.36,0
ACC-2026-0438,0849817804,2026-07,Commercant independant,283.28,19,0.14,10,0,0.833,0,0,2,0,31.94,7.79,9.443,0.36,0
ACC-2026-0439,0845354733,2025-08,Agriculteur,238.23,61,0.229,1,0,1.0,0,0,0,0,29.17,12.26,7.941,0.46,0
ACC-2026-0439,0845354733,2025-09,Agriculteur,238.23,62,0.229,2,0,1.0,0,0,0,0,31.26,12.26,7.941,0.46,0
ACC-2026-0439,0845354733,2025-10,Agriculteur,238.23,63,0.229,3,0,1.0,0,0,0,0,29.36,12.26,7.941,0.46,0
ACC-2026-0439,0845354733,2025-11,Agriculteur,238.23,64,0.229,4,0,1.0,0,0,0,0,27.84,12.26,7.941,0.46,0
ACC-2026-0439,0845354733,2025-12,Agriculteur,238.23,65,0.229,5,0,1.0,0,0,0,0,29.34,12.26,7.941,0.46,0
ACC-2026-0439,0845354733,2026-01,Agriculteur,238.23,66,0.229,6,0,1.0,0,0,0,0,29.19,12.26,7.941,0.46,0
ACC-2026-0439,0845354733,2026-02,Agriculteur,238.23,67,0.229,7,0,1.0,0,0,0,0,30.24,12.26,7.941,0.46,0
ACC-2026-0439,0845354733,2026-03,Agriculteur,238.23,68,0.229,8,0,1.0,0,0,0,0,31.8,12.26,7.941,0.46,0
ACC-2026-0439,0845354733,2026-04,Agriculteur,238.23,69,0.229,9,0,1.0,0,0,0,0,28.55,12.26,7.941,0.46,0
ACC-2026-0439,0845354733,2026-05,Agriculteur,238.23,70,0.229,10,0,1.0,0,0,0,0,32.11,12.26,7.941,0.46,0
ACC-2026-0439,0845354733,2026-06,Agriculteur,238.23,71,0.229,11,0,1.0,0,0,0,0,28.37,12.26,7.941,0.46,0
ACC-2026-0439,0845354733,2026-07,Agriculteur,238.23,72,0.229,12,0,1.0,0,0,0,0,29.48,12.26,7.941,0.46,0
ACC-2026-0440,0843588010,2025-08,Fonctionnaire,346.87,59,0.059,3,0,0.0,0,0,1,365,20.03,1.19,17.343,0.18,1
ACC-2026-0440,0843588010,2025-09,Fonctionnaire,346.87,60,0.059,4,0,0.5,0,0,1,0,20.48,1.19,17.343,0.18,0
ACC-2026-0440,0843588010,2025-10,Fonctionnaire,346.87,61,0.059,5,0,0.667,0,0,1,0,21.05,1.19,17.343,0.18,0
ACC-2026-0440,0843588010,2025-11,Fonctionnaire,346.87,62,0.059,6,0,0.75,0,0,1,0,19.78,1.19,17.343,0.18,0
ACC-2026-0440,0843588010,2025-12,Fonctionnaire,346.87,63,0.059,7,0,0.8,0,0,1,0,19.54,1.19,17.343,0.18,0
ACC-2026-0440,0843588010,2026-01,Fonctionnaire,346.87,64,0.059,8,0,0.833,0,0,1,0,18.59,1.19,17.343,0.18,1
ACC-2026-0440,0843588010,2026-02,Fonctionnaire,346.87,65,0.059,9,0,0.857,0,0,1,0,19.26,1.19,17.343,0.18,0
ACC-2026-0440,0843588010,2026-03,Fonctionnaire,346.87,66,0.059,9,0,0.75,0,0,2,30,19.87,1.19,17.343,0.18,0
ACC-2026-0440,0843588010,2026-04,Fonctionnaire,346.87,67,0.059,10,0,0.778,0,0,2,0,20.83,3.59,17.343,0.18,0
ACC-2026-0440,0843588010,2026-05,Fonctionnaire,346.87,68,0.059,11,0,0.8,0,0,2,0,21.33,3.59,17.343,0.18,0
ACC-2026-0440,0843588010,2026-06,Fonctionnaire,346.87,69,0.059,12,0,0.818,0,0,2,0,19.41,3.59,17.343,0.18,0
ACC-2026-0440,0843588010,2026-07,Fonctionnaire,346.87,70,0.059,13,0,0.833,0,0,2,0,21.5,3.59,17.343,0.18,0
ACC-2026-0441,0841479448,2025-08,Fonctionnaire,453.74,45,0.058,2,0,1.0,0,0,0,0,8.17,0.46,56.718,0.18,0
ACC-2026-0441,0841479448,2025-09,Fonctionnaire,453.74,46,0.058,3,0,1.0,0,0,0,0,8.59,0.46,56.718,0.18,0
ACC-2026-0441,0841479448,2025-10,Fonctionnaire,453.74,47,0.058,4,0,1.0,0,0,0,0,7.44,0.46,56.718,0.18,0
ACC-2026-0441,0841479448,2025-11,Fonctionnaire,453.74,48,0.058,5,0,1.0,0,0,0,0,8.24,0.46,56.718,0.18,0
ACC-2026-0441,0841479448,2025-12,Fonctionnaire,453.74,49,0.058,6,0,1.0,0,0,0,0,8.15,0.46,56.718,0.18,0
ACC-2026-0441,0841479448,2026-01,Fonctionnaire,453.74,50,0.058,7,0,1.0,0,0,0,0,8.28,0.46,56.718,0.18,0
ACC-2026-0441,0841479448,2026-02,Fonctionnaire,453.74,51,0.058,8,0,1.0,0,0,0,0,7.81,0.46,56.718,0.18,0
ACC-2026-0441,0841479448,2026-03,Fonctionnaire,453.74,52,0.058,9,0,1.0,0,0,0,0,7.82,0.46,56.718,0.18,0
ACC-2026-0441,0841479448,2026-04,Fonctionnaire,453.74,53,0.058,10,0,1.0,0,0,0,0,7.92,0.46,56.718,0.18,0
ACC-2026-0441,0841479448,2026-05,Fonctionnaire,453.74,54,0.058,11,0,1.0,0,0,0,0,7.8,0.46,56.718,0.18,0
ACC-2026-0441,0841479448,2026-06,Fonctionnaire,453.74,55,0.058,12,0,1.0,0,0,0,0,8.04,0.46,56.718,0.18,0
ACC-2026-0441,0841479448,2026-07,Fonctionnaire,453.74,56,0.058,13,0,1.0,0,0,0,0,7.8,0.46,56.718,0.18,0
ACC-2026-0442,0848237504,2025-08,Sans emploi,310.01,11,0.308,1,0,1.0,0,1,0,0,25.66,7.7,12.4,0.78,0
ACC-2026-0442,0848237504,2025-09,Sans emploi,310.01,12,0.308,2,0,1.0,0,1,0,0,26.02,7.7,12.4,0.78,0
ACC-2026-0442,0848237504,2025-10,Sans emploi,310.01,13,0.308,2,0,0.667,0,1,1,30,26.06,7.7,12.4,0.78,0
ACC-2026-0442,0848237504,2025-11,Sans emploi,310.01,14,0.308,3,0,0.75,0,1,1,0,24.66,7.7,12.4,0.78,0
ACC-2026-0442,0848237504,2025-12,Sans emploi,310.01,15,0.308,4,0,0.8,0,1,1,0,26.99,7.7,12.4,0.78,1
ACC-2026-0442,0848237504,2026-01,Sans emploi,310.01,16,0.308,5,0,0.833,0,1,1,0,24.9,7.7,12.4,0.78,0
ACC-2026-0442,0848237504,2026-02,Sans emploi,310.01,17,0.308,6,0,0.857,0,1,1,0,25.99,7.7,12.4,0.78,0
ACC-2026-0442,0848237504,2026-03,Sans emploi,310.01,18,0.308,7,0,0.875,0,2,1,0,26.01,7.7,12.4,0.78,0
ACC-2026-0442,0848237504,2026-04,Sans emploi,310.01,19,0.308,8,0,0.889,0,3,1,0,25.62,7.7,12.4,0.78,1
ACC-2026-0442,0848237504,2026-05,Sans emploi,310.01,20,0.308,9,1,0.9,0,3,1,0,25.28,7.7,12.4,0.78,0
ACC-2026-0442,0848237504,2026-06,Sans emploi,310.01,21,0.308,10,0,0.909,0,3,1,0,23.94,10.7,12.4,0.78,0
ACC-2026-0442,0848237504,2026-07,Sans emploi,310.01,22,0.308,11,0,0.917,0,4,1,0,26.76,7.7,12.4,0.78,1
ACC-2026-0443,0846535309,2025-08,Agriculteur,356.4,17,0.24,4,0,1.0,0,0,0,0,30.85,7.19,11.88,0.46,0
ACC-2026-0443,0846535309,2025-09,Agriculteur,356.4,18,0.24,5,0,1.0,0,0,0,0,28.95,7.19,11.88,0.46,0
ACC-2026-0443,0846535309,2025-10,Agriculteur,356.4,19,0.24,6,0,1.0,0,0,0,0,30.15,7.19,11.88,0.46,0
ACC-2026-0443,0846535309,2025-11,Agriculteur,356.4,20,0.24,7,0,1.0,0,0,0,0,28.03,7.19,11.88,0.46,0
ACC-2026-0443,0846535309,2025-12,Agriculteur,356.4,21,0.24,8,0,1.0,0,0,0,0,30.52,7.19,11.88,0.46,0
ACC-2026-0443,0846535309,2026-01,Agriculteur,356.4,22,0.24,8,0,0.833,0,0,1,30,30.86,7.19,11.88,0.46,0
ACC-2026-0443,0846535309,2026-02,Agriculteur,356.4,23,0.24,9,0,0.857,0,0,1,0,28.78,7.19,11.88,0.46,0
ACC-2026-0443,0846535309,2026-03,Agriculteur,356.4,24,0.24,10,0,0.875,0,0,1,0,29.42,7.19,11.88,0.46,0
ACC-2026-0443,0846535309,2026-04,Agriculteur,356.4,25,0.24,10,0,0.778,1,0,1,30,29.19,7.19,11.88,0.46,0
ACC-2026-0443,0846535309,2026-05,Agriculteur,356.4,26,0.24,11,0,0.8,1,0,1,0,28.53,7.19,11.88,0.46,0
ACC-2026-0443,0846535309,2026-06,Agriculteur,356.4,27,0.24,12,0,0.818,1,0,1,0,29.04,7.19,11.88,0.46,0
ACC-2026-0443,0846535309,2026-07,Agriculteur,356.4,28,0.24,13,0,0.833,1,0,1,0,31.42,7.19,11.88,0.46,0
ACC-2026-0444,0843630384,2025-08,Chauffeur,225.4,62,0.128,1,0,1.0,0,0,0,0,19.71,2.56,11.27,0.42,0
ACC-2026-0444,0843630384,2025-09,Chauffeur,225.4,63,0.128,2,0,1.0,0,0,0,0,19.9,2.56,11.27,0.42,0
ACC-2026-0444,0843630384,2025-10,Chauffeur,225.4,64,0.128,3,0,1.0,0,0,0,0,20.99,2.56,11.27,0.42,0
ACC-2026-0444,0843630384,2025-11,Chauffeur,225.4,65,0.128,4,0,1.0,0,0,0,0,18.76,2.56,11.27,0.42,0
ACC-2026-0444,0843630384,2025-12,Chauffeur,225.4,66,0.128,5,0,1.0,0,0,0,0,18.57,2.56,11.27,0.42,0
ACC-2026-0444,0843630384,2026-01,Chauffeur,225.4,67,0.128,6,0,1.0,0,0,0,0,18.9,2.56,11.27,0.42,0
ACC-2026-0444,0843630384,2026-02,Chauffeur,225.4,68,0.128,7,0,1.0,0,0,0,0,18.64,2.56,11.27,0.42,0
ACC-2026-0444,0843630384,2026-03,Chauffeur,225.4,69,0.128,8,0,1.0,0,0,0,0,20.89,2.56,11.27,0.42,1
ACC-2026-0444,0843630384,2026-04,Chauffeur,225.4,70,0.128,9,0,1.0,0,0,0,0,20.04,2.56,11.27,0.42,1
ACC-2026-0444,0843630384,2026-05,Chauffeur,225.4,71,0.128,10,0,1.0,0,0,0,0,19.51,2.56,11.27,0.42,0
ACC-2026-0444,0843630384,2026-06,Chauffeur,225.4,72,0.128,11,0,1.0,0,0,0,0,19.59,2.56,11.27,0.42,0
ACC-2026-0444,0843630384,2026-07,Chauffeur,225.4,73,0.128,12,0,1.0,0,0,0,0,18.43,2.56,11.27,0.42,1
ACC-2026-0445,0847329770,2025-08,Agriculteur,202.34,72,0.132,2,0,1.0,0,0,0,0,24.24,3.31,8.094,0.46,0
ACC-2026-0445,0847329770,2025-09,Agriculteur,202.34,73,0.132,3,0,1.0,0,0,0,0,25.01,3.31,8.094,0.46,0
ACC-2026-0445,0847329770,2025-10,Agriculteur,202.34,74,0.132,4,0,1.0,0,0,0,0,26.12,3.31,8.094,0.46,0
ACC-2026-0445,0847329770,2025-11,Agriculteur,202.34,75,0.132,5,0,1.0,0,0,0,0,23.82,3.31,8.094,0.46,0
ACC-2026-0445,0847329770,2025-12,Agriculteur,202.34,76,0.132,6,0,1.0,0,0,0,0,24.19,3.31,8.094,0.46,0
ACC-2026-0445,0847329770,2026-01,Agriculteur,202.34,77,0.132,7,0,1.0,0,0,0,0,26.16,3.31,8.094,0.46,0
ACC-2026-0445,0847329770,2026-02,Agriculteur,202.34,78,0.132,8,0,1.0,0,0,0,0,23.97,3.31,8.094,0.46,0
ACC-2026-0445,0847329770,2026-03,Agriculteur,202.34,79,0.132,9,0,1.0,0,0,0,0,23.19,3.31,8.094,0.46,0
ACC-2026-0445,0847329770,2026-04,Agriculteur,202.34,80,0.132,10,0,1.0,0,0,0,0,24.5,3.31,8.094,0.46,0
ACC-2026-0445,0847329770,2026-05,Agriculteur,202.34,81,0.132,11,0,1.0,0,0,0,0,23.39,3.31,8.094,0.46,0
ACC-2026-0445,0847329770,2026-06,Agriculteur,202.34,82,0.132,12,0,1.0,0,0,0,0,23.94,3.31,8.094,0.46,0
ACC-2026-0445,0847329770,2026-07,Agriculteur,202.34,83,0.132,13,0,1.0,0,0,0,0,25.92,3.31,8.094,0.46,0
ACC-2026-0446,0849774012,2025-08,Enseignant,358.64,53,0.085,1,0,1.0,0,0,0,0,10.1,0.85,35.864,0.22,0
ACC-2026-0446,0849774012,2025-09,Enseignant,358.64,54,0.085,2,0,1.0,0,0,0,0,9.97,0.85,35.864,0.22,0
ACC-2026-0446,0849774012,2025-10,Enseignant,358.64,55,0.085,2,0,0.667,0,0,1,30,10.4,0.85,35.864,0.22,0
ACC-2026-0446,0849774012,2025-11,Enseignant,358.64,56,0.085,3,0,0.75,0,0,1,0,9.97,0.85,35.864,0.22,0
ACC-2026-0446,0849774012,2025-12,Enseignant,358.64,57,0.085,4,0,0.8,0,0,1,0,9.61,0.85,35.864,0.22,0
ACC-2026-0446,0849774012,2026-01,Enseignant,358.64,58,0.085,5,0,0.833,0,0,1,0,10.66,0.85,35.864,0.22,0
ACC-2026-0446,0849774012,2026-02,Enseignant,358.64,59,0.085,6,0,0.857,0,0,1,0,9.78,0.85,35.864,0.22,0
ACC-2026-0446,0849774012,2026-03,Enseignant,358.64,60,0.085,7,0,0.875,0,0,1,0,10.54,0.85,35.864,0.22,0
ACC-2026-0446,0849774012,2026-04,Enseignant,358.64,61,0.085,8,0,0.889,0,0,1,0,10.05,0.85,35.864,0.22,0
ACC-2026-0446,0849774012,2026-05,Enseignant,358.64,62,0.085,9,0,0.9,0,0,1,0,10.41,0.85,35.864,0.22,0
ACC-2026-0446,0849774012,2026-06,Enseignant,358.64,63,0.085,10,0,0.909,0,0,1,0,9.62,0.85,35.864,0.22,0
ACC-2026-0446,0849774012,2026-07,Enseignant,358.64,64,0.085,11,0,0.917,0,0,1,0,9.83,0.85,35.864,0.22,0
ACC-2026-0447,0844121642,2025-08,Commercant independant,273.99,58,0.191,1,0,1.0,0,0,0,0,30.84,5.74,9.133,0.36,0
ACC-2026-0447,0844121642,2025-09,Commercant independant,273.99,59,0.191,2,0,1.0,0,0,0,0,28.75,5.74,9.133,0.36,0
ACC-2026-0447,0844121642,2025-10,Commercant independant,273.99,60,0.191,3,0,1.0,0,0,0,0,31.27,5.74,9.133,0.36,0
ACC-2026-0447,0844121642,2025-11,Commercant independant,273.99,61,0.191,4,0,1.0,0,0,0,0,32.11,5.74,9.133,0.36,0
ACC-2026-0447,0844121642,2025-12,Commercant independant,273.99,62,0.191,5,0,1.0,0,0,0,0,28.54,5.74,9.133,0.36,0
ACC-2026-0447,0844121642,2026-01,Commercant independant,273.99,63,0.191,6,0,1.0,0,0,0,0,31.55,5.74,9.133,0.36,0
ACC-2026-0447,0844121642,2026-02,Commercant independant,273.99,64,0.191,7,0,1.0,0,0,0,0,30.75,5.74,9.133,0.36,0
ACC-2026-0447,0844121642,2026-03,Commercant independant,273.99,65,0.191,8,0,1.0,0,0,0,0,32.21,5.74,9.133,0.36,0
ACC-2026-0447,0844121642,2026-04,Commercant independant,273.99,66,0.191,9,0,1.0,0,0,0,0,28.44,5.74,9.133,0.36,0
ACC-2026-0447,0844121642,2026-05,Commercant independant,273.99,67,0.191,9,0,0.9,0,0,1,30,32.17,5.74,9.133,0.36,0
ACC-2026-0447,0844121642,2026-06,Commercant independant,273.99,68,0.191,10,0,0.909,0,0,1,0,28.06,5.74,9.133,0.36,0
ACC-2026-0447,0844121642,2026-07,Commercant independant,273.99,69,0.191,11,0,0.917,0,0,1,0,28.49,5.74,9.133,0.36,0
ACC-2026-0448,0847656899,2025-08,Sans emploi,227.78,54,0.413,4,0,1.0,0,0,0,0,9.24,4.13,22.778,0.78,0
ACC-2026-0448,0847656899,2025-09,Sans emploi,227.78,55,0.413,5,0,1.0,0,0,0,0,10.1,4.13,22.778,0.78,0
ACC-2026-0448,0847656899,2025-10,Sans emploi,227.78,56,0.413,6,0,1.0,0,0,0,0,9.55,4.13,22.778,0.78,0
ACC-2026-0448,0847656899,2025-11,Sans emploi,227.78,57,0.413,7,0,1.0,0,0,0,0,9.25,4.13,22.778,0.78,0
ACC-2026-0448,0847656899,2025-12,Sans emploi,227.78,58,0.413,8,0,1.0,0,0,0,0,10.23,4.13,22.778,0.78,0
ACC-2026-0448,0847656899,2026-01,Sans emploi,227.78,59,0.413,9,0,1.0,0,0,0,0,10.42,4.13,22.778,0.78,0
ACC-2026-0448,0847656899,2026-02,Sans emploi,227.78,60,0.413,10,0,1.0,0,0,0,0,10.45,4.13,22.778,0.78,0
ACC-2026-0448,0847656899,2026-03,Sans emploi,227.78,61,0.413,11,0,1.0,0,1,0,0,10.23,4.13,22.778,0.78,1
ACC-2026-0448,0847656899,2026-04,Sans emploi,227.78,62,0.413,12,0,1.0,0,1,0,0,9.56,4.13,22.778,0.78,0
ACC-2026-0448,0847656899,2026-05,Sans emploi,227.78,63,0.413,12,0,0.9,0,1,1,30,10.39,4.13,22.778,0.78,0
ACC-2026-0448,0847656899,2026-06,Sans emploi,227.78,64,0.413,12,0,0.818,0,1,2,60,9.92,4.13,22.778,0.78,0
ACC-2026-0448,0847656899,2026-07,Sans emploi,227.78,65,0.413,13,0,0.833,0,1,2,0,10.03,5.33,22.778,0.78,0
ACC-2026-0449,0848488510,2025-08,Agriculteur,339.56,7,0.181,4,0,1.0,0,0,0,0,20.73,3.61,16.978,0.46,0
ACC-2026-0449,0848488510,2025-09,Agriculteur,339.56,8,0.181,5,0,1.0,0,0,0,0,20.24,3.61,16.978,0.46,0
ACC-2026-0449,0848488510,2025-10,Agriculteur,339.56,9,0.181,6,0,1.0,0,0,0,0,20.32,3.61,16.978,0.46,0
ACC-2026-0449,0848488510,2025-11,Agriculteur,339.56,10,0.181,7,0,1.0,0,0,0,0,19.97,3.61,16.978,0.46,0
ACC-2026-0449,0848488510,2025-12,Agriculteur,339.56,11,0.181,8,0,1.0,0,0,0,0,19.47,3.61,16.978,0.46,0
ACC-2026-0449,0848488510,2026-01,Agriculteur,339.56,12,0.181,9,0,1.0,0,0,0,0,20.38,3.61,16.978,0.46,0
ACC-2026-0449,0848488510,2026-02,Agriculteur,339.56,13,0.181,10,0,1.0,0,0,0,0,18.43,3.61,16.978,0.46,0
ACC-2026-0449,0848488510,2026-03,Agriculteur,339.56,14,0.181,11,0,1.0,0,0,0,0,21.13,3.61,16.978,0.46,0
ACC-2026-0449,0848488510,2026-04,Agriculteur,339.56,15,0.181,12,0,1.0,0,0,0,0,18.7,3.61,16.978,0.46,0
ACC-2026-0449,0848488510,2026-05,Agriculteur,339.56,16,0.181,13,0,1.0,0,0,0,0,19.88,3.61,16.978,0.46,0
ACC-2026-0449,0848488510,2026-06,Agriculteur,339.56,17,0.181,14,0,1.0,0,0,0,0,18.97,3.61,16.978,0.46,0
ACC-2026-0449,0848488510,2026-07,Agriculteur,339.56,18,0.181,15,0,1.0,0,0,0,0,19.38,3.61,16.978,0.46,0
ACC-2026-0450,0849508004,2025-08,Fonctionnaire,179.91,28,0.137,5,0,1.0,0,0,0,0,26.55,7.94,7.196,0.18,0
ACC-2026-0450,0849508004,2025-09,Fonctionnaire,179.91,29,0.137,6,0,1.0,0,0,0,0,25.79,7.94,7.196,0.18,1
ACC-2026-0450,0849508004,2025-10,Fonctionnaire,179.91,30,0.137,7,0,1.0,0,0,0,0,25.0,7.94,7.196,0.18,0
ACC-2026-0450,0849508004,2025-11,Fonctionnaire,179.91,31,0.137,8,0,1.0,0,0,0,0,25.73,7.94,7.196,0.18,0
ACC-2026-0450,0849508004,2025-12,Fonctionnaire,179.91,32,0.137,9,0,1.0,0,0,0,0,25.76,7.94,7.196,0.18,1
ACC-2026-0450,0849508004,2026-01,Fonctionnaire,179.91,33,0.137,10,0,1.0,0,0,0,0,23.31,7.94,7.196,0.18,0
ACC-2026-0450,0849508004,2026-02,Fonctionnaire,179.91,34,0.137,11,0,1.0,0,0,0,0,23.15,7.94,7.196,0.18,0
ACC-2026-0450,0849508004,2026-03,Fonctionnaire,179.91,35,0.137,12,0,1.0,0,0,0,0,23.23,7.94,7.196,0.18,1
ACC-2026-0450,0849508004,2026-04,Fonctionnaire,179.91,36,0.137,13,0,1.0,0,0,0,0,24.18,7.94,7.196,0.18,0
ACC-2026-0450,0849508004,2026-05,Fonctionnaire,179.91,37,0.137,14,0,1.0,0,0,0,0,25.78,7.94,7.196,0.18,0
ACC-2026-0450,0849508004,2026-06,Fonctionnaire,179.91,38,0.137,15,0,1.0,0,0,0,0,25.39,7.94,7.196,0.18,0
ACC-2026-0450,0849508004,2026-07,Fonctionnaire,179.91,39,0.137,16,0,1.0,0,1,0,0,24.93,7.94,7.196,0.18,0
ACC-2026-0451,0843585824,2025-08,Enseignant,277.94,44,0.089,3,0,1.0,0,0,0,0,8.13,0.71,34.742,0.22,0
ACC-2026-0451,0843585824,2025-09,Enseignant,277.94,45,0.089,4,0,1.0,0,0,0,0,7.45,0.71,34.742,0.22,0
ACC-2026-0451,0843585824,2025-10,Enseignant,277.94,46,0.089,5,0,1.0,0,0,0,0,7.69,0.71,34.742,0.22,0
ACC-2026-0451,0843585824,2025-11,Enseignant,277.94,47,0.089,6,0,1.0,0,0,0,0,8.56,0.71,34.742,0.22,0
ACC-2026-0451,0843585824,2025-12,Enseignant,277.94,48,0.089,7,0,1.0,0,0,0,0,7.88,0.71,34.742,0.22,0
ACC-2026-0451,0843585824,2026-01,Enseignant,277.94,49,0.089,8,0,1.0,0,0,0,0,8.09,0.71,34.742,0.22,0
ACC-2026-0451,0843585824,2026-02,Enseignant,277.94,50,0.089,9,0,1.0,0,0,0,0,8.29,0.71,34.742,0.22,0
ACC-2026-0451,0843585824,2026-03,Enseignant,277.94,51,0.089,10,0,1.0,0,0,0,0,7.86,0.71,34.742,0.22,0
ACC-2026-0451,0843585824,2026-04,Enseignant,277.94,52,0.089,10,0,0.889,0,0,1,30,8.35,0.71,34.742,0.22,0
ACC-2026-0451,0843585824,2026-05,Enseignant,277.94,53,0.089,11,0,0.9,0,0,1,0,7.79,0.71,34.742,0.22,1
ACC-2026-0451,0843585824,2026-06,Enseignant,277.94,54,0.089,12,0,0.909,0,0,1,0,8.25,0.71,34.742,0.22,0
ACC-2026-0451,0843585824,2026-07,Enseignant,277.94,55,0.089,13,0,0.917,0,0,1,0,7.95,0.71,34.742,0.22,0
ACC-2026-0452,0841538723,2025-08,Chauffeur,515.5,23,0.126,4,0,1.0,0,0,0,0,31.88,3.79,17.183,0.42,0
ACC-2026-0452,0841538723,2025-09,Chauffeur,515.5,24,0.126,5,0,1.0,0,0,0,0,29.61,3.79,17.183,0.42,0
ACC-2026-0452,0841538723,2025-10,Chauffeur,515.5,25,0.126,6,0,1.0,0,0,0,0,32.22,3.79,17.183,0.42,0
ACC-2026-0452,0841538723,2025-11,Chauffeur,515.5,26,0.126,7,0,1.0,0,0,0,0,29.9,3.79,17.183,0.42,0
ACC-2026-0452,0841538723,2025-12,Chauffeur,515.5,27,0.126,8,0,1.0,0,0,0,0,29.01,3.79,17.183,0.42,0
ACC-2026-0452,0841538723,2026-01,Chauffeur,515.5,28,0.126,9,0,1.0,0,0,0,0,30.72,3.79,17.183,0.42,0
ACC-2026-0452,0841538723,2026-02,Chauffeur,515.5,29,0.126,10,0,1.0,0,0,0,0,28.05,3.79,17.183,0.42,0
ACC-2026-0452,0841538723,2026-03,Chauffeur,515.5,30,0.126,11,0,1.0,0,0,0,0,28.7,3.79,17.183,0.42,0
ACC-2026-0452,0841538723,2026-04,Chauffeur,515.5,31,0.126,12,0,1.0,0,0,0,0,28.49,3.79,17.183,0.42,0
ACC-2026-0452,0841538723,2026-05,Chauffeur,515.5,32,0.126,13,0,1.0,0,0,0,0,28.05,3.79,17.183,0.42,0
ACC-2026-0452,0841538723,2026-06,Chauffeur,515.5,33,0.126,14,0,1.0,0,0,0,0,28.89,3.79,17.183,0.42,0
ACC-2026-0452,0841538723,2026-07,Chauffeur,515.5,34,0.126,15,0,1.0,0,0,0,0,28.9,3.79,17.183,0.42,0
ACC-2026-0453,0843639759,2025-08,Agriculteur,315.84,48,0.239,3,0,1.0,0,0,0,0,7.81,1.91,39.48,0.46,1
ACC-2026-0453,0843639759,2025-09,Agriculteur,315.84,49,0.239,4,0,1.0,0,0,0,0,8.02,1.91,39.48,0.46,0
ACC-2026-0453,0843639759,2025-10,Agriculteur,315.84,50,0.239,5,0,1.0,0,0,0,0,7.71,1.91,39.48,0.46,0
ACC-2026-0453,0843639759,2025-11,Agriculteur,315.84,51,0.239,5,0,0.75,1,0,0,30,7.99,1.91,39.48,0.46,0
ACC-2026-0453,0843639759,2025-12,Agriculteur,315.84,52,0.239,6,0,0.8,1,0,0,0,8.51,1.91,39.48,0.46,0
ACC-2026-0453,0843639759,2026-01,Agriculteur,315.84,53,0.239,7,0,0.833,1,0,0,0,7.53,1.91,39.48,0.46,0
ACC-2026-0453,0843639759,2026-02,Agriculteur,315.84,54,0.239,8,0,0.857,1,0,0,0,8.16,1.91,39.48,0.46,0
ACC-2026-0453,0843639759,2026-03,Agriculteur,315.84,55,0.239,9,0,0.875,1,0,0,0,7.46,1.91,39.48,0.46,0
ACC-2026-0453,0843639759,2026-04,Agriculteur,315.84,56,0.239,9,0,0.778,1,0,1,30,7.62,1.91,39.48,0.46,0
ACC-2026-0453,0843639759,2026-05,Agriculteur,315.84,57,0.239,10,0,0.8,1,0,1,0,8.1,1.91,39.48,0.46,1
ACC-2026-0453,0843639759,2026-06,Agriculteur,315.84,58,0.239,11,0,0.818,1,0,1,0,7.67,1.91,39.48,0.46,0
ACC-2026-0453,0843639759,2026-07,Agriculteur,315.84,59,0.239,12,0,0.833,1,0,1,0,8.56,1.91,39.48,0.46,0
ACC-2026-0454,0843816575,2025-08,Chauffeur,482.55,30,0.195,1,0,1.0,0,0,0,0,9.35,1.95,48.255,0.42,0
ACC-2026-0454,0843816575,2025-09,Chauffeur,482.55,31,0.195,2,0,1.0,0,0,0,0,9.51,1.95,48.255,0.42,0
ACC-2026-0454,0843816575,2025-10,Chauffeur,482.55,32,0.195,3,0,1.0,0,0,0,0,10.45,1.95,48.255,0.42,0
ACC-2026-0454,0843816575,2025-11,Chauffeur,482.55,33,0.195,4,0,1.0,0,0,0,0,9.44,1.95,48.255,0.42,0
ACC-2026-0454,0843816575,2025-12,Chauffeur,482.55,34,0.195,5,0,1.0,0,0,0,0,10.39,1.95,48.255,0.42,0
ACC-2026-0454,0843816575,2026-01,Chauffeur,482.55,35,0.195,6,0,1.0,0,0,0,0,10.28,1.95,48.255,0.42,0
ACC-2026-0454,0843816575,2026-02,Chauffeur,482.55,36,0.195,7,0,1.0,0,0,0,0,9.53,1.95,48.255,0.42,0
ACC-2026-0454,0843816575,2026-03,Chauffeur,482.55,37,0.195,8,0,1.0,0,0,0,0,9.81,1.95,48.255,0.42,0
ACC-2026-0454,0843816575,2026-04,Chauffeur,482.55,38,0.195,8,0,0.889,0,0,1,30,9.9,1.95,48.255,0.42,0
ACC-2026-0454,0843816575,2026-05,Chauffeur,482.55,39,0.195,9,0,0.9,0,0,1,0,9.6,1.95,48.255,0.42,0
ACC-2026-0454,0843816575,2026-06,Chauffeur,482.55,40,0.195,10,0,0.909,0,0,1,0,9.41,1.95,48.255,0.42,1
ACC-2026-0454,0843816575,2026-07,Chauffeur,482.55,41,0.195,11,0,0.917,0,0,1,0,9.74,1.95,48.255,0.42,0
ACC-2026-0455,0846828339,2025-08,Enseignant,379.03,67,0.177,5,0,1.0,0,0,0,0,26.94,4.43,15.161,0.22,0
ACC-2026-0455,0846828339,2025-09,Enseignant,379.03,68,0.177,5,0,0.5,0,0,1,30,25.28,4.43,15.161,0.22,0
ACC-2026-0455,0846828339,2025-10,Enseignant,379.03,69,0.177,6,0,0.667,0,0,1,0,24.13,4.43,15.161,0.22,0
ACC-2026-0455,0846828339,2025-11,Enseignant,379.03,70,0.177,7,0,0.75,0,0,1,0,24.88,4.43,15.161,0.22,0
ACC-2026-0455,0846828339,2025-12,Enseignant,379.03,71,0.177,8,0,0.8,0,0,1,0,25.2,4.43,15.161,0.22,1
ACC-2026-0455,0846828339,2026-01,Enseignant,379.03,72,0.177,9,0,0.833,0,0,1,0,25.35,4.43,15.161,0.22,0
ACC-2026-0455,0846828339,2026-02,Enseignant,379.03,73,0.177,10,0,0.857,0,0,1,0,23.85,4.43,15.161,0.22,0
ACC-2026-0455,0846828339,2026-03,Enseignant,379.03,74,0.177,11,0,0.875,0,0,1,0,25.58,4.43,15.161,0.22,0
ACC-2026-0455,0846828339,2026-04,Enseignant,379.03,75,0.177,12,0,0.889,0,0,1,0,24.8,4.43,15.161,0.22,0
ACC-2026-0455,0846828339,2026-05,Enseignant,379.03,76,0.177,13,0,0.9,0,0,1,0,24.63,4.43,15.161,0.22,0
ACC-2026-0455,0846828339,2026-06,Enseignant,379.03,77,0.177,14,0,0.909,0,0,1,0,23.09,4.43,15.161,0.22,0
ACC-2026-0455,0846828339,2026-07,Enseignant,379.03,78,0.177,15,0,0.917,0,0,1,0,23.34,4.43,15.161,0.22,0
ACC-2026-0456,0842376326,2025-08,Fonctionnaire,274.54,28,0.043,4,0,1.0,0,0,0,0,24.57,1.07,10.982,0.18,0
ACC-2026-0456,0842376326,2025-09,Fonctionnaire,274.54,29,0.043,5,0,1.0,0,0,0,0,23.0,1.07,10.982,0.18,0
ACC-2026-0456,0842376326,2025-10,Fonctionnaire,274.54,30,0.043,6,0,1.0,0,0,0,0,26.77,1.07,10.982,0.18,0
ACC-2026-0456,0842376326,2025-11,Fonctionnaire,274.54,31,0.043,7,0,1.0,0,0,0,0,24.04,1.07,10.982,0.18,0
ACC-2026-0456,0842376326,2025-12,Fonctionnaire,274.54,32,0.043,8,0,1.0,0,0,0,0,25.78,1.07,10.982,0.18,0
ACC-2026-0456,0842376326,2026-01,Fonctionnaire,274.54,33,0.043,9,0,1.0,0,0,0,0,26.93,1.07,10.982,0.18,0
ACC-2026-0456,0842376326,2026-02,Fonctionnaire,274.54,34,0.043,10,0,1.0,0,0,0,0,26.97,1.07,10.982,0.18,0
ACC-2026-0456,0842376326,2026-03,Fonctionnaire,274.54,35,0.043,11,0,1.0,0,1,0,0,24.34,1.07,10.982,0.18,0
ACC-2026-0456,0842376326,2026-04,Fonctionnaire,274.54,36,0.043,12,0,1.0,0,1,0,0,26.79,1.07,10.982,0.18,0
ACC-2026-0456,0842376326,2026-05,Fonctionnaire,274.54,37,0.043,13,0,1.0,0,1,0,0,25.85,1.07,10.982,0.18,0
ACC-2026-0456,0842376326,2026-06,Fonctionnaire,274.54,38,0.043,14,0,1.0,0,1,0,0,24.74,1.07,10.982,0.18,0
ACC-2026-0456,0842376326,2026-07,Fonctionnaire,274.54,39,0.043,15,0,1.0,0,1,0,0,26.6,1.07,10.982,0.18,0
ACC-2026-0457,0841558555,2025-08,Vendeur de rue,153.44,31,0.251,4,0,1.0,0,0,0,0,23.69,10.77,6.138,0.62,0
ACC-2026-0457,0841558555,2025-09,Vendeur de rue,153.44,32,0.251,5,0,1.0,0,0,0,0,26.16,10.77,6.138,0.62,0
ACC-2026-0457,0841558555,2025-10,Vendeur de rue,153.44,33,0.251,6,0,1.0,0,0,0,0,25.59,10.77,6.138,0.62,0
ACC-2026-0457,0841558555,2025-11,Vendeur de rue,153.44,34,0.251,7,0,1.0,0,0,0,0,25.24,10.77,6.138,0.62,0
ACC-2026-0457,0841558555,2025-12,Vendeur de rue,153.44,35,0.251,8,0,1.0,0,0,0,0,24.4,10.77,6.138,0.62,0
ACC-2026-0457,0841558555,2026-01,Vendeur de rue,153.44,36,0.251,8,0,0.833,0,0,1,30,23.32,10.77,6.138,0.62,0
ACC-2026-0457,0841558555,2026-02,Vendeur de rue,153.44,37,0.251,9,0,0.857,0,0,1,0,25.4,10.77,6.138,0.62,0
ACC-2026-0457,0841558555,2026-03,Vendeur de rue,153.44,38,0.251,10,0,0.875,0,0,1,0,23.01,10.77,6.138,0.62,0
ACC-2026-0457,0841558555,2026-04,Vendeur de rue,153.44,39,0.251,11,0,0.889,0,0,1,0,23.59,10.77,6.138,0.62,0
ACC-2026-0457,0841558555,2026-05,Vendeur de rue,153.44,40,0.251,12,0,0.9,0,0,1,0,25.1,10.77,6.138,0.62,1
ACC-2026-0457,0841558555,2026-06,Vendeur de rue,153.44,41,0.251,13,0,0.909,0,0,1,0,24.31,10.77,6.138,0.62,0
ACC-2026-0457,0841558555,2026-07,Vendeur de rue,153.44,42,0.251,14,0,0.917,0,0,1,0,23.86,10.77,6.138,0.62,0
ACC-2026-0458,0845331289,2025-08,Commercant independant,544.88,49,0.2,2,0,1.0,0,0,0,0,30.18,6.01,18.163,0.36,0
ACC-2026-0458,0845331289,2025-09,Commercant independant,544.88,50,0.2,3,0,1.0,0,0,0,0,29.71,6.01,18.163,0.36,0
ACC-2026-0458,0845331289,2025-10,Commercant independant,544.88,51,0.2,4,0,1.0,0,0,0,0,31.93,6.01,18.163,0.36,0
ACC-2026-0458,0845331289,2025-11,Commercant independant,544.88,52,0.2,5,0,1.0,0,0,0,0,29.74,6.01,18.163,0.36,0
ACC-2026-0458,0845331289,2025-12,Commercant independant,544.88,53,0.2,6,0,1.0,0,0,0,0,29.65,6.01,18.163,0.36,0
ACC-2026-0458,0845331289,2026-01,Commercant independant,544.88,54,0.2,7,0,1.0,0,0,0,0,32.13,6.01,18.163,0.36,0
ACC-2026-0458,0845331289,2026-02,Commercant independant,544.88,55,0.2,7,0,0.857,0,0,1,30,30.55,6.01,18.163,0.36,0
ACC-2026-0458,0845331289,2026-03,Commercant independant,544.88,56,0.2,8,0,0.875,0,0,1,0,31.51,6.01,18.163,0.36,0
ACC-2026-0458,0845331289,2026-04,Commercant independant,544.88,57,0.2,9,0,0.889,0,0,1,0,29.4,6.01,18.163,0.36,0
ACC-2026-0458,0845331289,2026-05,Commercant independant,544.88,58,0.2,10,0,0.9,0,0,1,0,28.97,6.01,18.163,0.36,0
ACC-2026-0458,0845331289,2026-06,Commercant independant,544.88,59,0.2,11,0,0.909,0,0,1,0,31.67,6.01,18.163,0.36,0
ACC-2026-0458,0845331289,2026-07,Commercant independant,544.88,60,0.2,12,0,0.917,0,0,1,0,31.56,6.01,18.163,0.36,0
ACC-2026-0459,0845026970,2025-08,Commercant independant,230.35,37,0.124,1,0,0.0,0,0,1,365,8.47,1.0,28.794,0.36,1
ACC-2026-0459,0845026970,2025-09,Commercant independant,230.35,38,0.124,2,0,0.5,0,0,1,0,7.93,1.0,28.794,0.36,1
ACC-2026-0459,0845026970,2025-10,Commercant independant,230.35,39,0.124,3,0,0.667,0,0,1,0,7.96,1.0,28.794,0.36,0
ACC-2026-0459,0845026970,2025-11,Commercant independant,230.35,40,0.124,3,0,0.5,1,0,1,30,8.11,1.0,28.794,0.36,0
ACC-2026-0459,0845026970,2025-12,Commercant independant,230.35,41,0.124,4,0,0.6,1,1,1,0,8.45,1.0,28.794,0.36,0
ACC-2026-0459,0845026970,2026-01,Commercant independant,230.35,42,0.124,5,0,0.667,1,1,1,0,7.82,1.0,28.794,0.36,0
ACC-2026-0459,0845026970,2026-02,Commercant independant,230.35,43,0.124,6,0,0.714,1,1,1,0,7.7,1.0,28.794,0.36,0
ACC-2026-0459,0845026970,2026-03,Commercant independant,230.35,44,0.124,7,0,0.75,1,1,1,0,8.2,1.0,28.794,0.36,0
ACC-2026-0459,0845026970,2026-04,Commercant independant,230.35,45,0.124,8,0,0.778,1,1,1,0,8.53,1.0,28.794,0.36,0
ACC-2026-0459,0845026970,2026-05,Commercant independant,230.35,46,0.124,9,0,0.8,1,1,1,0,8.62,1.0,28.794,0.36,0
ACC-2026-0459,0845026970,2026-06,Commercant independant,230.35,47,0.124,10,0,0.818,1,1,1,0,7.38,1.0,28.794,0.36,0
ACC-2026-0459,0845026970,2026-07,Commercant independant,230.35,48,0.124,11,0,0.833,1,2,1,0,8.3,1.0,28.794,0.36,0
ACC-2026-0460,0846161760,2025-08,Chauffeur,343.99,47,0.121,5,0,1.0,0,0,0,0,20.31,2.43,17.2,0.42,0
ACC-2026-0460,0846161760,2025-09,Chauffeur,343.99,48,0.121,6,0,1.0,0,0,0,0,21.58,2.43,17.2,0.42,0
ACC-2026-0460,0846161760,2025-10,Chauffeur,343.99,49,0.121,7,0,1.0,0,0,0,0,20.01,2.43,17.2,0.42,0
ACC-2026-0460,0846161760,2025-11,Chauffeur,343.99,50,0.121,8,0,1.0,0,0,0,0,19.69,2.43,17.2,0.42,0
ACC-2026-0460,0846161760,2025-12,Chauffeur,343.99,51,0.121,9,0,1.0,0,0,0,0,19.76,2.43,17.2,0.42,0
ACC-2026-0460,0846161760,2026-01,Chauffeur,343.99,52,0.121,10,0,1.0,0,0,0,0,20.04,2.43,17.2,0.42,0
ACC-2026-0460,0846161760,2026-02,Chauffeur,343.99,53,0.121,11,0,1.0,0,0,0,0,20.27,2.43,17.2,0.42,0
ACC-2026-0460,0846161760,2026-03,Chauffeur,343.99,54,0.121,12,0,1.0,0,0,0,0,19.63,2.43,17.2,0.42,0
ACC-2026-0460,0846161760,2026-04,Chauffeur,343.99,55,0.121,12,0,0.889,0,0,1,30,19.59,2.43,17.2,0.42,0
ACC-2026-0460,0846161760,2026-05,Chauffeur,343.99,56,0.121,13,0,0.9,0,0,1,0,20.28,2.43,17.2,0.42,0
ACC-2026-0460,0846161760,2026-06,Chauffeur,343.99,57,0.121,14,0,0.909,0,0,1,0,20.7,2.43,17.2,0.42,0
ACC-2026-0460,0846161760,2026-07,Chauffeur,343.99,58,0.121,14,0,0.833,0,0,2,30,18.98,2.43,17.2,0.42,0
ACC-2026-0461,0845794469,2025-08,Vendeur de rue,203.86,31,0.285,2,0,1.0,0,0,0,0,23.27,7.12,8.154,0.62,1
ACC-2026-0461,0845794469,2025-09,Vendeur de rue,203.86,32,0.285,3,0,1.0,0,0,0,0,25.13,7.12,8.154,0.62,0
ACC-2026-0461,0845794469,2025-10,Vendeur de rue,203.86,33,0.285,4,0,1.0,0,0,0,0,26.47,7.12,8.154,0.62,0
ACC-2026-0461,0845794469,2025-11,Vendeur de rue,203.86,34,0.285,5,0,1.0,0,1,0,0,24.82,7.12,8.154,0.62,0
ACC-2026-0461,0845794469,2025-12,Vendeur de rue,203.86,35,0.285,6,0,1.0,0,1,0,0,24.2,7.12,8.154,0.62,0
ACC-2026-0461,0845794469,2026-01,Vendeur de rue,203.86,36,0.285,7,0,1.0,0,1,0,0,25.42,7.12,8.154,0.62,1
ACC-2026-0461,0845794469,2026-02,Vendeur de rue,203.86,37,0.285,8,0,1.0,0,1,0,0,26.5,7.12,8.154,0.62,0
ACC-2026-0461,0845794469,2026-03,Vendeur de rue,203.86,38,0.285,9,0,1.0,0,1,0,0,24.92,7.12,8.154,0.62,0
ACC-2026-0461,0845794469,2026-04,Vendeur de rue,203.86,39,0.285,10,0,1.0,0,2,0,0,26.66,7.12,8.154,0.62,0
ACC-2026-0461,0845794469,2026-05,Vendeur de rue,203.86,40,0.285,11,0,1.0,0,2,0,0,24.24,7.12,8.154,0.62,0
ACC-2026-0461,0845794469,2026-06,Vendeur de rue,203.86,41,0.285,12,0,1.0,0,2,0,0,23.82,7.12,8.154,0.62,0
ACC-2026-0461,0845794469,2026-07,Vendeur de rue,203.86,42,0.285,13,0,1.0,0,3,0,0,25.7,7.12,8.154,0.62,0
ACC-2026-0462,0847272800,2025-08,Enseignant,521.46,54,0.105,1,0,1.0,0,0,0,0,16.08,1.57,34.764,0.22,0
ACC-2026-0462,0847272800,2025-09,Enseignant,521.46,55,0.105,2,0,1.0,0,0,0,0,14.2,1.57,34.764,0.22,0
ACC-2026-0462,0847272800,2025-10,Enseignant,521.46,56,0.105,3,0,1.0,0,0,0,0,15.9,1.57,34.764,0.22,0
ACC-2026-0462,0847272800,2025-11,Enseignant,521.46,57,0.105,4,0,1.0,0,0,0,0,14.53,1.57,34.764,0.22,0
ACC-2026-0462,0847272800,2025-12,Enseignant,521.46,58,0.105,5,0,1.0,0,0,0,0,14.21,1.57,34.764,0.22,0
ACC-2026-0462,0847272800,2026-01,Enseignant,521.46,59,0.105,6,0,1.0,0,0,0,0,15.74,1.57,34.764,0.22,0
ACC-2026-0462,0847272800,2026-02,Enseignant,521.46,60,0.105,7,0,1.0,0,0,0,0,14.91,1.57,34.764,0.22,0
ACC-2026-0462,0847272800,2026-03,Enseignant,521.46,61,0.105,8,0,1.0,0,0,0,0,16.06,1.57,34.764,0.22,0
ACC-2026-0462,0847272800,2026-04,Enseignant,521.46,62,0.105,9,0,1.0,0,0,0,0,16.09,1.57,34.764,0.22,0
ACC-2026-0462,0847272800,2026-05,Enseignant,521.46,63,0.105,10,0,1.0,0,0,0,0,15.56,1.57,34.764,0.22,0
ACC-2026-0462,0847272800,2026-06,Enseignant,521.46,64,0.105,11,0,1.0,0,0,0,0,14.42,1.57,34.764,0.22,0
ACC-2026-0462,0847272800,2026-07,Enseignant,521.46,65,0.105,12,0,1.0,0,0,0,0,16.16,1.57,34.764,0.22,0
ACC-2026-0463,0842724636,2025-08,Agriculteur,389.58,31,0.261,1,0,1.0,0,0,0,0,8.02,2.09,48.697,0.46,0
ACC-2026-0463,0842724636,2025-09,Agriculteur,389.58,32,0.261,2,0,1.0,0,0,0,0,8.63,2.09,48.697,0.46,0
ACC-2026-0463,0842724636,2025-10,Agriculteur,389.58,33,0.261,3,0,1.0,0,0,0,0,7.47,2.09,48.697,0.46,0
ACC-2026-0463,0842724636,2025-11,Agriculteur,389.58,34,0.261,4,0,1.0,0,0,0,0,7.43,2.09,48.697,0.46,0
ACC-2026-0463,0842724636,2025-12,Agriculteur,389.58,35,0.261,5,0,1.0,0,0,0,0,8.39,2.09,48.697,0.46,0
ACC-2026-0463,0842724636,2026-01,Agriculteur,389.58,36,0.261,6,0,1.0,0,0,0,0,8.22,2.09,48.697,0.46,1
ACC-2026-0463,0842724636,2026-02,Agriculteur,389.58,37,0.261,7,0,1.0,0,0,0,0,8.31,2.09,48.697,0.46,0
ACC-2026-0463,0842724636,2026-03,Agriculteur,389.58,38,0.261,8,0,1.0,0,0,0,0,7.76,2.09,48.697,0.46,0
ACC-2026-0463,0842724636,2026-04,Agriculteur,389.58,39,0.261,9,0,1.0,0,0,0,0,7.66,2.09,48.697,0.46,0
ACC-2026-0463,0842724636,2026-05,Agriculteur,389.58,40,0.261,10,0,1.0,0,0,0,0,7.51,2.09,48.697,0.46,0
ACC-2026-0463,0842724636,2026-06,Agriculteur,389.58,41,0.261,11,0,1.0,0,0,0,0,7.49,2.09,48.697,0.46,0
ACC-2026-0463,0842724636,2026-07,Agriculteur,389.58,42,0.261,12,0,1.0,0,0,0,0,7.7,2.09,48.697,0.46,0
ACC-2026-0464,0842376303,2025-08,Vendeur de rue,190.9,14,0.266,1,0,1.0,0,0,0,0,8.32,2.13,23.863,0.62,0
ACC-2026-0464,0842376303,2025-09,Vendeur de rue,190.9,15,0.266,2,0,1.0,0,0,0,0,7.38,2.13,23.863,0.62,0
ACC-2026-0464,0842376303,2025-10,Vendeur de rue,190.9,16,0.266,3,0,1.0,0,0,0,0,8.29,2.13,23.863,0.62,0
ACC-2026-0464,0842376303,2025-11,Vendeur de rue,190.9,17,0.266,4,0,1.0,0,0,0,0,8.38,2.13,23.863,0.62,0
ACC-2026-0464,0842376303,2025-12,Vendeur de rue,190.9,18,0.266,5,0,1.0,0,0,0,0,8.0,2.13,23.863,0.62,0
ACC-2026-0464,0842376303,2026-01,Vendeur de rue,190.9,19,0.266,6,0,1.0,0,0,0,0,8.0,2.13,23.863,0.62,0
ACC-2026-0464,0842376303,2026-02,Vendeur de rue,190.9,20,0.266,7,0,1.0,0,0,0,0,7.85,2.13,23.863,0.62,0
ACC-2026-0464,0842376303,2026-03,Vendeur de rue,190.9,21,0.266,8,0,1.0,0,0,0,0,7.4,2.13,23.863,0.62,0
ACC-2026-0464,0842376303,2026-04,Vendeur de rue,190.9,22,0.266,9,0,1.0,0,0,0,0,8.55,2.13,23.863,0.62,1
ACC-2026-0464,0842376303,2026-05,Vendeur de rue,190.9,23,0.266,10,0,1.0,0,0,0,0,7.65,2.13,23.863,0.62,0
ACC-2026-0464,0842376303,2026-06,Vendeur de rue,190.9,24,0.266,11,0,1.0,0,0,0,0,8.57,2.13,23.863,0.62,0
ACC-2026-0464,0842376303,2026-07,Vendeur de rue,190.9,25,0.266,12,0,1.0,0,0,0,0,8.16,2.13,23.863,0.62,0
ACC-2026-0465,0843445568,2025-08,Fonctionnaire,504.33,35,0.055,4,0,1.0,0,0,0,0,24.02,1.38,20.173,0.18,0
ACC-2026-0465,0843445568,2025-09,Fonctionnaire,504.33,36,0.055,5,0,1.0,0,0,0,0,25.44,1.38,20.173,0.18,0
ACC-2026-0465,0843445568,2025-10,Fonctionnaire,504.33,37,0.055,6,0,1.0,0,0,0,0,26.25,1.38,20.173,0.18,0
ACC-2026-0465,0843445568,2025-11,Fonctionnaire,504.33,38,0.055,7,0,1.0,0,0,0,0,26.21,1.38,20.173,0.18,0
ACC-2026-0465,0843445568,2025-12,Fonctionnaire,504.33,39,0.055,8,0,1.0,0,0,0,0,26.79,1.38,20.173,0.18,0
ACC-2026-0465,0843445568,2026-01,Fonctionnaire,504.33,40,0.055,9,0,1.0,0,0,0,0,25.21,1.38,20.173,0.18,0
ACC-2026-0465,0843445568,2026-02,Fonctionnaire,504.33,41,0.055,10,0,1.0,0,0,0,0,23.05,1.38,20.173,0.18,0
ACC-2026-0465,0843445568,2026-03,Fonctionnaire,504.33,42,0.055,11,0,1.0,0,0,0,0,24.05,1.38,20.173,0.18,0
ACC-2026-0465,0843445568,2026-04,Fonctionnaire,504.33,43,0.055,12,0,1.0,0,0,0,0,26.86,1.38,20.173,0.18,0
ACC-2026-0465,0843445568,2026-05,Fonctionnaire,504.33,44,0.055,13,0,1.0,0,0,0,0,23.33,1.38,20.173,0.18,0
ACC-2026-0465,0843445568,2026-06,Fonctionnaire,504.33,45,0.055,14,0,1.0,0,0,0,0,24.74,1.38,20.173,0.18,0
ACC-2026-0465,0843445568,2026-07,Fonctionnaire,504.33,46,0.055,15,0,1.0,0,0,0,0,26.6,1.38,20.173,0.18,0
ACC-2026-0466,0848237945,2025-08,Vendeur de rue,237.83,29,0.288,5,0,1.0,0,0,0,0,25.04,7.21,9.513,0.62,0
ACC-2026-0466,0848237945,2025-09,Vendeur de rue,237.83,30,0.288,6,0,1.0,0,0,0,0,26.93,7.21,9.513,0.62,0
ACC-2026-0466,0848237945,2025-10,Vendeur de rue,237.83,31,0.288,7,0,1.0,0,0,0,0,23.82,7.21,9.513,0.62,1
ACC-2026-0466,0848237945,2025-11,Vendeur de rue,237.83,32,0.288,8,0,1.0,0,0,0,0,26.54,7.21,9.513,0.62,0
ACC-2026-0466,0848237945,2025-12,Vendeur de rue,237.83,33,0.288,9,0,1.0,0,0,0,0,26.97,7.21,9.513,0.62,0
ACC-2026-0466,0848237945,2026-01,Vendeur de rue,237.83,34,0.288,10,0,1.0,0,0,0,0,23.04,7.21,9.513,0.62,0
ACC-2026-0466,0848237945,2026-02,Vendeur de rue,237.83,35,0.288,11,0,1.0,0,0,0,0,26.01,7.21,9.513,0.62,1
ACC-2026-0466,0848237945,2026-03,Vendeur de rue,237.83,36,0.288,12,0,1.0,0,0,0,0,23.06,7.21,9.513,0.62,0
ACC-2026-0466,0848237945,2026-04,Vendeur de rue,237.83,37,0.288,12,0,0.889,1,0,0,30,25.88,7.21,9.513,0.62,0
ACC-2026-0466,0848237945,2026-05,Vendeur de rue,237.83,38,0.288,13,0,0.9,1,0,0,0,26.96,7.21,9.513,0.62,0
ACC-2026-0466,0848237945,2026-06,Vendeur de rue,237.83,39,0.288,14,0,0.909,1,0,0,0,25.87,7.21,9.513,0.62,1
ACC-2026-0466,0848237945,2026-07,Vendeur de rue,237.83,40,0.288,15,0,0.917,1,0,0,0,23.49,7.21,9.513,0.62,0
ACC-2026-0467,0841801609,2025-08,Sans emploi,236.76,72,0.365,1,0,1.0,0,0,0,0,9.85,3.65,23.676,0.78,1
ACC-2026-0467,0841801609,2025-09,Sans emploi,236.76,73,0.365,2,0,1.0,0,0,0,0,10.37,3.65,23.676,0.78,0
ACC-2026-0467,0841801609,2025-10,Sans emploi,236.76,74,0.365,3,0,1.0,0,0,0,0,10.49,3.65,23.676,0.78,0
ACC-2026-0467,0841801609,2025-11,Sans emploi,236.76,75,0.365,4,0,1.0,0,0,0,0,10.5,3.65,23.676,0.78,0
ACC-2026-0467,0841801609,2025-12,Sans emploi,236.76,76,0.365,5,0,1.0,0,0,0,0,9.73,3.65,23.676,0.78,0
ACC-2026-0467,0841801609,2026-01,Sans emploi,236.76,77,0.365,6,0,1.0,0,0,0,0,9.79,3.65,23.676,0.78,0
ACC-2026-0467,0841801609,2026-02,Sans emploi,236.76,78,0.365,7,0,1.0,0,0,0,0,10.6,3.65,23.676,0.78,0
ACC-2026-0467,0841801609,2026-03,Sans emploi,236.76,79,0.365,8,0,1.0,0,0,0,0,10.64,3.65,23.676,0.78,1
ACC-2026-0467,0841801609,2026-04,Sans emploi,236.76,80,0.365,9,0,1.0,0,0,0,0,9.59,3.65,23.676,0.78,0
ACC-2026-0467,0841801609,2026-05,Sans emploi,236.76,81,0.365,10,0,1.0,0,0,0,0,9.75,3.65,23.676,0.78,0
ACC-2026-0467,0841801609,2026-06,Sans emploi,236.76,82,0.365,11,0,1.0,0,0,0,0,9.88,3.65,23.676,0.78,0
ACC-2026-0467,0841801609,2026-07,Sans emploi,236.76,83,0.365,12,0,1.0,0,0,0,0,10.18,3.65,23.676,0.78,0
ACC-2026-0468,0844671037,2025-08,Commercant independant,427.5,35,0.127,3,0,1.0,0,0,0,0,29.88,3.81,14.25,0.36,0
ACC-2026-0468,0844671037,2025-09,Commercant independant,427.5,36,0.127,4,0,1.0,0,0,0,0,27.99,3.81,14.25,0.36,0
ACC-2026-0468,0844671037,2025-10,Commercant independant,427.5,37,0.127,5,0,1.0,0,0,0,0,31.0,3.81,14.25,0.36,0
ACC-2026-0468,0844671037,2025-11,Commercant independant,427.5,38,0.127,6,0,1.0,0,0,0,0,30.59,3.81,14.25,0.36,0
ACC-2026-0468,0844671037,2025-12,Commercant independant,427.5,39,0.127,7,0,1.0,0,0,0,0,28.02,3.81,14.25,0.36,0
ACC-2026-0468,0844671037,2026-01,Commercant independant,427.5,40,0.127,8,0,1.0,0,0,0,0,30.13,3.81,14.25,0.36,0
ACC-2026-0468,0844671037,2026-02,Commercant independant,427.5,41,0.127,9,0,1.0,0,0,0,0,29.73,3.81,14.25,0.36,0
ACC-2026-0468,0844671037,2026-03,Commercant independant,427.5,42,0.127,10,0,1.0,0,0,0,0,31.39,3.81,14.25,0.36,0
ACC-2026-0468,0844671037,2026-04,Commercant independant,427.5,43,0.127,11,0,1.0,0,0,0,0,28.89,3.81,14.25,0.36,0
ACC-2026-0468,0844671037,2026-05,Commercant independant,427.5,44,0.127,12,0,1.0,0,0,0,0,29.32,3.81,14.25,0.36,0
ACC-2026-0468,0844671037,2026-06,Commercant independant,427.5,45,0.127,13,0,1.0,0,0,0,0,29.54,3.81,14.25,0.36,0
ACC-2026-0468,0844671037,2026-07,Commercant independant,427.5,46,0.127,14,0,1.0,0,0,0,0,27.64,3.81,14.25,0.36,0
ACC-2026-0469,0844465248,2025-08,Commercant independant,282.27,15,0.207,0,0,0.0,1,0,0,365,20.76,4.15,14.113,0.36,0
ACC-2026-0469,0844465248,2025-09,Commercant independant,282.27,16,0.207,1,0,0.5,1,0,0,0,21.35,4.15,14.113,0.36,0
ACC-2026-0469,0844465248,2025-10,Commercant independant,282.27,17,0.207,2,0,0.667,1,0,0,0,20.93,4.15,14.113,0.36,0
ACC-2026-0469,0844465248,2025-11,Commercant independant,282.27,18,0.207,3,0,0.75,1,0,0,0,19.93,4.15,14.113,0.36,1
ACC-2026-0469,0844465248,2025-12,Commercant independant,282.27,19,0.207,4,0,0.8,1,0,0,0,20.85,4.15,14.113,0.36,0
ACC-2026-0469,0844465248,2026-01,Commercant independant,282.27,20,0.207,5,0,0.833,1,0,0,0,20.97,4.15,14.113,0.36,0
ACC-2026-0469,0844465248,2026-02,Commercant independant,282.27,21,0.207,6,0,0.857,1,0,0,0,20.94,4.15,14.113,0.36,0
ACC-2026-0469,0844465248,2026-03,Commercant independant,282.27,22,0.207,6,0,0.75,1,0,1,30,21.08,4.15,14.113,0.36,0
ACC-2026-0469,0844465248,2026-04,Commercant independant,282.27,23,0.207,7,0,0.778,1,0,1,0,19.6,4.15,14.113,0.36,0
ACC-2026-0469,0844465248,2026-05,Commercant independant,282.27,24,0.207,8,0,0.8,1,0,1,0,19.96,4.15,14.113,0.36,0
ACC-2026-0469,0844465248,2026-06,Commercant independant,282.27,25,0.207,9,0,0.818,1,0,1,0,21.22,4.15,14.113,0.36,0
ACC-2026-0469,0844465248,2026-07,Commercant independant,282.27,26,0.207,10,0,0.833,1,0,1,0,18.53,4.15,14.113,0.36,0
ACC-2026-0470,0845484943,2025-08,Vendeur de rue,267.33,52,0.311,3,0,0.0,1,0,0,365,30.62,9.33,8.911,0.62,1
ACC-2026-0470,0845484943,2025-09,Vendeur de rue,267.33,53,0.311,4,0,0.5,1,0,0,0,31.41,9.33,8.911,0.62,1
ACC-2026-0470,0845484943,2025-10,Vendeur de rue,267.33,54,0.311,5,0,0.667,1,0,0,0,28.34,9.33,8.911,0.62,0
ACC-2026-0470,0845484943,2025-11,Vendeur de rue,267.33,55,0.311,6,0,0.75,1,0,0,0,31.15,9.33,8.911,0.62,0
ACC-2026-0470,0845484943,2025-12,Vendeur de rue,267.33,56,0.311,7,0,0.8,1,0,0,0,31.14,9.33,8.911,0.62,1
ACC-2026-0470,0845484943,2026-01,Vendeur de rue,267.33,57,0.311,8,0,0.833,1,0,0,0,29.32,9.33,8.911,0.62,0
ACC-2026-0470,0845484943,2026-02,Vendeur de rue,267.33,58,0.311,9,0,0.857,1,0,0,0,31.62,9.33,8.911,0.62,0
ACC-2026-0470,0845484943,2026-03,Vendeur de rue,267.33,59,0.311,9,0,0.75,1,0,1,30,29.99,9.33,8.911,0.62,0
ACC-2026-0470,0845484943,2026-04,Vendeur de rue,267.33,60,0.311,9,0,0.667,2,0,1,60,29.45,9.33,8.911,0.62,0
ACC-2026-0470,0845484943,2026-05,Vendeur de rue,267.33,61,0.311,10,1,0.7,2,0,1,0,30.68,12.33,8.911,0.62,0
ACC-2026-0470,0845484943,2026-06,Vendeur de rue,267.33,62,0.311,10,0,0.636,2,0,2,30,31.33,15.93,8.911,0.62,0
ACC-2026-0470,0845484943,2026-07,Vendeur de rue,267.33,63,0.311,11,0,0.667,2,0,2,0,31.89,15.93,8.911,0.62,0
ACC-2026-0471,0849470353,2025-08,Fonctionnaire,301.9,20,0.109,3,0,1.0,0,0,0,0,26.17,2.74,12.076,0.18,0
ACC-2026-0471,0849470353,2025-09,Fonctionnaire,301.9,21,0.109,4,0,1.0,0,0,0,0,23.4,2.74,12.076,0.18,0
ACC-2026-0471,0849470353,2025-10,Fonctionnaire,301.9,22,0.109,5,0,1.0,0,0,0,0,26.04,2.74,12.076,0.18,0
ACC-2026-0471,0849470353,2025-11,Fonctionnaire,301.9,23,0.109,6,0,1.0,0,0,0,0,25.65,2.74,12.076,0.18,0
ACC-2026-0471,0849470353,2025-12,Fonctionnaire,301.9,24,0.109,7,0,1.0,0,0,0,0,24.52,2.74,12.076,0.18,0
ACC-2026-0471,0849470353,2026-01,Fonctionnaire,301.9,25,0.109,8,0,1.0,0,0,0,0,24.45,2.74,12.076,0.18,0
ACC-2026-0471,0849470353,2026-02,Fonctionnaire,301.9,26,0.109,9,0,1.0,0,0,0,0,25.83,2.74,12.076,0.18,0
ACC-2026-0471,0849470353,2026-03,Fonctionnaire,301.9,27,0.109,10,0,1.0,0,0,0,0,24.73,2.74,12.076,0.18,0
ACC-2026-0471,0849470353,2026-04,Fonctionnaire,301.9,28,0.109,11,0,1.0,0,0,0,0,24.64,2.74,12.076,0.18,0
ACC-2026-0471,0849470353,2026-05,Fonctionnaire,301.9,29,0.109,12,0,1.0,0,0,0,0,26.32,2.74,12.076,0.18,0
ACC-2026-0471,0849470353,2026-06,Fonctionnaire,301.9,30,0.109,13,0,1.0,0,0,0,0,24.95,2.74,12.076,0.18,0
ACC-2026-0471,0849470353,2026-07,Fonctionnaire,301.9,31,0.109,14,0,1.0,0,0,0,0,23.45,2.74,12.076,0.18,0
ACC-2026-0472,0848828604,2025-08,Enseignant,381.38,7,0.03,1,0,1.0,0,0,0,0,30.69,0.9,12.713,0.22,0
ACC-2026-0472,0848828604,2025-09,Enseignant,381.38,8,0.03,2,0,1.0,0,0,0,0,30.55,0.9,12.713,0.22,0
ACC-2026-0472,0848828604,2025-10,Enseignant,381.38,9,0.03,3,0,1.0,0,0,0,0,30.76,0.9,12.713,0.22,0
ACC-2026-0472,0848828604,2025-11,Enseignant,381.38,10,0.03,4,0,1.0,0,0,0,0,32.12,0.9,12.713,0.22,0
ACC-2026-0472,0848828604,2025-12,Enseignant,381.38,11,0.03,5,0,1.0,0,0,0,0,28.1,0.9,12.713,0.22,0
ACC-2026-0472,0848828604,2026-01,Enseignant,381.38,12,0.03,6,0,1.0,0,0,0,0,29.94,0.9,12.713,0.22,0
ACC-2026-0472,0848828604,2026-02,Enseignant,381.38,13,0.03,7,0,1.0,0,0,0,0,29.4,0.9,12.713,0.22,0
ACC-2026-0472,0848828604,2026-03,Enseignant,381.38,14,0.03,8,0,1.0,0,0,0,0,31.73,0.9,12.713,0.22,0
ACC-2026-0472,0848828604,2026-04,Enseignant,381.38,15,0.03,9,0,1.0,0,0,0,0,27.68,0.9,12.713,0.22,0
ACC-2026-0472,0848828604,2026-05,Enseignant,381.38,16,0.03,10,0,1.0,0,0,0,0,31.62,0.9,12.713,0.22,0
ACC-2026-0472,0848828604,2026-06,Enseignant,381.38,17,0.03,11,0,1.0,0,0,0,0,29.34,0.9,12.713,0.22,0
ACC-2026-0472,0848828604,2026-07,Enseignant,381.38,18,0.03,12,0,1.0,0,0,0,0,28.35,0.9,12.713,0.22,0
ACC-2026-0473,0845403875,2025-08,Chauffeur,362.01,22,0.143,3,0,1.0,0,0,0,0,9.68,1.43,36.201,0.42,0
ACC-2026-0473,0845403875,2025-09,Chauffeur,362.01,23,0.143,4,0,1.0,0,0,0,0,10.8,1.43,36.201,0.42,0
ACC-2026-0473,0845403875,2025-10,Chauffeur,362.01,24,0.143,5,0,1.0,0,0,0,0,10.77,1.43,36.201,0.42,0
ACC-2026-0473,0845403875,2025-11,Chauffeur,362.01,25,0.143,6,0,1.0,0,0,0,0,10.51,1.43,36.201,0.42,0
ACC-2026-0473,0845403875,2025-12,Chauffeur,362.01,26,0.143,7,0,1.0,0,0,0,0,10.34,1.43,36.201,0.42,0
ACC-2026-0473,0845403875,2026-01,Chauffeur,362.01,27,0.143,8,0,1.0,0,0,0,0,9.55,1.43,36.201,0.42,0
ACC-2026-0473,0845403875,2026-02,Chauffeur,362.01,28,0.143,9,0,1.0,0,0,0,0,9.26,1.43,36.201,0.42,0
ACC-2026-0473,0845403875,2026-03,Chauffeur,362.01,29,0.143,10,0,1.0,0,0,0,0,9.36,1.43,36.201,0.42,0
ACC-2026-0473,0845403875,2026-04,Chauffeur,362.01,30,0.143,11,0,1.0,0,0,0,0,10.25,1.43,36.201,0.42,0
ACC-2026-0473,0845403875,2026-05,Chauffeur,362.01,31,0.143,12,0,1.0,0,0,0,0,10.7,1.43,36.201,0.42,0
ACC-2026-0473,0845403875,2026-06,Chauffeur,362.01,32,0.143,13,0,1.0,0,0,0,0,9.25,1.43,36.201,0.42,0
ACC-2026-0473,0845403875,2026-07,Chauffeur,362.01,33,0.143,14,0,1.0,0,0,0,0,10.05,1.43,36.201,0.42,0
ACC-2026-0474,0843618852,2025-08,Fonctionnaire,420.72,47,0.131,2,0,1.0,0,0,0,0,26.08,3.27,16.829,0.18,0
ACC-2026-0474,0843618852,2025-09,Fonctionnaire,420.72,48,0.131,3,0,1.0,0,0,0,0,24.0,3.27,16.829,0.18,0
ACC-2026-0474,0843618852,2025-10,Fonctionnaire,420.72,49,0.131,4,0,1.0,0,0,0,0,23.96,3.27,16.829,0.18,0
ACC-2026-0474,0843618852,2025-11,Fonctionnaire,420.72,50,0.131,5,0,1.0,0,0,0,0,25.38,3.27,16.829,0.18,0
ACC-2026-0474,0843618852,2025-12,Fonctionnaire,420.72,51,0.131,6,0,1.0,0,0,0,0,25.14,3.27,16.829,0.18,0
ACC-2026-0474,0843618852,2026-01,Fonctionnaire,420.72,52,0.131,7,0,1.0,0,0,0,0,23.92,3.27,16.829,0.18,0
ACC-2026-0474,0843618852,2026-02,Fonctionnaire,420.72,53,0.131,8,0,1.0,0,0,0,0,23.03,3.27,16.829,0.18,0
ACC-2026-0474,0843618852,2026-03,Fonctionnaire,420.72,54,0.131,9,0,1.0,0,0,0,0,26.43,3.27,16.829,0.18,0
ACC-2026-0474,0843618852,2026-04,Fonctionnaire,420.72,55,0.131,10,0,1.0,0,0,0,0,23.91,3.27,16.829,0.18,0
ACC-2026-0474,0843618852,2026-05,Fonctionnaire,420.72,56,0.131,11,0,1.0,0,0,0,0,24.92,3.27,16.829,0.18,0
ACC-2026-0474,0843618852,2026-06,Fonctionnaire,420.72,57,0.131,12,0,1.0,0,0,0,0,26.28,3.27,16.829,0.18,0
ACC-2026-0474,0843618852,2026-07,Fonctionnaire,420.72,58,0.131,13,0,1.0,0,0,0,0,23.09,3.27,16.829,0.18,0
ACC-2026-0475,0841184614,2025-08,Chauffeur,429.94,30,0.233,4,0,1.0,0,0,0,0,15.15,3.49,28.663,0.42,0
ACC-2026-0475,0841184614,2025-09,Chauffeur,429.94,31,0.233,5,0,1.0,0,0,0,0,16.14,3.49,28.663,0.42,0
ACC-2026-0475,0841184614,2025-10,Chauffeur,429.94,32,0.233,6,0,1.0,0,0,0,0,14.37,3.49,28.663,0.42,0
ACC-2026-0475,0841184614,2025-11,Chauffeur,429.94,33,0.233,7,0,1.0,0,0,0,0,15.5,3.49,28.663,0.42,0
ACC-2026-0475,0841184614,2025-12,Chauffeur,429.94,34,0.233,8,0,1.0,0,0,0,0,15.63,3.49,28.663,0.42,0
ACC-2026-0475,0841184614,2026-01,Chauffeur,429.94,35,0.233,8,0,0.833,1,0,0,30,15.74,3.49,28.663,0.42,0
ACC-2026-0475,0841184614,2026-02,Chauffeur,429.94,36,0.233,9,0,0.857,1,0,0,0,14.2,3.49,28.663,0.42,0
ACC-2026-0475,0841184614,2026-03,Chauffeur,429.94,37,0.233,10,0,0.875,1,0,0,0,14.18,3.49,28.663,0.42,0
ACC-2026-0475,0841184614,2026-04,Chauffeur,429.94,38,0.233,11,0,0.889,1,0,0,0,15.7,3.49,28.663,0.42,0
ACC-2026-0475,0841184614,2026-05,Chauffeur,429.94,39,0.233,12,0,0.9,1,0,0,0,14.6,3.49,28.663,0.42,0
ACC-2026-0475,0841184614,2026-06,Chauffeur,429.94,40,0.233,13,0,0.909,1,0,0,0,15.62,3.49,28.663,0.42,0
ACC-2026-0475,0841184614,2026-07,Chauffeur,429.94,41,0.233,14,0,0.917,1,0,0,0,14.71,3.49,28.663,0.42,0
ACC-2026-0476,0847287843,2025-08,Agriculteur,245.09,41,0.173,1,0,1.0,0,0,0,0,14.03,2.59,16.339,0.46,0
ACC-2026-0476,0847287843,2025-09,Agriculteur,245.09,42,0.173,2,0,1.0,0,0,0,0,15.97,2.59,16.339,0.46,0
ACC-2026-0476,0847287843,2025-10,Agriculteur,245.09,43,0.173,3,0,1.0,0,0,0,0,14.25,2.59,16.339,0.46,0
ACC-2026-0476,0847287843,2025-11,Agriculteur,245.09,44,0.173,4,0,1.0,0,0,0,0,14.29,2.59,16.339,0.46,0
ACC-2026-0476,0847287843,2025-12,Agriculteur,245.09,45,0.173,5,0,1.0,0,0,0,0,15.22,2.59,16.339,0.46,0
ACC-2026-0476,0847287843,2026-01,Agriculteur,245.09,46,0.173,6,0,1.0,0,0,0,0,14.52,2.59,16.339,0.46,0
ACC-2026-0476,0847287843,2026-02,Agriculteur,245.09,47,0.173,7,0,1.0,0,0,0,0,14.99,2.59,16.339,0.46,0
ACC-2026-0476,0847287843,2026-03,Agriculteur,245.09,48,0.173,8,0,1.0,0,0,0,0,13.87,2.59,16.339,0.46,0
ACC-2026-0476,0847287843,2026-04,Agriculteur,245.09,49,0.173,9,0,1.0,0,0,0,0,14.38,2.59,16.339,0.46,0
ACC-2026-0476,0847287843,2026-05,Agriculteur,245.09,50,0.173,10,0,1.0,0,0,0,0,14.24,2.59,16.339,0.46,0
ACC-2026-0476,0847287843,2026-06,Agriculteur,245.09,51,0.173,11,0,1.0,0,0,0,0,14.27,2.59,16.339,0.46,0
ACC-2026-0476,0847287843,2026-07,Agriculteur,245.09,52,0.173,12,0,1.0,0,0,0,0,14.5,2.59,16.339,0.46,1
ACC-2026-0477,0841177286,2025-08,Sans emploi,175.6,14,0.309,4,0,1.0,0,0,0,0,25.96,12.22,7.024,0.78,0
ACC-2026-0477,0841177286,2025-09,Sans emploi,175.6,15,0.309,5,0,1.0,0,0,0,0,25.76,12.22,7.024,0.78,0
ACC-2026-0477,0841177286,2025-10,Sans emploi,175.6,16,0.309,6,0,1.0,0,0,0,0,25.0,12.22,7.024,0.78,0
ACC-2026-0477,0841177286,2025-11,Sans emploi,175.6,17,0.309,7,0,1.0,0,0,0,0,24.58,12.22,7.024,0.78,0
ACC-2026-0477,0841177286,2025-12,Sans emploi,175.6,18,0.309,8,0,1.0,0,0,0,0,26.26,12.22,7.024,0.78,1
ACC-2026-0477,0841177286,2026-01,Sans emploi,175.6,19,0.309,9,0,1.0,0,0,0,0,23.65,12.22,7.024,0.78,0
ACC-2026-0477,0841177286,2026-02,Sans emploi,175.6,20,0.309,10,0,1.0,0,0,0,0,24.03,12.22,7.024,0.78,1
ACC-2026-0477,0841177286,2026-03,Sans emploi,175.6,21,0.309,11,0,1.0,0,0,0,0,23.33,12.22,7.024,0.78,0
ACC-2026-0477,0841177286,2026-04,Sans emploi,175.6,22,0.309,12,0,1.0,0,0,0,0,23.92,12.22,7.024,0.78,0
ACC-2026-0477,0841177286,2026-05,Sans emploi,175.6,23,0.309,13,0,1.0,0,0,0,0,26.18,12.22,7.024,0.78,0
ACC-2026-0477,0841177286,2026-06,Sans emploi,175.6,24,0.309,14,0,1.0,0,0,0,0,26.0,12.22,7.024,0.78,1
ACC-2026-0477,0841177286,2026-07,Sans emploi,175.6,25,0.309,15,0,1.0,0,1,0,0,26.26,12.22,7.024,0.78,0
ACC-2026-0478,0848560292,2025-08,Agriculteur,227.49,16,0.138,3,0,1.0,0,0,0,0,23.4,3.45,9.1,0.46,0
ACC-2026-0478,0848560292,2025-09,Agriculteur,227.49,17,0.138,4,0,1.0,0,0,0,0,24.86,3.45,9.1,0.46,0
ACC-2026-0478,0848560292,2025-10,Agriculteur,227.49,18,0.138,5,0,1.0,0,0,0,0,24.33,3.45,9.1,0.46,0
ACC-2026-0478,0848560292,2025-11,Agriculteur,227.49,19,0.138,6,0,1.0,0,0,0,0,24.59,3.45,9.1,0.46,0
ACC-2026-0478,0848560292,2025-12,Agriculteur,227.49,20,0.138,7,0,1.0,0,0,0,0,24.61,3.45,9.1,0.46,0
ACC-2026-0478,0848560292,2026-01,Agriculteur,227.49,21,0.138,8,0,1.0,0,0,0,0,25.94,3.45,9.1,0.46,0
ACC-2026-0478,0848560292,2026-02,Agriculteur,227.49,22,0.138,9,0,1.0,0,0,0,0,24.47,3.45,9.1,0.46,1
ACC-2026-0478,0848560292,2026-03,Agriculteur,227.49,23,0.138,10,0,1.0,0,0,0,0,26.71,3.45,9.1,0.46,0
ACC-2026-0478,0848560292,2026-04,Agriculteur,227.49,24,0.138,11,0,1.0,0,0,0,0,23.92,3.45,9.1,0.46,0
ACC-2026-0478,0848560292,2026-05,Agriculteur,227.49,25,0.138,12,0,1.0,0,0,0,0,25.49,3.45,9.1,0.46,0
ACC-2026-0478,0848560292,2026-06,Agriculteur,227.49,26,0.138,13,0,1.0,0,0,0,0,26.54,3.45,9.1,0.46,0
ACC-2026-0478,0848560292,2026-07,Agriculteur,227.49,27,0.138,14,0,1.0,0,0,0,0,26.67,3.45,9.1,0.46,0
ACC-2026-0479,0846790843,2025-08,Enseignant,471.33,39,0.164,1,0,1.0,0,0,0,0,8.06,1.31,58.916,0.22,0
ACC-2026-0479,0846790843,2025-09,Enseignant,471.33,40,0.164,2,0,1.0,0,0,0,0,8.58,1.31,58.916,0.22,0
ACC-2026-0479,0846790843,2025-10,Enseignant,471.33,41,0.164,3,0,1.0,0,0,0,0,8.55,1.31,58.916,0.22,0
ACC-2026-0479,0846790843,2025-11,Enseignant,471.33,42,0.164,4,0,1.0,0,0,0,0,7.49,1.31,58.916,0.22,1
ACC-2026-0479,0846790843,2025-12,Enseignant,471.33,43,0.164,5,0,1.0,0,0,0,0,7.39,1.31,58.916,0.22,0
ACC-2026-0479,0846790843,2026-01,Enseignant,471.33,44,0.164,6,0,1.0,0,0,0,0,7.43,1.31,58.916,0.22,0
ACC-2026-0479,0846790843,2026-02,Enseignant,471.33,45,0.164,7,0,1.0,0,0,0,0,8.55,1.31,58.916,0.22,0
ACC-2026-0479,0846790843,2026-03,Enseignant,471.33,46,0.164,8,0,1.0,0,0,0,0,7.68,1.31,58.916,0.22,0
ACC-2026-0479,0846790843,2026-04,Enseignant,471.33,47,0.164,9,0,1.0,0,0,0,0,8.12,1.31,58.916,0.22,0
ACC-2026-0479,0846790843,2026-05,Enseignant,471.33,48,0.164,10,0,1.0,0,0,0,0,7.51,1.31,58.916,0.22,0
ACC-2026-0479,0846790843,2026-06,Enseignant,471.33,49,0.164,11,0,1.0,0,0,0,0,7.95,1.31,58.916,0.22,0
ACC-2026-0479,0846790843,2026-07,Enseignant,471.33,50,0.164,11,0,0.917,0,0,1,30,7.72,1.31,58.916,0.22,0
ACC-2026-0480,0848634413,2025-08,Chauffeur,223.6,30,0.211,4,0,1.0,0,0,0,0,7.42,1.69,27.95,0.42,0
ACC-2026-0480,0848634413,2025-09,Chauffeur,223.6,31,0.211,5,0,1.0,0,0,0,0,8.32,1.69,27.95,0.42,0
ACC-2026-0480,0848634413,2025-10,Chauffeur,223.6,32,0.211,6,0,1.0,0,0,0,0,8.62,1.69,27.95,0.42,0
ACC-2026-0480,0848634413,2025-11,Chauffeur,223.6,33,0.211,7,0,1.0,0,0,0,0,7.51,1.69,27.95,0.42,0
ACC-2026-0480,0848634413,2025-12,Chauffeur,223.6,34,0.211,8,0,1.0,0,0,0,0,8.46,1.69,27.95,0.42,0
ACC-2026-0480,0848634413,2026-01,Chauffeur,223.6,35,0.211,9,0,1.0,0,0,0,0,8.29,1.69,27.95,0.42,0
ACC-2026-0480,0848634413,2026-02,Chauffeur,223.6,36,0.211,9,0,0.857,1,0,0,30,7.8,1.69,27.95,0.42,0
ACC-2026-0480,0848634413,2026-03,Chauffeur,223.6,37,0.211,10,0,0.875,1,0,0,0,7.98,1.69,27.95,0.42,0
ACC-2026-0480,0848634413,2026-04,Chauffeur,223.6,38,0.211,11,0,0.889,1,0,0,0,8.56,1.69,27.95,0.42,0
ACC-2026-0480,0848634413,2026-05,Chauffeur,223.6,39,0.211,12,0,0.9,1,0,0,0,7.97,1.69,27.95,0.42,0
ACC-2026-0480,0848634413,2026-06,Chauffeur,223.6,40,0.211,13,0,0.909,1,1,0,0,8.58,1.69,27.95,0.42,0
ACC-2026-0480,0848634413,2026-07,Chauffeur,223.6,41,0.211,14,0,0.917,1,1,0,0,7.82,1.69,27.95,0.42,0
ACC-2026-0481,0846728085,2025-08,Commercant independant,186.58,20,0.144,5,0,1.0,0,0,0,0,10.01,1.44,18.658,0.36,0
ACC-2026-0481,0846728085,2025-09,Commercant independant,186.58,21,0.144,5,0,0.5,0,0,1,30,9.53,1.44,18.658,0.36,0
ACC-2026-0481,0846728085,2025-10,Commercant independant,186.58,22,0.144,6,0,0.667,0,0,1,0,9.81,1.44,18.658,0.36,0
ACC-2026-0481,0846728085,2025-11,Commercant independant,186.58,23,0.144,6,0,0.5,0,0,2,30,9.89,1.44,18.658,0.36,0
ACC-2026-0481,0846728085,2025-12,Commercant independant,186.58,24,0.144,7,0,0.6,0,0,2,0,10.58,2.64,18.658,0.36,0
ACC-2026-0481,0846728085,2026-01,Commercant independant,186.58,25,0.144,8,0,0.667,0,1,2,0,10.03,2.64,18.658,0.36,0
ACC-2026-0481,0846728085,2026-02,Commercant independant,186.58,26,0.144,9,0,0.714,0,1,2,0,10.2,2.64,18.658,0.36,0
ACC-2026-0481,0846728085,2026-03,Commercant independant,186.58,27,0.144,10,0,0.75,0,1,2,0,9.9,2.64,18.658,0.36,1
ACC-2026-0481,0846728085,2026-04,Commercant independant,186.58,28,0.144,11,0,0.778,0,1,2,0,10.11,2.64,18.658,0.36,0
ACC-2026-0481,0846728085,2026-05,Commercant independant,186.58,29,0.144,12,0,0.8,0,1,2,0,10.0,2.64,18.658,0.36,0
ACC-2026-0481,0846728085,2026-06,Commercant independant,186.58,30,0.144,13,0,0.818,0,1,2,0,10.68,2.64,18.658,0.36,0
ACC-2026-0481,0846728085,2026-07,Commercant independant,186.58,31,0.144,13,1,0.75,0,1,3,30,9.58,2.64,18.658,0.36,1
ACC-2026-0482,0848037085,2025-08,Enseignant,361.73,5,0.255,2,0,1.0,0,0,0,0,18.92,5.11,18.087,0.22,0
ACC-2026-0482,0848037085,2025-09,Enseignant,361.73,6,0.255,3,0,1.0,0,0,0,0,20.92,5.11,18.087,0.22,0
ACC-2026-0482,0848037085,2025-10,Enseignant,361.73,7,0.255,4,0,1.0,0,0,0,0,19.3,5.11,18.087,0.22,0
ACC-2026-0482,0848037085,2025-11,Enseignant,361.73,8,0.255,5,0,1.0,0,0,0,0,18.49,5.11,18.087,0.22,0
ACC-2026-0482,0848037085,2025-12,Enseignant,361.73,9,0.255,6,0,1.0,0,0,0,0,21.52,5.11,18.087,0.22,0
ACC-2026-0482,0848037085,2026-01,Enseignant,361.73,10,0.255,6,0,0.833,0,0,1,30,20.36,5.11,18.087,0.22,0
ACC-2026-0482,0848037085,2026-02,Enseignant,361.73,11,0.255,7,0,0.857,0,0,1,0,21.22,5.11,18.087,0.22,0
ACC-2026-0482,0848037085,2026-03,Enseignant,361.73,12,0.255,8,0,0.875,0,0,1,0,18.84,5.11,18.087,0.22,0
ACC-2026-0482,0848037085,2026-04,Enseignant,361.73,13,0.255,9,0,0.889,0,0,1,0,18.51,5.11,18.087,0.22,0
ACC-2026-0482,0848037085,2026-05,Enseignant,361.73,14,0.255,10,0,0.9,0,0,1,0,21.23,5.11,18.087,0.22,0
ACC-2026-0482,0848037085,2026-06,Enseignant,361.73,15,0.255,11,0,0.909,0,0,1,0,21.43,5.11,18.087,0.22,0
ACC-2026-0482,0848037085,2026-07,Enseignant,361.73,16,0.255,12,0,0.917,0,0,1,0,20.81,5.11,18.087,0.22,0
ACC-2026-0483,0845293710,2025-08,Enseignant,329.65,19,0.147,3,0,1.0,0,0,0,0,24.78,3.68,13.186,0.22,0
ACC-2026-0483,0845293710,2025-09,Enseignant,329.65,20,0.147,4,0,1.0,0,0,0,0,24.33,3.68,13.186,0.22,0
ACC-2026-0483,0845293710,2025-10,Enseignant,329.65,21,0.147,5,0,1.0,0,0,0,0,24.7,3.68,13.186,0.22,0
ACC-2026-0483,0845293710,2025-11,Enseignant,329.65,22,0.147,6,0,1.0,0,0,0,0,23.11,3.68,13.186,0.22,0
ACC-2026-0483,0845293710,2025-12,Enseignant,329.65,23,0.147,7,0,1.0,0,0,0,0,23.52,3.68,13.186,0.22,0
ACC-2026-0483,0845293710,2026-01,Enseignant,329.65,24,0.147,8,0,1.0,0,0,0,0,23.14,3.68,13.186,0.22,0
ACC-2026-0483,0845293710,2026-02,Enseignant,329.65,25,0.147,9,0,1.0,0,0,0,0,24.3,3.68,13.186,0.22,0
ACC-2026-0483,0845293710,2026-03,Enseignant,329.65,26,0.147,10,0,1.0,0,0,0,0,25.37,3.68,13.186,0.22,0
ACC-2026-0483,0845293710,2026-04,Enseignant,329.65,27,0.147,11,0,1.0,0,0,0,0,25.26,3.68,13.186,0.22,0
ACC-2026-0483,0845293710,2026-05,Enseignant,329.65,28,0.147,12,0,1.0,0,0,0,0,24.99,3.68,13.186,0.22,0
ACC-2026-0483,0845293710,2026-06,Enseignant,329.65,29,0.147,13,0,1.0,0,0,0,0,23.63,3.68,13.186,0.22,0
ACC-2026-0483,0845293710,2026-07,Enseignant,329.65,30,0.147,14,0,1.0,0,0,0,0,25.31,3.68,13.186,0.22,0
ACC-2026-0484,0847581732,2025-08,Infirmier,426.94,15,0.03,2,0,1.0,0,0,0,0,20.13,0.6,21.347,0.24,0
ACC-2026-0484,0847581732,2025-09,Infirmier,426.94,16,0.03,3,0,1.0,0,0,0,0,18.65,0.6,21.347,0.24,0
ACC-2026-0484,0847581732,2025-10,Infirmier,426.94,17,0.03,4,0,1.0,0,0,0,0,20.59,0.6,21.347,0.24,0
ACC-2026-0484,0847581732,2025-11,Infirmier,426.94,18,0.03,5,0,1.0,0,0,0,0,20.74,0.6,21.347,0.24,1
ACC-2026-0484,0847581732,2025-12,Infirmier,426.94,19,0.03,6,0,1.0,0,0,0,0,19.97,0.6,21.347,0.24,0
ACC-2026-0484,0847581732,2026-01,Infirmier,426.94,20,0.03,7,0,1.0,0,0,0,0,19.28,0.6,21.347,0.24,0
ACC-2026-0484,0847581732,2026-02,Infirmier,426.94,21,0.03,8,0,1.0,0,0,0,0,18.62,0.6,21.347,0.24,0
ACC-2026-0484,0847581732,2026-03,Infirmier,426.94,22,0.03,9,0,1.0,0,0,0,0,21.2,0.6,21.347,0.24,0
ACC-2026-0484,0847581732,2026-04,Infirmier,426.94,23,0.03,10,0,1.0,0,0,0,0,19.54,0.6,21.347,0.24,0
ACC-2026-0484,0847581732,2026-05,Infirmier,426.94,24,0.03,11,0,1.0,0,0,0,0,19.28,0.6,21.347,0.24,0
ACC-2026-0484,0847581732,2026-06,Infirmier,426.94,25,0.03,12,0,1.0,0,0,0,0,18.58,0.6,21.347,0.24,0
ACC-2026-0484,0847581732,2026-07,Infirmier,426.94,26,0.03,13,0,1.0,0,0,0,0,20.14,0.6,21.347,0.24,0
ACC-2026-0485,0841224761,2025-08,Chauffeur,174.89,19,0.219,2,0,1.0,0,0,0,0,10.33,2.19,17.489,0.42,1
ACC-2026-0485,0841224761,2025-09,Chauffeur,174.89,20,0.219,2,0,0.5,1,0,0,30,9.62,2.19,17.489,0.42,0
ACC-2026-0485,0841224761,2025-10,Chauffeur,174.89,21,0.219,3,0,0.667,1,0,0,0,9.84,2.19,17.489,0.42,0
ACC-2026-0485,0841224761,2025-11,Chauffeur,174.89,22,0.219,4,0,0.75,1,0,0,0,10.0,2.19,17.489,0.42,0
ACC-2026-0485,0841224761,2025-12,Chauffeur,174.89,23,0.219,4,0,0.6,1,0,1,30,9.78,2.19,17.489,0.42,0
ACC-2026-0485,0841224761,2026-01,Chauffeur,174.89,24,0.219,5,0,0.667,1,0,1,0,10.77,2.19,17.489,0.42,0
ACC-2026-0485,0841224761,2026-02,Chauffeur,174.89,25,0.219,5,1,0.571,1,0,2,30,9.32,2.19,17.489,0.42,1
ACC-2026-0485,0841224761,2026-03,Chauffeur,174.89,26,0.219,6,1,0.625,1,0,2,0,10.35,4.59,17.489,0.42,1
ACC-2026-0485,0841224761,2026-04,Chauffeur,174.89,27,0.219,7,0,0.667,1,1,2,0,10.55,4.59,17.489,0.42,0
ACC-2026-0485,0841224761,2026-05,Chauffeur,174.89,28,0.219,8,0,0.7,1,1,2,0,10.14,3.39,17.489,0.42,0
ACC-2026-0485,0841224761,2026-06,Chauffeur,174.89,29,0.219,9,1,0.727,1,2,2,0,10.7,3.39,17.489,0.42,0
ACC-2026-0485,0841224761,2026-07,Chauffeur,174.89,30,0.219,10,1,0.75,1,2,2,0,10.55,4.59,17.489,0.42,0
ACC-2026-0486,0842397238,2025-08,Infirmier,518.24,22,0.173,4,0,1.0,0,0,0,0,8.56,1.38,64.78,0.24,0
ACC-2026-0486,0842397238,2025-09,Infirmier,518.24,23,0.173,5,0,1.0,0,0,0,0,8.59,1.38,64.78,0.24,0
ACC-2026-0486,0842397238,2025-10,Infirmier,518.24,24,0.173,6,0,1.0,0,0,0,0,8.42,1.38,64.78,0.24,0
ACC-2026-0486,0842397238,2025-11,Infirmier,518.24,25,0.173,7,0,1.0,0,0,0,0,8.13,1.38,64.78,0.24,0
ACC-2026-0486,0842397238,2025-12,Infirmier,518.24,26,0.173,8,0,1.0,0,0,0,0,7.59,1.38,64.78,0.24,0
ACC-2026-0486,0842397238,2026-01,Infirmier,518.24,27,0.173,9,0,1.0,0,0,0,0,8.53,1.38,64.78,0.24,0
ACC-2026-0486,0842397238,2026-02,Infirmier,518.24,28,0.173,10,0,1.0,0,0,0,0,7.92,1.38,64.78,0.24,0
ACC-2026-0486,0842397238,2026-03,Infirmier,518.24,29,0.173,11,0,1.0,0,0,0,0,7.69,1.38,64.78,0.24,0
ACC-2026-0486,0842397238,2026-04,Infirmier,518.24,30,0.173,12,0,1.0,0,0,0,0,7.8,1.38,64.78,0.24,0
ACC-2026-0486,0842397238,2026-05,Infirmier,518.24,31,0.173,13,0,1.0,0,0,0,0,7.57,1.38,64.78,0.24,0
ACC-2026-0486,0842397238,2026-06,Infirmier,518.24,32,0.173,14,0,1.0,0,0,0,0,7.79,1.38,64.78,0.24,0
ACC-2026-0486,0842397238,2026-07,Infirmier,518.24,33,0.173,15,0,1.0,0,0,0,0,8.5,1.38,64.78,0.24,0
ACC-2026-0487,0843628850,2025-08,Chauffeur,190.84,29,0.257,1,0,1.0,0,0,0,0,14.1,3.86,12.723,0.42,0
ACC-2026-0487,0843628850,2025-09,Chauffeur,190.84,30,0.257,2,0,1.0,0,0,0,0,15.3,3.86,12.723,0.42,0
ACC-2026-0487,0843628850,2025-10,Chauffeur,190.84,31,0.257,2,0,0.667,0,0,1,30,13.96,3.86,12.723,0.42,0
ACC-2026-0487,0843628850,2025-11,Chauffeur,190.84,32,0.257,3,0,0.75,0,0,1,0,14.11,3.86,12.723,0.42,0
ACC-2026-0487,0843628850,2025-12,Chauffeur,190.84,33,0.257,4,0,0.8,0,0,1,0,16.13,3.86,12.723,0.42,0
ACC-2026-0487,0843628850,2026-01,Chauffeur,190.84,34,0.257,5,0,0.833,0,0,1,0,14.17,3.86,12.723,0.42,0
ACC-2026-0487,0843628850,2026-02,Chauffeur,190.84,35,0.257,6,0,0.857,0,0,1,0,13.93,3.86,12.723,0.42,0
ACC-2026-0487,0843628850,2026-03,Chauffeur,190.84,36,0.257,7,0,0.875,0,0,1,0,15.79,3.86,12.723,0.42,0
ACC-2026-0487,0843628850,2026-04,Chauffeur,190.84,37,0.257,8,0,0.889,0,0,1,0,14.16,3.86,12.723,0.42,0
ACC-2026-0487,0843628850,2026-05,Chauffeur,190.84,38,0.257,8,0,0.8,1,0,1,30,14.9,3.86,12.723,0.42,0
ACC-2026-0487,0843628850,2026-06,Chauffeur,190.84,39,0.257,9,0,0.818,1,0,1,0,14.42,3.86,12.723,0.42,0
ACC-2026-0487,0843628850,2026-07,Chauffeur,190.84,40,0.257,10,0,0.833,1,0,1,0,15.69,3.86,12.723,0.42,0
ACC-2026-0488,0849752729,2025-08,Infirmier,305.09,29,0.185,5,0,1.0,0,0,0,0,10.38,1.85,30.509,0.24,0
ACC-2026-0488,0849752729,2025-09,Infirmier,305.09,30,0.185,6,0,1.0,0,0,0,0,10.06,1.85,30.509,0.24,0
ACC-2026-0488,0849752729,2025-10,Infirmier,305.09,31,0.185,7,0,1.0,0,0,0,0,10.42,1.85,30.509,0.24,0
ACC-2026-0488,0849752729,2025-11,Infirmier,305.09,32,0.185,8,0,1.0,0,0,0,0,9.97,1.85,30.509,0.24,0
ACC-2026-0488,0849752729,2025-12,Infirmier,305.09,33,0.185,9,0,1.0,0,0,0,0,9.6,1.85,30.509,0.24,0
ACC-2026-0488,0849752729,2026-01,Infirmier,305.09,34,0.185,10,0,1.0,0,0,0,0,10.43,1.85,30.509,0.24,0
ACC-2026-0488,0849752729,2026-02,Infirmier,305.09,35,0.185,11,0,1.0,0,0,0,0,9.58,1.85,30.509,0.24,1
ACC-2026-0488,0849752729,2026-03,Infirmier,305.09,36,0.185,12,0,1.0,0,0,0,0,10.17,1.85,30.509,0.24,1
ACC-2026-0488,0849752729,2026-04,Infirmier,305.09,37,0.185,13,0,1.0,0,0,0,0,9.29,1.85,30.509,0.24,0
ACC-2026-0488,0849752729,2026-05,Infirmier,305.09,38,0.185,14,0,1.0,0,1,0,0,10.55,1.85,30.509,0.24,0
ACC-2026-0488,0849752729,2026-06,Infirmier,305.09,39,0.185,15,0,1.0,0,1,0,0,9.6,1.85,30.509,0.24,0
ACC-2026-0488,0849752729,2026-07,Infirmier,305.09,40,0.185,16,0,1.0,0,1,0,0,10.7,1.85,30.509,0.24,0
ACC-2026-0489,0845170552,2025-08,Enseignant,288.7,8,0.088,3,0,1.0,0,0,0,0,28.88,2.65,9.623,0.22,0
ACC-2026-0489,0845170552,2025-09,Enseignant,288.7,9,0.088,4,0,1.0,0,0,0,0,28.71,2.65,9.623,0.22,0
ACC-2026-0489,0845170552,2025-10,Enseignant,288.7,10,0.088,5,0,1.0,0,0,0,0,31.7,2.65,9.623,0.22,0
ACC-2026-0489,0845170552,2025-11,Enseignant,288.7,11,0.088,6,0,1.0,0,0,0,0,31.4,2.65,9.623,0.22,0
ACC-2026-0489,0845170552,2025-12,Enseignant,288.7,12,0.088,7,0,1.0,0,0,0,0,30.93,2.65,9.623,0.22,0
ACC-2026-0489,0845170552,2026-01,Enseignant,288.7,13,0.088,8,0,1.0,0,0,0,0,31.56,2.65,9.623,0.22,0
ACC-2026-0489,0845170552,2026-02,Enseignant,288.7,14,0.088,9,0,1.0,0,1,0,0,29.91,2.65,9.623,0.22,0
ACC-2026-0489,0845170552,2026-03,Enseignant,288.7,15,0.088,10,0,1.0,0,1,0,0,30.86,2.65,9.623,0.22,0
ACC-2026-0489,0845170552,2026-04,Enseignant,288.7,16,0.088,11,0,1.0,0,1,0,0,28.09,2.65,9.623,0.22,0
ACC-2026-0489,0845170552,2026-05,Enseignant,288.7,17,0.088,12,0,1.0,0,1,0,0,28.82,2.65,9.623,0.22,0
ACC-2026-0489,0845170552,2026-06,Enseignant,288.7,18,0.088,13,0,1.0,0,1,0,0,31.53,2.65,9.623,0.22,0
ACC-2026-0489,0845170552,2026-07,Enseignant,288.7,19,0.088,14,0,1.0,0,1,0,0,29.16,2.65,9.623,0.22,0
ACC-2026-0490,0845169777,2025-08,Vendeur de rue,190.57,42,0.33,4,0,1.0,0,0,0,0,7.83,2.64,23.821,0.62,0
ACC-2026-0490,0845169777,2025-09,Vendeur de rue,190.57,43,0.33,5,0,1.0,0,0,0,0,8.39,2.64,23.821,0.62,0
ACC-2026-0490,0845169777,2025-10,Vendeur de rue,190.57,44,0.33,6,0,1.0,0,0,0,0,7.43,2.64,23.821,0.62,0
ACC-2026-0490,0845169777,2025-11,Vendeur de rue,190.57,45,0.33,7,0,1.0,0,0,0,0,8.22,2.64,23.821,0.62,0
ACC-2026-0490,0845169777,2025-12,Vendeur de rue,190.57,46,0.33,7,0,0.8,0,0,1,30,8.12,2.64,23.821,0.62,0
ACC-2026-0490,0845169777,2026-01,Vendeur de rue,190.57,47,0.33,8,0,0.833,0,0,1,0,7.53,2.64,23.821,0.62,0
ACC-2026-0490,0845169777,2026-02,Vendeur de rue,190.57,48,0.33,8,0,0.714,0,0,2,30,7.98,2.64,23.821,0.62,0
ACC-2026-0490,0845169777,2026-03,Vendeur de rue,190.57,49,0.33,9,0,0.75,0,0,2,0,8.41,3.6,23.821,0.62,0
ACC-2026-0490,0845169777,2026-04,Vendeur de rue,190.57,50,0.33,10,0,0.778,0,0,2,0,7.81,3.6,23.821,0.62,0
ACC-2026-0490,0845169777,2026-05,Vendeur de rue,190.57,51,0.33,11,0,0.8,0,0,2,0,8.59,3.6,23.821,0.62,0
ACC-2026-0490,0845169777,2026-06,Vendeur de rue,190.57,52,0.33,12,0,0.818,0,0,2,0,8.48,3.6,23.821,0.62,0
ACC-2026-0490,0845169777,2026-07,Vendeur de rue,190.57,53,0.33,13,0,0.833,0,0,2,0,7.76,3.6,23.821,0.62,1
ACC-2026-0491,0847582236,2025-08,Commercant independant,362.48,17,0.148,1,0,1.0,0,0,0,0,14.83,2.21,24.165,0.36,0
ACC-2026-0491,0847582236,2025-09,Commercant independant,362.48,18,0.148,2,0,1.0,0,0,0,0,15.41,2.21,24.165,0.36,0
ACC-2026-0491,0847582236,2025-10,Commercant independant,362.48,19,0.148,3,0,1.0,0,0,0,0,15.52,2.21,24.165,0.36,0
ACC-2026-0491,0847582236,2025-11,Commercant independant,362.48,20,0.148,4,0,1.0,0,0,0,0,13.8,2.21,24.165,0.36,0
ACC-2026-0491,0847582236,2025-12,Commercant independant,362.48,21,0.148,5,0,1.0,0,1,0,0,14.17,2.21,24.165,0.36,0
ACC-2026-0491,0847582236,2026-01,Commercant independant,362.48,22,0.148,6,0,1.0,0,1,0,0,15.74,2.21,24.165,0.36,0
ACC-2026-0491,0847582236,2026-02,Commercant independant,362.48,23,0.148,7,0,1.0,0,1,0,0,15.91,2.21,24.165,0.36,0
ACC-2026-0491,0847582236,2026-03,Commercant independant,362.48,24,0.148,8,0,1.0,0,1,0,0,14.81,2.21,24.165,0.36,0
ACC-2026-0491,0847582236,2026-04,Commercant independant,362.48,25,0.148,9,0,1.0,0,1,0,0,15.22,2.21,24.165,0.36,0
ACC-2026-0491,0847582236,2026-05,Commercant independant,362.48,26,0.148,10,0,1.0,0,1,0,0,15.61,2.21,24.165,0.36,0
ACC-2026-0491,0847582236,2026-06,Commercant independant,362.48,27,0.148,11,0,1.0,0,1,0,0,15.24,2.21,24.165,0.36,0
ACC-2026-0491,0847582236,2026-07,Commercant independant,362.48,28,0.148,12,0,1.0,0,1,0,0,14.04,2.21,24.165,0.36,1
ACC-2026-0492,0847555515,2025-08,Chauffeur,533.88,50,0.198,1,0,1.0,0,0,0,0,10.01,1.98,53.388,0.42,0
ACC-2026-0492,0847555515,2025-09,Chauffeur,533.88,51,0.198,1,0,0.5,1,0,0,30,10.51,1.98,53.388,0.42,0
ACC-2026-0492,0847555515,2025-10,Chauffeur,533.88,52,0.198,2,0,0.667,1,0,0,0,10.79,1.98,53.388,0.42,0
ACC-2026-0492,0847555515,2025-11,Chauffeur,533.88,53,0.198,3,0,0.75,1,0,0,0,10.79,1.98,53.388,0.42,0
ACC-2026-0492,0847555515,2025-12,Chauffeur,533.88,54,0.198,4,0,0.8,1,0,0,0,9.97,1.98,53.388,0.42,1
ACC-2026-0492,0847555515,2026-01,Chauffeur,533.88,55,0.198,5,0,0.833,1,0,0,0,10.34,1.98,53.388,0.42,1
ACC-2026-0492,0847555515,2026-02,Chauffeur,533.88,56,0.198,6,0,0.857,1,0,0,0,10.09,1.98,53.388,0.42,0
ACC-2026-0492,0847555515,2026-03,Chauffeur,533.88,57,0.198,7,0,0.875,1,0,0,0,9.45,1.98,53.388,0.42,0
ACC-2026-0492,0847555515,2026-04,Chauffeur,533.88,58,0.198,8,0,0.889,1,0,0,0,9.23,1.98,53.388,0.42,0
ACC-2026-0492,0847555515,2026-05,Chauffeur,533.88,59,0.198,9,0,0.9,1,0,0,0,9.25,1.98,53.388,0.42,1
ACC-2026-0492,0847555515,2026-06,Chauffeur,533.88,60,0.198,10,0,0.909,1,0,0,0,9.91,1.98,53.388,0.42,0
ACC-2026-0492,0847555515,2026-07,Chauffeur,533.88,61,0.198,11,0,0.917,1,0,0,0,10.78,1.98,53.388,0.42,0
ACC-2026-0493,0846816315,2025-08,Sans emploi,182.35,60,0.313,4,0,1.0,0,0,0,0,7.41,2.5,22.794,0.78,0
ACC-2026-0493,0846816315,2025-09,Sans emploi,182.35,61,0.313,5,0,1.0,0,0,0,0,7.94,2.5,22.794,0.78,0
ACC-2026-0493,0846816315,2025-10,Sans emploi,182.35,62,0.313,6,0,1.0,0,0,0,0,8.5,2.5,22.794,0.78,0
ACC-2026-0493,0846816315,2025-11,Sans emploi,182.35,63,0.313,7,0,1.0,0,0,0,0,7.81,2.5,22.794,0.78,0
ACC-2026-0493,0846816315,2025-12,Sans emploi,182.35,64,0.313,8,0,1.0,0,0,0,0,8.64,2.5,22.794,0.78,0
ACC-2026-0493,0846816315,2026-01,Sans emploi,182.35,65,0.313,9,0,1.0,0,0,0,0,8.53,2.5,22.794,0.78,0
ACC-2026-0493,0846816315,2026-02,Sans emploi,182.35,66,0.313,10,0,1.0,0,0,0,0,7.38,2.5,22.794,0.78,0
ACC-2026-0493,0846816315,2026-03,Sans emploi,182.35,67,0.313,11,0,1.0,0,0,0,0,7.8,2.5,22.794,0.78,0
ACC-2026-0493,0846816315,2026-04,Sans emploi,182.35,68,0.313,12,0,1.0,0,0,0,0,7.96,2.5,22.794,0.78,0
ACC-2026-0493,0846816315,2026-05,Sans emploi,182.35,69,0.313,12,0,0.9,0,0,1,30,7.62,2.5,22.794,0.78,0
ACC-2026-0493,0846816315,2026-06,Sans emploi,182.35,70,0.313,13,0,0.909,0,0,1,0,8.12,2.5,22.794,0.78,0
ACC-2026-0493,0846816315,2026-07,Sans emploi,182.35,71,0.313,14,0,0.917,0,0,1,0,8.06,2.5,22.794,0.78,1
ACC-2026-0494,0842736381,2025-08,Enseignant,336.84,8,0.172,3,0,1.0,0,0,0,0,9.24,1.72,33.684,0.22,0
ACC-2026-0494,0842736381,2025-09,Enseignant,336.84,9,0.172,4,0,1.0,0,0,0,0,9.25,1.72,33.684,0.22,0
ACC-2026-0494,0842736381,2025-10,Enseignant,336.84,10,0.172,5,0,1.0,0,0,0,0,10.14,1.72,33.684,0.22,0
ACC-2026-0494,0842736381,2025-11,Enseignant,336.84,11,0.172,6,0,1.0,0,0,0,0,9.84,1.72,33.684,0.22,0
ACC-2026-0494,0842736381,2025-12,Enseignant,336.84,12,0.172,7,0,1.0,0,0,0,0,9.7,1.72,33.684,0.22,0
ACC-2026-0494,0842736381,2026-01,Enseignant,336.84,13,0.172,8,0,1.0,0,0,0,0,10.47,1.72,33.684,0.22,0
ACC-2026-0494,0842736381,2026-02,Enseignant,336.84,14,0.172,9,0,1.0,0,0,0,0,9.3,1.72,33.684,0.22,0
ACC-2026-0494,0842736381,2026-03,Enseignant,336.84,15,0.172,10,0,1.0,0,0,0,0,9.45,1.72,33.684,0.22,0
ACC-2026-0494,0842736381,2026-04,Enseignant,336.84,16,0.172,11,0,1.0,0,0,0,0,9.99,1.72,33.684,0.22,0
ACC-2026-0494,0842736381,2026-05,Enseignant,336.84,17,0.172,12,0,1.0,0,0,0,0,10.11,1.72,33.684,0.22,0
ACC-2026-0494,0842736381,2026-06,Enseignant,336.84,18,0.172,13,0,1.0,0,0,0,0,9.86,1.72,33.684,0.22,0
ACC-2026-0494,0842736381,2026-07,Enseignant,336.84,19,0.172,14,0,1.0,0,0,0,0,9.51,1.72,33.684,0.22,0
ACC-2026-0495,0847334944,2025-08,Enseignant,324.4,42,0.084,1,0,1.0,0,0,0,0,28.8,2.51,10.813,0.22,0
ACC-2026-0495,0847334944,2025-09,Enseignant,324.4,43,0.084,2,0,1.0,0,0,0,0,29.39,2.51,10.813,0.22,0
ACC-2026-0495,0847334944,2025-10,Enseignant,324.4,44,0.084,3,0,1.0,0,0,0,0,32.18,2.51,10.813,0.22,0
ACC-2026-0495,0847334944,2025-11,Enseignant,324.4,45,0.084,4,0,1.0,0,0,0,0,30.31,2.51,10.813,0.22,0
ACC-2026-0495,0847334944,2025-12,Enseignant,324.4,46,0.084,5,0,1.0,0,0,0,0,31.68,2.51,10.813,0.22,0
ACC-2026-0495,0847334944,2026-01,Enseignant,324.4,47,0.084,6,0,1.0,0,0,0,0,27.66,2.51,10.813,0.22,0
ACC-2026-0495,0847334944,2026-02,Enseignant,324.4,48,0.084,7,0,1.0,0,0,0,0,30.2,2.51,10.813,0.22,0
ACC-2026-0495,0847334944,2026-03,Enseignant,324.4,49,0.084,8,0,1.0,0,0,0,0,29.94,2.51,10.813,0.22,0
ACC-2026-0495,0847334944,2026-04,Enseignant,324.4,50,0.084,9,0,1.0,0,0,0,0,30.55,2.51,10.813,0.22,0
ACC-2026-0495,0847334944,2026-05,Enseignant,324.4,51,0.084,10,0,1.0,0,0,0,0,28.0,2.51,10.813,0.22,0
ACC-2026-0495,0847334944,2026-06,Enseignant,324.4,52,0.084,11,0,1.0,0,0,0,0,30.25,2.51,10.813,0.22,0
ACC-2026-0495,0847334944,2026-07,Enseignant,324.4,53,0.084,12,0,1.0,0,0,0,0,28.35,2.51,10.813,0.22,0
ACC-2026-0496,0845354050,2025-08,Agriculteur,390.14,20,0.213,4,0,1.0,0,0,0,0,13.97,3.19,26.009,0.46,0
ACC-2026-0496,0845354050,2025-09,Agriculteur,390.14,21,0.213,5,0,1.0,0,1,0,0,14.68,3.19,26.009,0.46,0
ACC-2026-0496,0845354050,2025-10,Agriculteur,390.14,22,0.213,6,0,1.0,0,1,0,0,14.06,3.19,26.009,0.46,0
ACC-2026-0496,0845354050,2025-11,Agriculteur,390.14,23,0.213,7,0,1.0,0,1,0,0,14.71,3.19,26.009,0.46,0
ACC-2026-0496,0845354050,2025-12,Agriculteur,390.14,24,0.213,8,0,1.0,0,1,0,0,14.09,3.19,26.009,0.46,0
ACC-2026-0496,0845354050,2026-01,Agriculteur,390.14,25,0.213,9,0,1.0,0,1,0,0,14.72,3.19,26.009,0.46,0
ACC-2026-0496,0845354050,2026-02,Agriculteur,390.14,26,0.213,10,0,1.0,0,1,0,0,14.02,3.19,26.009,0.46,0
ACC-2026-0496,0845354050,2026-03,Agriculteur,390.14,27,0.213,11,0,1.0,0,1,0,0,14.04,3.19,26.009,0.46,0
ACC-2026-0496,0845354050,2026-04,Agriculteur,390.14,28,0.213,12,0,1.0,0,1,0,0,14.56,3.19,26.009,0.46,0
ACC-2026-0496,0845354050,2026-05,Agriculteur,390.14,29,0.213,13,0,1.0,0,1,0,0,14.14,3.19,26.009,0.46,0
ACC-2026-0496,0845354050,2026-06,Agriculteur,390.14,30,0.213,14,0,1.0,0,1,0,0,15.41,3.19,26.009,0.46,1
ACC-2026-0496,0845354050,2026-07,Agriculteur,390.14,31,0.213,14,0,0.917,0,1,1,30,14.43,3.19,26.009,0.46,0
ACC-2026-0497,0842170387,2025-08,Commercant independant,465.19,72,0.099,1,0,1.0,0,0,0,0,29.24,2.96,15.506,0.36,0
ACC-2026-0497,0842170387,2025-09,Commercant independant,465.19,73,0.099,2,0,1.0,0,0,0,0,30.65,2.96,15.506,0.36,0
ACC-2026-0497,0842170387,2025-10,Commercant independant,465.19,74,0.099,2,0,0.667,0,0,1,30,29.1,2.96,15.506,0.36,0
ACC-2026-0497,0842170387,2025-11,Commercant independant,465.19,75,0.099,2,0,0.5,0,0,2,60,31.18,2.96,15.506,0.36,0
ACC-2026-0497,0842170387,2025-12,Commercant independant,465.19,76,0.099,3,0,0.6,0,0,2,0,29.78,6.56,15.506,0.36,0
ACC-2026-0497,0842170387,2026-01,Commercant independant,465.19,77,0.099,4,0,0.667,0,0,2,0,28.62,6.56,15.506,0.36,0
ACC-2026-0497,0842170387,2026-02,Commercant independant,465.19,78,0.099,5,0,0.714,0,0,2,0,29.3,6.56,15.506,0.36,0
ACC-2026-0497,0842170387,2026-03,Commercant independant,465.19,79,0.099,6,0,0.75,0,0,2,0,32.14,6.56,15.506,0.36,0
ACC-2026-0497,0842170387,2026-04,Commercant independant,465.19,80,0.099,7,0,0.778,0,0,2,0,30.48,6.56,15.506,0.36,0
ACC-2026-0497,0842170387,2026-05,Commercant independant,465.19,81,0.099,8,0,0.8,0,0,2,0,28.67,6.56,15.506,0.36,0
ACC-2026-0497,0842170387,2026-06,Commercant independant,465.19,82,0.099,9,0,0.818,0,0,2,0,30.57,6.56,15.506,0.36,0
ACC-2026-0497,0842170387,2026-07,Commercant independant,465.19,83,0.099,10,0,0.833,0,0,2,0,27.62,6.56,15.506,0.36,0
ACC-2026-0498,0842787488,2025-08,Agriculteur,418.13,51,0.282,5,0,1.0,0,0,0,0,28.49,8.46,13.938,0.46,0
ACC-2026-0498,0842787488,2025-09,Agriculteur,418.13,52,0.282,6,0,1.0,0,1,0,0,31.6,8.46,13.938,0.46,0
ACC-2026-0498,0842787488,2025-10,Agriculteur,418.13,53,0.282,7,0,1.0,0,1,0,0,29.76,8.46,13.938,0.46,1
ACC-2026-0498,0842787488,2025-11,Agriculteur,418.13,54,0.282,8,0,1.0,0,1,0,0,27.82,8.46,13.938,0.46,0
ACC-2026-0498,0842787488,2025-12,Agriculteur,418.13,55,0.282,9,0,1.0,0,1,0,0,30.89,8.46,13.938,0.46,1
ACC-2026-0498,0842787488,2026-01,Agriculteur,418.13,56,0.282,10,0,1.0,0,1,0,0,29.55,8.46,13.938,0.46,0
ACC-2026-0498,0842787488,2026-02,Agriculteur,418.13,57,0.282,11,0,1.0,0,2,0,0,29.15,8.46,13.938,0.46,0
ACC-2026-0498,0842787488,2026-03,Agriculteur,418.13,58,0.282,12,0,1.0,0,2,0,0,27.89,8.46,13.938,0.46,0
ACC-2026-0498,0842787488,2026-04,Agriculteur,418.13,59,0.282,13,0,1.0,0,2,0,0,30.48,8.46,13.938,0.46,0
ACC-2026-0498,0842787488,2026-05,Agriculteur,418.13,60,0.282,14,0,1.0,0,2,0,0,30.4,8.46,13.938,0.46,0
ACC-2026-0498,0842787488,2026-06,Agriculteur,418.13,61,0.282,15,0,1.0,0,2,0,0,27.93,8.46,13.938,0.46,0
ACC-2026-0498,0842787488,2026-07,Agriculteur,418.13,62,0.282,16,0,1.0,0,2,0,0,28.11,8.46,13.938,0.46,0
ACC-2026-0499,0848650324,2025-08,Agriculteur,343.21,63,0.232,3,0,1.0,0,0,0,0,9.7,2.32,34.321,0.46,0
ACC-2026-0499,0848650324,2025-09,Agriculteur,343.21,64,0.232,4,0,1.0,0,0,0,0,9.26,2.32,34.321,0.46,0
ACC-2026-0499,0848650324,2025-10,Agriculteur,343.21,65,0.232,5,0,1.0,0,0,0,0,9.91,2.32,34.321,0.46,0
ACC-2026-0499,0848650324,2025-11,Agriculteur,343.21,66,0.232,6,0,1.0,0,0,0,0,10.79,2.32,34.321,0.46,1
ACC-2026-0499,0848650324,2025-12,Agriculteur,343.21,67,0.232,7,0,1.0,0,0,0,0,9.63,2.32,34.321,0.46,0
ACC-2026-0499,0848650324,2026-01,Agriculteur,343.21,68,0.232,8,0,1.0,0,0,0,0,9.73,2.32,34.321,0.46,0
ACC-2026-0499,0848650324,2026-02,Agriculteur,343.21,69,0.232,9,0,1.0,0,0,0,0,9.57,2.32,34.321,0.46,0
ACC-2026-0499,0848650324,2026-03,Agriculteur,343.21,70,0.232,10,0,1.0,0,0,0,0,9.85,2.32,34.321,0.46,0
ACC-2026-0499,0848650324,2026-04,Agriculteur,343.21,71,0.232,11,0,1.0,0,0,0,0,9.57,2.32,34.321,0.46,0
ACC-2026-0499,0848650324,2026-05,Agriculteur,343.21,72,0.232,12,0,1.0,0,0,0,0,10.51,2.32,34.321,0.46,0
ACC-2026-0499,0848650324,2026-06,Agriculteur,343.21,73,0.232,13,0,1.0,0,0,0,0,10.6,2.32,34.321,0.46,0
ACC-2026-0499,0848650324,2026-07,Agriculteur,343.21,74,0.232,14,0,1.0,0,0,0,0,10.14,2.32,34.321,0.46,0
ACC-2026-0500,0846838196,2025-08,Enseignant,373.61,50,0.037,5,0,1.0,0,0,0,0,31.59,1.11,12.454,0.22,0
ACC-2026-0500,0846838196,2025-09,Enseignant,373.61,51,0.037,6,0,1.0,0,0,0,0,30.33,1.11,12.454,0.22,0
ACC-2026-0500,0846838196,2025-10,Enseignant,373.61,52,0.037,7,0,1.0,0,0,0,0,28.91,1.11,12.454,0.22,0
ACC-2026-0500,0846838196,2025-11,Enseignant,373.61,53,0.037,8,0,1.0,0,0,0,0,28.54,1.11,12.454,0.22,0
ACC-2026-0500,0846838196,2025-12,Enseignant,373.61,54,0.037,9,0,1.0,0,0,0,0,30.13,1.11,12.454,0.22,0
ACC-2026-0500,0846838196,2026-01,Enseignant,373.61,55,0.037,10,0,1.0,0,0,0,0,30.58,1.11,12.454,0.22,0
ACC-2026-0500,0846838196,2026-02,Enseignant,373.61,56,0.037,11,0,1.0,0,0,0,0,29.78,1.11,12.454,0.22,0
ACC-2026-0500,0846838196,2026-03,Enseignant,373.61,57,0.037,12,0,1.0,0,0,0,0,32.2,1.11,12.454,0.22,0
ACC-2026-0500,0846838196,2026-04,Enseignant,373.61,58,0.037,13,0,1.0,0,0,0,0,31.27,1.11,12.454,0.22,0
ACC-2026-0500,0846838196,2026-05,Enseignant,373.61,59,0.037,14,0,1.0,0,0,0,0,29.67,1.11,12.454,0.22,0
ACC-2026-0500,0846838196,2026-06,Enseignant,373.61,60,0.037,15,0,1.0,0,0,0,0,31.79,1.11,12.454,0.22,0
ACC-2026-0500,0846838196,2026-07,Enseignant,373.61,61,0.037,16,0,1.0,0,0,0,0,31.83,1.11,12.454,0.22,0
